Q	Qn	a	k_lo	k_hi	W	S	N_A	N_A_sec	twins	twins_sec	surv	surv_sec	ok	sum_fresh	R	R_sec	prod	maxDf	gDf	NcurDf	freshDf	maxDr	gDr	maxDfs	gDfs	NcurDfs	freshDfs	E_win	E_sec	top_max	room	pct_mean	pct_sec_mean	maxDl	gDl	NliveDl	pct_live_mean	E_live
23	29	19	5	139	135	51	29	8	29	8	29	8	1	0	1.0952	1.0952	0.9130	-2.5217	23	29	0	-2.5217	23	-0.6957	23	8	0	0.0000	0.0000	2.5217	3.2763	0.9545	0.5455	-0.6957	23	8	0.5455	0.0000
29	31	19	6	159	154	19	33	4	30	2	30	2	1	3	1.0694	0.5882	0.8501	-1.1379	29	31	1	-1.2759	29	1.6522	23	4	2	0.0000	0.4130	1.1379	3.3341	0.6786	0.7094	0.8696	23	13	0.7192	0.3313
31	37	19	6	227	222	67	49	16	41	11	41	11	1	8	1.0522	0.8645	0.7952	-2.6452	31	41	0	-3.1613	31	2.0345	29	14	3	0.0199	0.1834	2.6452	3.6627	0.5489	0.7780	2.8276	29	17	0.7812	0.2173
37	41	19	7	279	273	51	59	9	48	7	48	7	1	11	1.0815	1.0339	0.7522	-2.2258	31	50	1	-2.8065	31	-0.5517	29	8	0	0.0051	0.0846	2.2258	3.7928	0.5656	0.3782	2.2069	29	26	0.6667	0.1971
41	43	19	8	307	300	27	65	6	50	3	50	3	1	15	1.0750	0.6988	0.7156	-2.4390	41	50	0	-2.1935	31	0.7838	37	4	1	0.0211	0.4291	2.4390	3.8397	0.6041	0.7260	2.7931	29	32	0.6632	0.2589
43	47	19	8	367	360	59	80	14	61	11	61	11	1	19	1.1176	1.1516	0.6823	-3.0244	41	62	0	-1.3243	37	1.1613	31	13	2	0.0005	0.0893	3.0244	3.9997	0.5127	0.6197	1.8276	29	46	0.6332	0.1717
47	53	19	9	467	459	99	107	26	74	13	74	13	1	33	1.0587	0.7654	0.6532	-2.1915	47	75	1	-1.9032	31	2.2558	43	16	3	0.0066	0.3057	2.1915	4.2470	0.4060	0.5474	2.6512	43	29	0.7088	0.2512
53	59	19	10	579	570	111	131	24	87	13	87	13	1	44	1.0565	0.8617	0.6286	-3.2830	53	87	0	-2.9434	53	1.2558	43	16	2	0.0280	0.2225	3.2830	4.4109	0.5701	0.4794	3.9070	43	45	0.6631	0.2242
59	61	19	11	619	609	39	137	7	91	5	91	5	1	46	1.0938	1.1762	0.6073	-3.4340	53	91	0	-3.1698	53	0.7209	43	6	1	0.0350	0.1761	3.4340	4.4212	0.6238	0.4152	4.6279	43	51	0.5991	0.1940
61	67	19	11	747	737	127	170	32	110	19	110	19	1	60	1.1016	1.0109	0.5874	-3.7966	59	112	0	-2.9677	31	2.1321	53	23	3	0.0196	0.1396	3.7966	4.6037	0.6007	0.4672	3.5116	43	75	0.5830	0.2032
67	71	19	12	839	828	91	192	22	121	11	121	11	1	71	1.1060	0.8774	0.5698	-3.3051	59	127	1	-2.3871	31	-1.9130	23	22	0	0.0218	0.3374	3.3051	4.6951	0.6565	0.5525	4.6744	43	93	0.4986	0.2751
71	73	19	13	887	875	47	202	10	123	3	123	3	1	79	1.0995	0.5417	0.5538	-3.4068	59	130	1	-1.6226	53	1.4839	31	8	2	0.0325	0.7878	3.4068	4.7173	0.6401	0.6281	4.4419	43	98	0.6285	0.4734
73	79	19	13	1039	1027	151	238	36	138	15	138	15	1	100	1.0765	0.7736	0.5386	-3.7808	73	138	0	-2.6957	23	3.1321	53	23	4	0.0488	0.3772	3.7808	4.8535	0.6891	0.4899	5.2791	43	123	0.6009	0.2838
79	83	19	14	1147	1134	107	263	25	152	14	152	14	1	111	1.1009	1.0667	0.5250	-4.1644	73	152	0	-2.8696	23	-1.3548	31	21	0	0.0442	0.1552	4.1644	4.9277	0.6961	0.4148	5.3488	43	143	0.6235	0.2488
83	89	19	15	1319	1305	171	301	37	166	14	166	14	1	135	1.0765	0.7386	0.5123	4.4194	31	257	21	3.5211	71	2.9355	31	32	5	0.0541	0.4024	4.2025	5.0383	0.7253	0.4480	6.1613	31	230	0.6392	0.2768
89	97	19	16	1567	1552	247	360	58	187	21	187	21	1	173	1.0372	0.7230	0.5008	3.7612	67	209	10	5.2537	67	2.9565	23	58	8	0.0663	0.4098	3.7612	5.1946	0.7476	0.5827	7.0149	67	100	0.5905	0.3134
97	101	19	17	1699	1683	131	395	34	202	15	202	15	1	193	1.0426	0.8995	0.4905	4.4516	31	334	26	4.2090	67	1.8293	41	24	3	0.0633	0.3235	4.1649	5.2665	0.6951	0.5419	6.5075	67	117	0.6517	0.2834
101	103	19	18	1767	1750	67	408	14	208	7	208	7	1	200	1.0604	1.0400	0.4808	4.7419	31	345	27	3.8209	67	1.4054	37	11	2	0.0590	0.3559	4.2887	5.2789	0.6545	0.4902	6.4194	31	319	0.6766	0.2598
103	107	19	18	1907	1890	139	440	31	218	10	218	10	1	222	1.0509	0.6842	0.4714	-4.5361	97	220	0	3.8657	67	2.1489	47	20	3	0.0576	0.5681	4.5361	5.3348	0.6378	0.6097	5.7910	67	141	0.7087	0.3579
107	109	19	19	1979	1961	71	458	18	223	6	223	6	1	235	1.0525	0.7205	0.4626	-4.6598	97	226	0	4.3284	67	1.6271	59	11	2	0.0646	0.6114	4.6598	5.3560	0.6605	0.5640	6.5224	67	150	0.7001	0.4399
109	113	19	19	2127	2109	147	494	36	234	11	234	11	1	260	1.0430	0.6728	0.4541	-4.2936	109	234	0	4.0845	71	1.6203	79	15	2	0.0686	0.6046	4.2936	5.4132	0.6745	0.6085	6.0000	43	301	0.7090	0.3365
113	127	19	20	2687	2668	559	626	132	276	42	276	42	1	350	0.9883	0.7133	0.4461	5.4884	43	441	26	4.3134	67	-3.2759	29	120	5	0.0751	0.3855	4.8850	5.6321	0.6123	0.7002	7.6279	43	395	0.8588	0.3722
127	131	19	22	2859	2838	171	662	35	288	12	288	12	1	374	0.9908	0.7809	0.4391	6.0755	53	422	22	5.0189	53	2.0943	53	24	3	0.0765	0.5089	5.1150	5.6722	0.5888	0.5155	8.7170	53	352	0.8519	0.4113
131	137	19	23	3127	3105	267	728	65	315	27	315	27	1	413	1.0007	0.9607	0.4324	-5.6460	113	319	0	-4.9677	31	-2.6774	31	57	1	0.0652	0.2522	5.6460	5.7518	0.5731	0.5275	8.0189	53	397	0.8680	0.3878
137	139	19	24	3219	3196	91	749	22	320	6	320	6	1	429	1.0028	0.6401	0.4261	5.1628	43	534	30	-5.3226	31	1.7108	83	12	2	0.0682	0.7540	4.7522	5.7656	0.6097	0.5763	7.4528	53	412	0.8431	0.3770
139	149	19	24	3699	3676	479	858	108	365	45	365	45	1	493	1.0130	0.9922	0.4199	-5.6372	113	375	1	-5.3548	31	-1.9024	41	80	2	0.0618	0.1738	5.6372	5.8869	0.5953	0.4674	7.7358	53	484	0.7786	0.3044
149	151	19	26	3799	3774	99	881	23	374	10	374	10	1	507	1.0247	1.0495	0.4143	4.9180	61	521	22	-4.8387	31	0.8523	149	11	1	0.0607	0.3373	4.8319	5.8999	0.6203	0.4789	7.7377	61	435	0.7590	0.3480
151	157	19	26	4107	4082	307	953	72	394	20	394	20	1	559	1.0113	0.6795	0.4088	5.8302	53	614	29	-6.4839	31	2.4483	29	66	7	0.0750	0.5217	5.2743	5.9651	0.7012	0.5895	8.3962	53	546	0.7943	0.3432
157	163	19	27	4427	4401	319	1029	76	411	17	411	17	1	618	0.9896	0.5542	0.4036	8.0943	53	660	33	-4.3871	31	3.4419	43	55	6	0.0920	0.6825	5.6637	6.0290	0.7088	0.6194	10.6604	53	592	0.7814	0.3984
163	167	19	28	4647	4620	219	1080	50	432	21	432	21	1	648	1.0034	1.0536	0.3986	8.0465	43	773	44	-5.3784	37	-2.2414	29	47	1	0.0817	0.3064	6.1062	6.0650	0.6661	0.5459	10.2642	53	629	0.7809	0.3556
167	173	19	29	4987	4959	339	1160	79	455	23	455	23	1	705	0.9959	0.7392	0.3939	8.3284	67	659	28	-6.7027	37	2.6810	163	26	3	0.0884	0.4461	5.6726	6.1244	0.7148	0.5043	11.4627	67	554	0.7688	0.3832
173	179	19	30	5339	5310	351	1241	80	480	25	480	25	1	761	0.9935	0.8027	0.3893	7.9552	67	705	29	-6.0811	37	2.7021	47	54	5	0.0871	0.4063	5.7605	6.1803	0.7101	0.5091	11.0896	67	600	0.7869	0.3821
179	181	19	31	5459	5429	119	1271	31	492	13	492	13	1	779	1.0055	1.0893	0.3850	7.3881	67	724	29	-6.7027	37	1.6699	103	17	2	0.0844	0.4265	4.9281	6.1930	0.7343	0.5395	10.4925	67	620	0.7548	0.3986
181	191	19	31	6079	6049	619	1414	143	541	49	541	49	1	873	1.0050	0.9000	0.3807	7.8507	67	809	32	-5.4324	37	-2.2195	41	107	3	0.0766	0.2261	5.5629	6.2885	0.7108	0.4419	10.9552	67	705	0.7649	0.3212
191	193	19	33	6207	6175	127	1445	31	547	7	547	7	1	898	1.0048	0.5994	0.3767	7.5254	59	899	38	-6.1081	37	1.5068	73	18	2	0.0772	0.8175	5.0663	6.2996	0.6992	0.5298	10.3881	67	724	0.7821	0.4384
193	197	19	33	6467	6435	259	1504	59	567	20	567	20	1	937	1.0112	0.9092	0.3728	7.2090	67	864	33	-6.2973	37	-3.0968	31	48	0	0.0744	0.3789	5.8756	6.3292	0.6902	0.4856	10.2836	67	761	0.7991	0.3664
197	199	19	34	6599	6566	131	1533	29	574	8	574	8	1	959	1.0146	0.7475	0.3690	7.2264	53	1001	45	-6.9032	31	1.7699	113	13	2	0.0750	0.6821	5.9482	6.3381	0.6914	0.5149	9.7164	67	780	0.8011	0.3549
199	211	19	34	7419	7386	819	1729	196	626	52	626	52	1	1103	0.9910	0.7262	0.3653	10.6596	47	1183	61	-9.5484	31	3.4681	47	130	9	0.0871	0.3861	6.2915	6.4483	0.6949	0.5577	12.8723	47	1131	0.7846	0.3368
211	223	19	36	8287	8252	867	1929	199	685	59	685	59	1	1244	0.9813	0.8193	0.3619	9.7447	47	1322	66	-7.4516	31	-4.3043	23	199	13	0.0869	0.3101	6.0051	6.5483	0.6976	0.5321	11.9574	47	1270	0.8211	0.3452
223	227	19	38	8587	8550	299	2002	72	708	23	708	23	1	1294	0.9861	0.8908	0.3586	9.7170	53	1306	59	-8.1613	31	-2.0851	47	49	0	0.0877	0.4127	5.3587	6.5764	0.7186	0.4899	12.5373	67	1054	0.8190	0.3585
227	229	19	39	8739	8701	151	2033	32	716	9	716	9	1	1317	0.9908	0.7912	0.3555	10.0755	53	1323	60	-6.1613	31	2.2174	23	32	5	0.0887	0.6887	6.3084	6.5829	0.7213	0.4944	12.4906	53	1259	0.8018	0.3419
229	233	19	39	9047	9009	307	2108	74	732	16	732	16	1	1376	0.9855	0.6136	0.3524	10.1233	73	1127	41	-5.1148	61	1.9041	73	40	3	0.0903	0.7148	5.5736	6.6104	0.7175	0.5982	13.2740	73	1012	0.8256	0.4633
233	239	19	40	9519	9480	471	2215	106	764	32	764	32	1	1451	0.9874	0.8642	0.3493	10.9104	67	1276	49	-5.6230	61	2.6047	43	73	6	0.0915	0.4069	5.9289	6.6513	0.7236	0.5339	13.9254	67	1175	0.8143	0.3852
239	241	19	41	9679	9639	159	2252	37	772	9	772	9	1	1480	0.9896	0.7022	0.3464	11.2836	67	1297	50	5.1371	197	1.6699	103	17	2	0.0909	0.7581	5.7773	6.6594	0.7033	0.5068	14.2687	67	1197	0.8076	0.5378
241	251	19	41	10499	10459	819	2445	193	818	46	818	46	1	1627	0.9739	0.6938	0.3435	12.0299	67	1406	54	-4.3282	131	3.0470	149	71	4	0.0948	0.4759	5.7967	6.7333	0.6908	0.6061	15.0149	67	1306	0.8409	0.4159
251	257	19	43	11007	10965	507	2562	116	851	33	851	33	1	1711	0.9747	0.8348	0.3408	11.9403	67	1476	56	-5.3094	181	-3.3226	31	98	3	0.0963	0.4426	6.7809	6.7721	0.6989	0.5361	14.9254	67	1376	0.8177	0.3742
257	263	19	44	11527	11484	519	2683	120	878	27	878	27	1	1805	0.9678	0.6654	0.3381	13.0000	53	1749	79	-6.0968	31	3.4138	29	110	11	0.0980	0.5699	6.3503	6.8104	0.6913	0.5579	15.8356	73	1320	0.8488	0.4405
263	269	19	45	12059	12015	531	2810	127	921	43	921	43	1	1889	0.9767	1.0090	0.3356	13.6027	73	1511	55	-6.0497	181	-3.0435	23	127	8	0.0920	0.2753	7.0038	6.8490	0.6940	0.4861	16.7260	73	1397	0.8454	0.3713
269	271	19	46	12239	12194	179	2848	39	927	7	927	7	1	1921	0.9772	0.5389	0.3331	13.0000	73	1533	55	-6.4696	181	1.9056	233	11	2	0.0950	1.0453	7.0570	6.8550	0.7027	0.5639	16.0959	73	1420	0.8405	0.4979
271	277	19	46	12787	12742	547	2975	126	957	30	957	30	1	2018	0.9730	0.7201	0.3306	15.1096	73	1602	59	-5.4198	131	-2.4590	61	75	0	0.0990	0.5128	7.2928	6.8912	0.7053	0.5611	18.2055	73	1489	0.8390	0.4093
277	281	19	47	13159	13113	371	3064	89	977	20	977	20	1	2087	0.9715	0.6846	0.3282	14.3396	53	2005	90	5.5857	251	1.8088	251	24	2	0.1003	0.6672	7.4525	6.9134	0.7088	0.5819	16.8356	73	1539	0.8688	0.4389
281	283	19	48	13347	13300	187	3105	41	988	12	988	12	1	2117	0.9764	0.8981	0.3259	15.2453	53	2034	92	-5.3094	181	-2.2581	31	35	0	0.1015	0.6194	7.5361	6.9196	0.7141	0.5176	17.5472	53	1973	0.8529	0.4135
283	293	19	48	14307	14260	959	3332	227	1056	68	1056	68	1	2276	0.9794	0.9257	0.3236	14.3962	53	2189	97	-6.2459	61	-3.5616	73	130	0	0.0993	0.2830	8.0760	6.9831	0.7190	0.5218	17.5060	83	1556	0.8742	0.3681
293	307	19	50	15707	15658	1399	3661	328	1144	88	1144	88	1	2517	0.9723	0.8348	0.3214	14.8028	71	2066	73	6.8732	71	4.0000	137	137	6	0.1014	0.2881	8.7985	7.0704	0.7305	0.5128	17.8732	71	1957	0.8697	0.3558
307	311	19	52	16119	16068	411	3755	93	1166	22	1166	22	1	2589	0.9725	0.7409	0.3193	15.6867	83	1922	62	-6.2581	31	1.7952	83	50	3	0.1022	0.6237	8.9886	7.0892	0.7235	0.5653	19.0843	83	1781	0.8628	0.3870
311	313	19	53	16327	16275	207	3808	54	1183	18	1183	18	1	2625	0.9793	1.0507	0.3172	15.0361	83	1949	62	-5.6774	31	1.7990	199	20	2	0.1010	0.4560	9.1179	7.0968	0.7390	0.4952	18.4096	83	1809	0.8453	0.3533
313	317	19	53	16747	16695	419	3907	98	1207	24	1207	24	1	2700	0.9801	0.7769	0.3152	15.7108	83	2004	64	-5.1713	181	-2.6809	47	63	0	0.1000	0.6058	8.1472	7.1160	0.7260	0.5411	19.0843	83	1864	0.8234	0.4026
317	331	19	54	18259	18206	1511	4261	354	1295	88	1295	88	1	2966	0.9703	0.7936	0.3132	15.9639	83	2201	69	-6.0829	181	-6.0000	43	258	6	0.1011	0.3563	10.4172	7.1964	0.7432	0.5668	19.3373	83	2061	0.8603	0.3443
331	337	19	56	18927	18872	667	4420	158	1336	41	1336	41	1	3084	0.9709	0.8335	0.3113	14.1831	71	2514	85	6.7809	251	3.4648	71	90	6	0.1002	0.4283	8.4487	7.2270	0.7413	0.5036	17.3614	83	2143	0.8749	0.3357
337	347	19	57	20067	20011	1139	4687	266	1406	70	1406	70	1	3281	0.9693	0.8503	0.3095	16.1233	73	2587	87	-6.8814	59	-3.9322	59	175	2	0.0978	0.3731	8.1061	7.2797	0.7173	0.5791	19.1644	73	2476	0.8614	0.3372
347	349	19	59	20299	20241	231	4737	51	1419	14	1419	14	1	3318	0.9735	0.8921	0.3077	-15.7317	41	3582	159	-6.5763	59	2.6897	29	48	6	0.0980	0.6454	8.1787	7.2845	0.7318	0.5111	18.3699	73	2505	0.8380	0.3285
349	353	19	59	20767	20709	467	4850	112	1448	29	1448	29	1	3402	0.9759	0.8464	0.3059	15.4217	83	2514	76	-6.4068	59	4.4186	43	77	8	0.0980	0.4828	8.2980	7.3024	0.7432	0.4954	18.7711	83	2375	0.8456	0.3368
353	359	19	60	21479	21420	711	5013	163	1483	35	1483	35	1	3530	0.9725	0.7059	0.3042	15.3014	73	2763	91	-5.9322	59	2.8261	23	163	17	0.1024	0.5464	8.4986	7.3297	0.7700	0.5205	18.3151	73	2653	0.8561	0.3258
359	367	19	61	22447	22387	967	5243	229	1539	56	1539	56	1	3704	0.9703	0.8084	0.3025	17.3373	83	2725	83	-5.9337	181	-4.5517	29	211	10	0.1020	0.4331	7.8991	7.3690	0.7843	0.5259	20.6867	83	2586	0.8566	0.3426
367	373	19	62	23187	23126	739	5417	174	1580	41	1580	41	1	3837	0.9695	0.7832	0.3009	17.0241	83	2821	85	-5.8564	181	3.8696	23	174	19	0.1009	0.5020	8.1527	7.3962	0.7659	0.5765	20.3735	83	2682	0.8441	0.3702
373	379	19	63	23939	23877	751	5588	170	1619	39	1619	39	1	3969	0.9682	0.7666	0.2992	-16.9024	41	4221	189	-8.5854	41	-3.3415	41	130	3	0.1049	0.5293	8.6810	7.4219	0.7780	0.5130	20.2048	83	2772	0.8535	0.3497
379	383	19	64	24447	24384	507	5708	119	1645	26	1645	26	1	4063	0.9682	0.7340	0.2977	17.4247	73	3160	104	-6.0718	181	2.7073	41	88	7	0.1048	0.6251	8.8204	7.4378	0.7801	0.5749	20.4384	73	3050	0.8681	0.3483
383	389	19	65	25219	25155	771	5888	179	1694	49	1694	49	1	4194	0.9716	0.9245	0.2961	17.5205	73	3266	107	7.1928	223	-4.0930	43	131	2	0.1054	0.3985	8.9956	7.4637	0.7830	0.5083	20.5342	73	3156	0.8442	0.3321
389	397	19	66	26267	26202	1047	6133	245	1760	66	1760	66	1	4373	0.9741	0.9145	0.2946	17.6849	73	3406	111	-6.6774	31	-5.3043	23	245	16	0.1019	0.3372	9.2115	7.4993	0.7809	0.5454	20.6986	73	3296	0.8367	0.3175
397	401	19	67	26799	26733	531	6256	123	1789	29	1789	29	1	4467	0.9756	0.8044	0.2931	16.1807	83	3271	95	-7.9346	107	1.9725	109	56	3	0.1006	0.5347	9.3473	7.5141	0.7812	0.5015	19.5301	83	3132	0.8619	0.3501
401	409	19	68	27879	27812	1079	6508	251	1843	54	1843	54	1	4665	0.9710	0.7377	0.2916	19.8493	73	3619	119	-7.6449	107	-4.8261	23	251	17	0.1024	0.4949	10.1278	7.5486	0.7758	0.5731	22.8630	73	3509	0.8918	0.3511
409	419	19	69	29259	29191	1379	6833	325	1903	60	1903	60	1	4930	0.9596	0.6361	0.2902	21.3014	73	3785	125	-5.7196	107	4.7241	29	294	25	0.1071	0.5541	10.3524	7.5924	0.7488	0.5696	24.3151	73	3675	0.8657	0.3568
419	421	19	71	29539	29469	279	6894	62	1926	24	1926	24	1	4968	0.9673	1.3402	0.2888	21.2603	73	3823	126	-6.8598	107	-2.0465	43	44	0	0.1028	0.3643	10.0705	7.5965	0.7523	0.5068	24.2466	73	3714	0.8698	0.3833
421	431	19	71	30959	30889	1419	7229	334	2016	90	2016	90	1	5213	0.9701	0.9374	0.2875	18.8356	73	4021	129	-9.0508	59	-5.7872	47	230	4	0.1007	0.3007	9.9427	7.6392	0.7667	0.5073	21.8219	73	3912	0.8445	0.3471
431	433	19	73	31247	31175	287	7295	67	2034	19	2034	19	1	5261	0.9745	0.9911	0.2861	18.8767	73	4056	130	-7.2881	59	-1.8261	23	67	4	0.1003	0.5048	9.7489	7.6436	0.7789	0.4940	21.8356	73	3948	0.8312	0.3342
433	439	19	73	32119	32047	871	7503	207	2078	44	2078	44	1	5425	0.9724	0.7463	0.2848	17.6986	73	4172	132	-7.3390	59	-4.9302	43	149	2	0.1031	0.5669	10.1762	7.6671	0.7942	0.5823	20.6575	73	4064	0.8231	0.3256
439	443	19	74	32707	32634	587	7637	133	2101	23	2101	23	1	5536	0.9704	0.6100	0.2835	17.8630	73	4239	134	-8.8814	59	4.0323	31	108	11	0.1048	0.8032	9.8502	7.6802	0.7797	0.5540	20.8219	73	4131	0.8286	0.3700
443	449	19	75	33599	33525	891	7846	208	2147	46	2147	46	1	5699	0.9696	0.7836	0.2822	17.6027	73	4358	137	-7.6542	107	3.7021	47	148	10	0.1063	0.5620	11.2775	7.7027	0.7770	0.5831	20.5616	73	4250	0.8290	0.3535
449	457	19	76	34807	34732	1207	8131	284	2217	70	2217	70	1	5914	0.9704	0.8772	0.2810	17.9726	73	4527	142	-6.7191	89	-3.6279	43	207	6	0.1042	0.3587	10.3436	7.7339	0.7810	0.4974	20.9315	73	4419	0.8495	0.3594
457	461	19	77	35419	35343	611	8274	142	2250	33	2250	33	1	6024	0.9721	0.8308	0.2797	17.8356	73	4605	144	-7.4265	211	4.7297	37	116	11	0.1040	0.5254	9.8468	7.7470	0.7791	0.4935	20.8523	149	2991	0.8379	0.3509
461	463	19	78	35727	35650	307	8344	70	2259	10	2259	10	1	6085	0.9720	0.5129	0.2785	16.9315	73	4638	144	-7.0900	211	2.6552	29	63	7	0.1062	1.1000	9.8862	7.7511	0.7806	0.5657	21.4899	149	3018	0.8276	0.3545
463	467	19	78	36347	36270	619	8494	149	2289	30	2289	30	1	6205	0.9717	0.7260	0.2773	18.6849	73	4720	148	-7.7664	107	2.6502	263	46	3	0.1064	0.6809	10.0175	7.7645	0.7737	0.5264	21.8583	127	3438	0.8251	0.3495
467	479	19	79	38239	38161	1891	8937	442	2389	100	2389	100	1	6548	0.9681	0.8193	0.2761	20.0361	83	4688	133	-6.8315	89	3.5652	23	442	42	0.1063	0.3422	10.3774	7.8111	0.7640	0.5247	23.3133	83	4552	0.8246	0.3522
479	487	19	81	39527	39447	1287	9238	301	2463	74	2463	74	1	6775	0.9696	0.8940	0.2750	19.3253	83	4842	136	-6.6729	107	3.7151	179	115	5	0.1051	0.3677	10.7028	7.8400	0.7741	0.5408	22.6024	83	4706	0.8345	0.3254
487	491	19	82	40179	40098	651	9389	151	2487	24	2487	24	1	6902	0.9672	0.5804	0.2739	19.2877	73	5209	162	-6.9936	313	3.3433	67	89	6	0.1070	0.8727	10.8200	7.8521	0.7778	0.5690	22.2192	73	5102	0.8464	0.3753
491	499	19	83	41499	41417	1319	9697	307	2557	70	2557	70	1	7140	0.9668	0.8360	0.2727	21.2466	73	5393	169	-6.9617	313	-4.0968	31	265	13	0.1055	0.4291	11.1497	7.8803	0.7838	0.5571	24.1781	73	5286	0.8721	0.3739
499	503	19	84	42167	42084	667	9850	153	2585	28	2585	28	1	7265	0.9661	0.6737	0.2716	20.0822	73	5472	170	-7.3817	131	4.0233	43	107	9	0.1072	0.7339	10.3607	7.8920	0.7761	0.5495	23.0137	73	5365	0.8778	0.3593
503	509	19	85	43179	43095	1011	10093	242	2631	46	2631	46	1	7462	0.9635	0.7025	0.2706	20.2466	73	5612	174	-8.6682	211	3.9827	173	88	5	0.1098	0.6176	10.4881	7.9124	0.7818	0.5710	23.1781	73	5505	0.8684	0.3618
509	521	19	86	45239	45154	2059	10575	481	2740	109	2740	109	1	7835	0.9614	0.8409	0.2695	20.5479	73	5893	182	-7.4059	101	4.8375	277	161	6	0.1082	0.3519	12.0036	7.9551	0.7732	0.5349	23.4795	73	5786	0.8652	0.3432
521	523	19	88	45587	45500	347	10658	84	2760	21	2760	21	1	7898	0.9646	0.9312	0.2685	21.4521	73	5933	184	8.2791	43	4.3023	43	58	7	0.1075	0.6288	11.8159	7.9590	0.7792	0.5058	24.3562	73	5827	0.8688	0.3369
523	541	19	88	48779	48692	3191	11394	735	2917	157	2917	157	1	8477	0.9573	0.7987	0.2674	19.4932	73	6333	193	-7.0000	211	6.2233	103	349	13	0.1058	0.3322	12.2130	8.0220	0.7631	0.5326	24.5491	173	3845	0.8537	0.3319
541	547	19	91	49867	49777	1087	11655	260	2962	45	2962	45	1	8693	0.9538	0.6496	0.2665	19.3526	173	4381	70	-7.4739	211	-3.2759	29	236	13	0.1092	0.6582	13.7148	8.0409	0.7753	0.5484	24.4624	173	3939	0.8679	0.3583
547	557	19	92	51707	51616	1839	12094	438	3061	99	3061	99	1	9033	0.9534	0.8514	0.2655	20.8356	73	6722	205	-7.6412	131	-6.6512	43	315	8	0.1086	0.3589	15.7112	8.0742	0.7754	0.5230	25.4393	173	4114	0.8850	0.3378
557	563	19	94	52827	52734	1119	12355	261	3115	54	3115	54	1	9240	0.9531	0.7821	0.2645	21.1850	173	4655	75	-6.9457	313	3.8108	37	207	15	0.1098	0.5320	10.3967	8.0920	0.7752	0.5603	26.2948	173	4213	0.8840	0.3457
563	569	19	95	53959	53865	1131	12620	265	3186	71	3186	71	1	9434	0.9578	1.0165	0.2636	20.9249	173	4764	76	-6.6209	211	-3.0435	23	265	20	0.1074	0.2851	11.3179	8.1097	0.7877	0.4788	26.0347	173	4322	0.8838	0.3231
569	571	19	96	54339	54244	379	12707	87	3206	21	3206	21	1	9501	0.9606	0.9190	0.2627	22.4740	173	4803	78	-6.5094	53	3.0968	31	76	8	0.1051	0.7070	11.3961	8.1130	0.7674	0.5357	27.5723	173	4362	0.8663	0.4023
571	577	19	96	55487	55392	1147	12973	266	3273	67	3273	67	1	9700	0.9639	0.9623	0.2617	21.8405	163	5066	84	-7.9668	211	-3.7586	29	243	13	0.1041	0.3574	11.6341	8.1302	0.7876	0.4982	26.7117	163	4669	0.8773	0.3255
577	587	19	97	57427	57331	1939	13424	451	3355	82	3355	82	1	10069	0.9582	0.6971	0.2608	23.6442	163	5245	88	-8.2417	211	-3.2676	71	258	4	0.1055	0.4956	11.6291	8.1609	0.7861	0.5257	28.5153	163	4848	0.8891	0.3364
587	593	19	99	58607	58509	1179	13706	281	3407	52	3407	52	1	10299	0.9563	0.7119	0.2599	24.2454	163	5359	90	-8.9147	211	-4.9149	47	186	3	0.1059	0.6145	10.9440	8.1783	0.7825	0.5780	29.1166	163	4962	0.8914	0.3528
593	599	19	100	59799	59700	1191	13984	277	3467	60	3467	60	1	10517	0.9570	0.8361	0.2591	22.8344	163	5474	90	-7.3546	313	-3.5738	61	170	2	0.1043	0.4748	11.6931	8.1950	0.7851	0.5434	27.7055	163	5077	0.9009	0.3524
599	601	19	101	60199	60099	399	14077	94	3486	20	3486	20	1	10591	0.9591	0.8240	0.2582	22.3313	163	5515	90	-8.5468	139	-2.4146	41	70	1	0.1044	0.7020	11.7572	8.1983	0.7729	0.5168	27.2948	173	4905	0.8905	0.3491
601	607	19	101	61407	61307	1207	14358	281	3538	52	3538	52	1	10820	0.9575	0.7191	0.2573	22.0552	163	5619	91	-9.5899	139	4.4516	31	241	20	0.1041	0.5778	10.9427	8.2147	0.7743	0.5591	27.1040	173	5008	0.9109	0.3799
607	613	19	102	62627	62526	1219	14643	284	3590	52	3590	52	1	11053	0.9558	0.7139	0.2565	21.8960	173	5545	86	-7.7962	211	3.5301	83	144	7	0.1059	0.5998	11.1248	8.2311	0.7737	0.5311	26.9827	173	5105	0.8993	0.3799
613	617	19	103	63447	63345	819	14832	189	3623	33	3623	33	1	11209	0.9555	0.6830	0.2557	22.0289	173	5620	87	-7.6995	193	2.9588	97	99	5	0.1058	0.7511	11.2395	8.2406	0.7664	0.5579	27.1156	173	5180	0.9006	0.3961
617	619	19	104	63859	63756	411	14929	97	3642	20	3642	20	1	11287	0.9573	0.8091	0.2548	23.5896	173	5658	89	-8.5071	211	1.5652	23	97	10	0.1058	0.7290	11.8055	8.2439	0.7728	0.5188	28.6647	173	5219	0.9034	0.3820
619	631	19	104	66359	66256	2499	15521	592	3761	119	3761	119	1	11760	0.9540	0.7914	0.2540	22.9538	173	5886	91	-8.3237	139	5.8966	29	538	43	0.1046	0.3781	12.1519	8.2795	0.7666	0.5132	28.0289	173	5447	0.9123	0.3771
631	641	19	106	68479	68374	2119	16017	495	3863	102	3863	102	1	12154	0.9525	0.8138	0.2532	22.0061	163	6275	99	-9.4604	139	-6.5676	37	399	15	0.1047	0.4314	11.4879	8.3078	0.7683	0.5386	26.8528	163	5880	0.9090	0.3718
641	643	19	108	68907	68800	427	16116	100	3881	19	3881	19	1	12235	0.9541	0.7527	0.2524	23.1445	173	6129	94	-8.8849	139	-2.4865	37	83	2	0.1055	0.7902	12.1092	8.3109	0.7757	0.5376	28.2081	173	5691	0.9058	0.3670
643	647	19	108	69767	69660	859	16314	197	3921	40	3921	40	1	12393	0.9552	0.8069	0.2516	23.2197	173	6209	95	-8.9346	107	3.1381	181	78	4	0.1053	0.6026	12.2371	8.3200	0.7783	0.5312	28.2832	173	5771	0.9002	0.3860
647	653	19	109	71067	70959	1299	16621	307	3985	64	3985	64	1	12636	0.9558	0.8311	0.2508	23.0940	149	6847	115	-8.1511	139	-4.9014	71	174	0	0.1055	0.5003	12.4368	8.3355	0.7807	0.5417	27.9422	173	5887	0.8977	0.3685
653	659	19	110	72379	72270	1311	16929	307	4058	73	4058	73	1	12871	0.9585	0.9508	0.2501	22.2819	149	6982	116	-7.5827	139	3.7525	101	164	7	0.1042	0.3801	12.6708	8.3508	0.7768	0.5007	26.9396	149	6635	0.8988	0.3639
659	661	19	111	72819	72709	439	17035	106	4079	22	4079	22	1	12956	0.9604	0.8325	0.2493	21.9018	163	6691	104	-9.1079	139	2.9355	31	94	9	0.1049	0.7161	12.7363	8.3540	0.7796	0.5123	26.7239	163	6298	0.8861	0.3544
661	673	19	111	75487	75377	2667	17656	621	4187	108	4187	108	1	13469	0.9541	0.6997	0.2486	24.8834	163	6937	110	9.1650	103	7.0345	29	565	46	0.1080	0.5040	13.0889	8.3868	0.7626	0.5825	29.7055	163	6544	0.8874	0.3592
673	677	19	113	76387	76275	899	17864	207	4229	42	4229	42	1	13635	0.9552	0.8187	0.2478	25.9018	163	7017	112	-8.0360	139	3.3582	67	122	7	0.1086	0.5531	13.2200	8.3955	0.7737	0.5105	30.7239	163	6624	0.8813	0.3501
677	683	19	114	77747	77634	1359	18181	316	4288	59	4288	59	1	13893	0.9545	0.7556	0.2471	25.3804	163	7141	113	-10.0403	149	4.2844	109	148	7	0.1095	0.5601	12.4197	8.4101	0.7650	0.5473	30.2025	163	6748	0.8764	0.3646
683	691	19	115	79579	79465	1831	18610	429	4368	80	4368	80	1	14242	0.9527	0.7569	0.2464	28.1840	163	7320	118	-8.4451	337	3.8136	59	271	13	0.1097	0.5385	12.7906	8.4305	0.7597	0.5609	33.0061	163	6927	0.8739	0.3479
691	701	19	116	81899	81784	2319	19150	540	4473	105	4473	105	1	14677	0.9508	0.7915	0.2457	27.6074	163	7530	120	-8.7421	349	-4.6197	71	306	4	0.1110	0.4517	13.0981	8.4562	0.7490	0.5553	32.4294	163	7137	0.8701	0.3360
701	709	19	118	83779	83662	1879	19596	445	4552	79	4552	79	1	15044	0.9483	0.7247	0.2450	25.9708	137	8359	148	-9.2980	349	3.3043	23	445	42	0.1119	0.5273	13.3324	8.4764	0.7541	0.5165	30.5780	173	7043	0.8714	0.3480
709	719	19	119	86159	86041	2379	20152	555	4653	101	4653	101	1	15499	0.9453	0.7450	0.2443	27.5235	149	8305	139	-9.4842	349	-4.9836	61	335	6	0.1144	0.4660	13.6340	8.5016	0.7468	0.5133	32.1678	149	7959	0.8659	0.3428
719	727	19	121	88087	87967	1927	20605	452	4758	105	4758	105	1	15847	0.9480	0.9537	0.2436	27.5474	137	8799	156	-10.0802	349	-4.3585	53	301	7	0.1131	0.3674	13.9531	8.5210	0.7733	0.5234	31.8540	137	8504	0.8757	0.3422
727	733	19	122	89547	89426	1459	20950	344	4821	63	4821	63	1	16129	0.9473	0.7539	0.2429	27.3139	137	8952	158	-10.4388	139	5.2759	29	315	27	0.1138	0.5487	14.1493	8.5349	0.7760	0.5308	31.6204	137	8657	0.8841	0.3594
733	739	19	123	91019	90897	1471	21297	346	4892	71	4892	71	1	16405	0.9482	0.8471	0.2423	26.9693	163	8397	130	-11.4317	139	-3.9310	29	318	18	0.1125	0.4954	14.3602	8.5485	0.7697	0.5669	31.7914	163	8004	0.8853	0.3542
739	743	19	124	92007	91884	987	21524	227	4934	42	4934	42	1	16590	0.9488	0.7658	0.2416	27.5912	137	9207	162	-11.6978	139	2.8049	41	168	11	0.1132	0.6552	14.4919	8.5564	0.7699	0.5269	32.1409	149	8557	0.8753	0.3523
743	751	19	125	93999	93875	1991	21990	465	5017	83	5017	83	1	16973	0.9469	0.7408	0.2409	28.5583	163	8675	135	-9.4029	139	4.8276	29	423	34	0.1143	0.5469	14.7526	8.5752	0.7884	0.5690	33.3804	163	8282	0.8891	0.3660
751	757	19	126	95507	95382	1507	22341	350	5090	73	5090	73	1	17251	0.9481	0.8679	0.2403	28.3796	137	9564	168	-8.4532	139	4.1860	43	254	16	0.1139	0.4655	14.9810	8.5883	0.7879	0.5527	32.6861	137	9269	0.8829	0.3678
757	761	19	127	96519	96393	1011	22577	235	5138	48	5138	48	1	17439	0.9495	0.8522	0.2397	27.8467	137	9669	169	-7.8489	139	2.9459	37	186	13	0.1138	0.5452	15.1274	8.5962	0.7935	0.5139	32.6859	277	5999	0.8890	0.3772
761	769	19	128	98559	98432	2039	23055	477	5236	98	5236	98	1	17819	0.9501	0.8595	0.2390	29.7372	137	9882	174	-8.7266	139	3.9420	293	155	5	0.1137	0.4143	16.0925	8.6145	0.7928	0.5193	34.0438	137	9587	0.8899	0.3578
769	773	19	129	99587	99459	1027	23300	244	5286	50	5286	50	1	18014	0.9515	0.8595	0.2384	28.2044	137	9987	174	-9.2518	139	-3.7260	73	136	0	0.1141	0.5429	15.7532	8.6225	0.8051	0.5070	32.9819	277	6235	0.8886	0.3454
773	787	19	130	103227	103098	3639	24152	852	5446	160	5446	160	1	18706	0.9482	0.7897	0.2378	28.7299	137	10362	180	10.8261	23	8.1860	43	598	36	0.1152	0.4085	16.5707	8.6558	0.8083	0.5574	33.0365	137	10067	0.8987	0.3369
787	797	19	132	105867	105736	2639	24768	616	5564	118	5564	118	1	19204	0.9471	0.8076	0.2372	29.7445	137	10635	185	10.8049	41	-3.9355	31	526	30	0.1146	0.3921	14.4392	8.6784	0.8115	0.4983	34.5668	277	6708	0.8855	0.3329
797	809	19	134	109079	108946	3211	25520	751	5714	150	5714	150	1	19806	0.9463	0.8442	0.2366	28.0462	173	9857	142	-9.6849	457	-5.3793	29	687	42	0.1133	0.3791	13.9165	8.7058	0.7984	0.5696	33.7040	277	6966	0.8869	0.3327
809	811	19	136	109619	109484	539	25645	126	5732	19	5732	19	1	19913	0.9470	0.6389	0.2360	27.8905	137	11036	189	-9.2319	457	-2.9565	23	126	8	0.1140	0.9741	14.1706	8.7083	0.7913	0.5356	33.4079	277	7007	0.8854	0.3337
811	821	19	136	112339	112204	2719	26286	640	5856	124	5856	124	1	20430	0.9462	0.8229	0.2354	29.3436	227	9041	109	-9.2158	139	4.4483	29	588	45	0.1148	0.3983	14.4821	8.7305	0.7911	0.5058	35.4405	227	8349	0.8674	0.3376
821	823	19	138	112887	112750	547	26412	126	5879	24	5879	24	1	20533	0.9477	0.8110	0.2349	29.9736	227	9083	110	9.0000	71	-2.7742	31	105	4	0.1149	0.7348	14.5389	8.7328	0.7991	0.5163	36.0617	227	8392	0.8759	0.3370
823	827	19	138	113987	113850	1099	26669	257	5928	49	5928	49	1	20741	0.9487	0.8138	0.2343	30.1278	227	9179	111	10.7606	71	3.6636	107	125	6	0.1142	0.5957	13.6700	8.7401	0.8049	0.5211	36.2159	227	8488	0.8887	0.3701
827	829	19	139	114539	114401	551	26798	130	5951	24	5951	24	1	20847	0.9501	0.7899	0.2337	30.6784	227	9230	112	8.7805	41	3.0000	79	79	5	0.1144	0.8132	14.3918	8.7425	0.8015	0.5614	36.7577	227	8540	0.8866	0.3594
829	839	19	139	117319	117181	2779	27449	651	6059	108	6059	108	1	21390	0.9467	0.7115	0.2332	30.4332	277	8527	92	11.7887	71	6.2414	29	591	47	0.1165	0.5458	14.6176	8.7641	0.8121	0.5796	37.2347	277	7585	0.8911	0.3537
839	853	19	141	121267	121127	3947	28375	927	6224	165	6224	165	1	22151	0.9430	0.7652	0.2326	31.2816	277	8825	95	11.7042	71	-5.7547	53	603	17	0.1180	0.3957	14.0593	8.7948	0.8202	0.5214	38.0830	277	7883	0.9090	0.3518
853	857	19	143	122407	122265	1139	28641	266	6267	43	6267	43	1	22374	0.9429	0.6966	0.2321	30.7244	127	12781	232	11.8780	41	6.0488	41	204	16	0.1193	0.7703	14.6940	8.8018	0.8140	0.5685	37.4910	277	7965	0.8961	0.3491
857	859	19	144	122979	122836	571	28773	133	6293	27	6293	27	1	22480	0.9447	0.8769	0.2315	33.2025	163	11475	174	10.4930	71	3.3252	163	55	4	0.1198	0.7048	14.7550	8.8041	0.8163	0.5160	37.9755	163	11086	0.8846	0.3442
859	863	19	144	124127	123984	1147	29045	271	6343	50	6343	50	1	22702	0.9455	0.7988	0.2310	32.8405	163	11586	175	-10.9137	139	-4.2258	31	236	11	0.1199	0.6252	14.8722	8.8112	0.8163	0.5496	37.6135	163	11197	0.8806	0.3409
863	877	19	145	128187	128043	4059	29995	949	6500	157	6500	157	1	23495	0.9404	0.7179	0.2304	33.6432	227	10369	125	-13.5827	139	-5.8621	29	868	54	0.1225	0.4935	15.1809	8.8410	0.8279	0.5929	40.3285	277	8403	0.8966	0.3661
877	881	19	147	129359	129213	1171	30268	272	6557	57	6557	57	1	23711	0.9422	0.9115	0.2299	33.9350	277	9427	102	-12.5108	139	-3.0233	43	194	6	0.1221	0.4746	15.3139	8.8478	0.8307	0.4749	40.7292	277	8486	0.8928	0.3529
881	883	19	148	129947	129800	587	30400	132	6581	25	6581	25	1	23819	0.9437	0.8256	0.2294	34.6173	277	9471	103	-12.4101	139	2.5821	67	81	5	0.1221	0.7769	15.3769	8.8499	0.8317	0.5313	41.4043	277	8531	0.8964	0.3973
883	887	19	148	131127	130980	1179	30674	273	6637	56	6637	56	1	24037	0.9454	0.8962	0.2289	35.5286	227	10609	129	-11.3525	139	5.2830	53	178	12	0.1210	0.5335	15.5076	8.8566	0.8304	0.5163	41.5903	227	9921	0.8931	0.3591
887	907	19	149	137107	136959	5979	32084	1409	6882	245	6882	245	1	25202	0.9393	0.7614	0.2284	38.0000	227	11123	136	-9.6403	139	-5.9775	89	711	10	0.1229	0.3837	15.0980	8.8993	0.8331	0.5568	44.0617	227	10435	0.8882	0.3479
907	911	19	152	138319	138168	1211	32366	282	6941	59	6941	59	1	25425	0.9412	0.9182	0.2279	38.0485	227	11231	137	11.1284	109	-2.9494	79	156	1	0.1225	0.5123	15.3054	8.9058	0.8353	0.5226	44.1101	227	10543	0.8896	0.3454
911	919	19	153	140759	140607	2439	32940	573	7049	108	7049	108	1	25891	0.9412	0.8290	0.2274	38.2775	227	11432	139	10.5963	109	5.7931	29	525	42	0.1227	0.4328	15.5436	8.9212	0.8366	0.5310	44.3392	227	10744	0.8778	0.3370
919	929	19	154	143839	143686	3079	33657	716	7168	119	7168	119	1	26489	0.9388	0.7326	0.2269	38.0837	227	11681	141	11.9155	71	5.7742	31	608	45	0.1234	0.4964	15.5996	8.9406	0.8362	0.5561	44.1454	227	10993	0.8848	0.3454
929	937	19	156	146327	146172	2487	34241	584	7280	112	7280	112	1	26961	0.9392	0.8472	0.2264	37.2159	227	11893	142	10.7248	109	-5.1268	71	324	4	0.1229	0.4425	15.6728	8.9556	0.8378	0.5332	43.3069	277	9791	0.8882	0.3427
937	941	19	157	147579	147423	1251	34529	287	7333	53	7333	53	1	27196	0.9402	0.8175	0.2259	36.7987	149	14468	231	11.4404	109	4.0435	23	287	29	0.1223	0.6399	15.7869	8.9618	0.8435	0.5376	42.5776	277	9892	0.8975	0.3498
941	947	19	158	149467	149310	1887	34973	445	7419	86	7419	86	1	27554	0.9411	0.8574	0.2254	37.7148	277	10981	117	10.4453	137	-3.9787	47	305	9	0.1224	0.4673	15.9742	8.9725	0.8541	0.5229	44.5018	277	10041	0.9083	0.3544
947	953	19	159	151367	151209	1899	35416	442	7487	68	7487	68	1	27929	0.9398	0.6840	0.2249	38.7112	277	11120	119	10.1651	109	4.2373	59	288	14	0.1238	0.6581	16.1572	8.9830	0.8514	0.5599	45.4982	277	10180	0.9025	0.3501
953	967	19	160	155847	155688	4479	36469	1052	7688	201	7688	201	1	28781	0.9392	0.8512	0.2245	39.1336	277	11477	122	-10.2494	421	-6.2973	37	838	39	0.1228	0.3363	17.1002	9.0102	0.8484	0.5378	45.9206	277	10537	0.8952	0.3456
967	971	19	162	157139	156978	1291	36770	300	7736	48	7736	48	1	29034	0.9392	0.7143	0.2240	38.4549	277	11571	122	11.3211	109	3.6129	31	254	20	0.1235	0.7153	16.8251	9.0163	0.8545	0.5532	45.2419	277	10631	0.8900	0.3464
971	977	19	163	159087	158925	1947	37229	458	7817	81	7817	81	1	29412	0.9393	0.7912	0.2235	-38.8481	79	20139	471	10.8991	109	-4.9032	31	386	20	0.1231	0.5343	16.3497	9.0267	0.8444	0.5185	45.1877	277	10777	0.8917	0.3564
977	983	19	164	161047	160884	1959	37686	457	7907	90	7907	90	1	29779	0.9405	0.8828	0.2231	-40.1013	79	20386	476	11.5138	109	-3.6897	29	416	25	0.1229	0.4855	16.8743	9.0368	0.8511	0.5441	46.0469	277	10935	0.8937	0.3569
983	991	19	165	163679	163515	2631	38302	616	8016	109	8016	109	1	30286	0.9401	0.7948	0.2226	40.1938	227	13371	158	11.2110	109	-4.5484	31	520	29	0.1234	0.4702	17.2770	9.0510	0.8577	0.5252	46.6245	277	11132	0.8988	0.3476
991	997	19	166	165667	165502	1987	38767	466	8087	71	8087	71	1	30680	0.9389	0.6858	0.2222	41.7401	227	13536	161	11.6789	109	5.2581	31	399	31	0.1242	0.6491	17.8527	9.0610	0.8462	0.5665	47.8018	227	12848	0.8891	0.3470
997	1009	19	167	169679	169513	4011	39708	941	8278	191	8278	191	1	31430	0.9402	0.9154	0.2217	42.5507	227	13898	165	11.4128	109	-6.3103	29	860	53	0.1228	0.3224	19.8507	9.0830	0.8545	0.5540	48.6123	227	13210	0.9126	0.3486
1009	1013	19	169	171027	170859	1347	40021	313	8332	54	8332	54	1	31689	0.9408	0.7796	0.2213	43.5991	227	14006	167	10.6697	109	4.7468	79	168	9	0.1226	0.6605	20.5560	9.0889	0.8571	0.5379	49.6608	227	13318	0.9105	0.3445
1013	1019	19	170	173059	172890	2031	40496	474	8421	89	8421	89	1	32075	0.9416	0.8502	0.2209	43.1454	227	14171	168	-10.6763	139	4.3396	53	309	16	0.1226	0.4926	22.1002	9.0987	0.8536	0.5343	49.2070	227	13483	0.9114	0.3480
1019	1021	19	171	173739	173569	679	40658	163	8450	30	8450	30	1	32208	0.9429	0.8350	0.2204	43.6344	227	14229	169	-9.9971	349	4.9310	29	146	15	0.1231	0.7583	16.7512	9.1007	0.8567	0.5135	49.6872	227	13542	0.9094	0.3422
1021	1031	19	171	177159	176989	3419	41461	802	8587	137	8587	137	1	32874	0.9415	0.7765	0.2200	47.0705	227	14520	175	10.2477	109	-6.7391	23	802	63	0.1232	0.4508	16.4776	9.1183	0.8525	0.5186	53.1233	227	13833	0.8982	0.3446
1031	1033	19	173	177847	177675	687	41617	157	8613	27	8613	27	1	33004	0.9426	0.7833	0.2196	46.6388	227	14569	175	9.3853	109	4.2759	29	141	14	0.1229	0.8053	16.7081	9.1201	0.8479	0.5121	52.6828	227	13883	0.9012	0.3424
1033	1039	19	173	179919	179747	2071	42102	485	8705	92	8705	92	1	33397	0.9435	0.8656	0.2191	46.1145	227	14742	176	9.4862	109	-3.4803	127	221	0	0.1232	0.4704	16.8865	9.1298	0.8553	0.5229	52.1586	227	14056	0.8959	0.3373
1039	1049	19	174	183399	183226	3479	42916	814	8859	154	8859	154	1	34057	0.9438	0.8650	0.2187	45.3568	227	15055	178	-9.0964	809	-7.2985	67	479	7	0.1222	0.3937	17.2742	9.1470	0.8545	0.5316	51.4009	227	14369	0.9003	0.3416
1049	1051	19	176	184099	183924	699	43078	162	8881	23	8881	23	1	34197	0.9444	0.6504	0.2183	45.9163	227	15105	179	9.5780	109	3.8621	29	147	14	0.1228	0.9487	17.1645	9.1489	0.8541	0.5162	51.9515	227	14420	0.8940	0.3402
1051	1061	19	176	187619	187444	3519	43902	823	9029	148	9029	148	1	34873	0.9439	0.8254	0.2179	48.2731	227	15405	184	13.4587	109	4.2556	223	306	7	0.1228	0.4310	18.4186	9.1659	0.8548	0.5463	54.3084	227	14720	0.9147	0.3572
1061	1063	19	178	188327	188150	707	44071	170	9062	34	9062	34	1	35009	0.9455	0.9197	0.2175	48.6916	227	15471	185	-10.4134	179	3.2174	23	170	18	0.1227	0.6700	18.2578	9.1679	0.8595	0.5139	54.7181	227	14787	0.9061	0.3499
1063	1069	19	178	190459	190282	2131	44572	500	9157	95	9157	95	1	35415	0.9465	0.8753	0.2171	49.0617	227	15656	187	-9.2503	839	-5.7442	43	360	11	0.1223	0.4801	18.7898	9.1773	0.8605	0.5346	55.0881	227	14972	0.9000	0.3377
1069	1087	19	179	196927	196749	6467	46084	1511	9422	265	9422	265	1	36662	0.9437	0.8095	0.2167	48.4273	227	16182	191	-10.0791	139	7.5517	29	1384	103	0.1213	0.3420	18.4406	9.2088	0.8482	0.5357	54.4537	227	15498	0.9110	0.3390
1087	1091	19	182	198379	198198	1451	46427	342	9490	68	9490	68	1	36937	0.9452	0.9194	0.2163	47.2555	227	16315	191	-9.6722	839	-4.0851	47	237	6	0.1204	0.5179	18.0859	9.2144	0.8491	0.5352	53.2819	227	15631	0.9069	0.3361
1091	1093	19	183	199107	198925	727	46595	168	9518	29	9518	29	1	37077	0.9463	0.7997	0.2159	46.7357	227	16374	191	-10.0727	839	3.3913	23	168	18	0.1208	0.7987	19.8887	9.2161	0.8520	0.5194	52.7533	227	15691	0.9119	0.3645
1093	1097	19	183	200567	200385	1459	46931	335	9577	59	9577	59	1	37354	0.9471	0.8174	0.2155	46.6520	227	16497	192	-10.4689	241	-2.7753	89	168	1	0.1205	0.5764	19.5763	9.2215	0.8570	0.5095	52.6696	227	15814	0.9116	0.3411
1097	1103	19	184	202767	202584	2199	47450	518	9653	76	9653	76	1	37797	0.9459	0.6822	0.2151	47.1718	227	16665	194	-10.1108	839	-4.8837	43	363	12	0.1220	0.7016	19.2065	9.2307	0.8547	0.5828	53.1894	227	15982	0.9044	0.3329
1103	1109	19	185	204979	204795	2211	47971	521	9742	89	9742	89	1	38229	0.9460	0.7957	0.2147	47.5066	227	16854	196	10.0299	67	-3.6452	31	444	25	0.1223	0.5569	19.7361	9.2398	0.8597	0.5463	53.5242	227	16171	0.8945	0.3327
1109	1117	19	186	207947	207762	2967	48666	695	9870	128	9870	128	1	38796	0.9464	0.8594	0.2143	46.3480	227	17099	197	9.2836	67	6.2162	37	551	36	0.1222	0.4391	19.1113	9.2523	0.8610	0.5190	52.3656	227	16416	0.8951	0.3221
1117	1123	19	187	210187	210001	2239	49187	521	9961	91	9961	91	1	39226	0.9467	0.8165	0.2139	46.6300	227	17294	199	12.7313	67	-4.3659	41	397	15	0.1222	0.5115	18.1623	9.2612	0.8667	0.5456	52.6476	227	16611	0.9048	0.3236
1123	1129	19	188	212439	212252	2251	49715	528	10056	95	10056	95	1	39659	0.9473	0.8426	0.2135	44.8943	227	17491	199	12.9701	67	3.9362	47	354	19	0.1218	0.5015	18.3355	9.2701	0.8548	0.5232	50.9119	227	16808	0.8940	0.3200
1129	1151	19	189	220799	220611	8359	51677	1961	10388	332	10388	332	1	41289	0.9431	0.7943	0.2132	-46.6582	79	27913	660	12.4030	67	11.5517	29	1790	135	0.1230	0.3519	18.8450	9.3070	0.8676	0.5578	50.6740	227	17516	0.9119	0.3210
1151	1153	19	193	221567	221375	767	51852	176	10408	21	10408	21	1	41444	0.9433	0.5608	0.2128	-47.9114	79	28002	661	13.0000	29	3.3871	31	149	13	0.1241	1.0879	18.8812	9.3087	0.8727	0.5389	52.1542	227	17575	0.9119	0.3216
1153	1163	19	193	225427	225235	3859	52755	902	10586	178	10586	178	1	42169	0.9447	0.9290	0.2124	-47.5696	79	28502	674	14.7241	29	-7.4839	31	767	42	0.1222	0.3569	19.2094	9.3242	0.8674	0.5307	51.1850	227	17912	0.9121	0.3214
1163	1171	19	195	228539	228345	3111	53487	731	10716	130	10716	130	1	42771	0.9448	0.8387	0.2120	-49.8987	79	28910	682	12.2414	29	-7.2603	73	411	4	0.1225	0.4698	19.4524	9.3363	0.8696	0.5542	50.8502	227	18177	0.9072	0.3185
1171	1181	19	196	232459	232264	3919	54399	911	10874	158	10874	158	1	43525	0.9443	0.8193	0.2117	-53.1772	79	29395	691	-10.6758	839	7.8605	43	648	38	0.1222	0.4456	19.7498	9.3515	0.8770	0.5306	53.8899	227	18513	0.9281	0.3197
1181	1187	19	198	234827	234630	2367	54961	561	10976	102	10976	102	1	43985	0.9450	0.8604	0.2113	-52.1519	79	29710	700	10.2389	113	-6.7826	23	561	42	0.1217	0.4954	18.9383	9.3600	0.8673	0.5540	53.9868	227	18729	0.9092	0.3163
1187	1193	19	199	237207	237009	2379	55519	559	11058	82	11058	82	1	44461	0.9441	0.6953	0.2110	-50.6709	79	30007	709	11.3628	113	8.8378	37	447	33	0.1224	0.6719	19.0925	9.3684	0.8681	0.5676	55.2952	227	18921	0.9231	0.3193
1193	1201	19	200	240399	240200	3191	56265	746	11171	113	11171	113	1	45094	0.9427	0.7192	0.2106	50.8722	227	19877	226	-9.2155	1021	-4.6596	47	509	17	0.1227	0.5859	18.9196	9.3801	0.8574	0.5909	56.8811	227	19195	0.9128	0.3246
1201	1213	19	201	245227	245027	4827	57397	1132	11365	194	11365	194	1	46032	0.9417	0.8150	0.2103	-52.3165	79	31020	733	11.1239	113	6.4390	41	852	48	0.1225	0.4362	19.2481	9.3984	0.8570	0.5843	57.8246	211	20169	0.9118	0.3189
1213	1217	19	203	246847	246645	1619	57776	379	11433	68	11433	68	1	46343	0.9427	0.8547	0.2099	-52.6329	79	31230	738	11.4159	113	-4.0488	41	288	10	0.1219	0.5749	19.3683	9.4033	0.8511	0.5283	56.4028	211	20319	0.9063	0.3237
1217	1223	19	204	249287	249084	2439	58346	570	11531	98	11531	98	1	46815	0.9430	0.8204	0.2096	-50.5063	79	31541	748	14.4312	109	-5.0690	29	523	31	0.1214	0.5290	19.5377	9.4115	0.8536	0.5508	55.4123	211	20529	0.9108	0.3316
1223	1229	19	205	251739	251535	2451	58920	573	11633	102	11633	102	1	47287	0.9436	0.8508	0.2092	-54.5823	79	31860	752	14.8991	109	-6.0597	67	337	4	0.1209	0.4944	19.7189	9.4196	0.8539	0.5214	54.2891	211	20753	0.9146	0.3450
1229	1231	19	206	252559	252354	819	59107	188	11667	35	11667	35	1	47440	0.9449	0.8912	0.2089	-56.1139	79	31960	753	14.4679	109	-4.6170	47	132	1	0.1209	0.7489	19.7765	9.4212	0.8550	0.5483	53.5972	211	20826	0.9076	0.3385
1231	1237	19	206	255027	254822	2467	59692	584	11769	102	11769	102	1	47923	0.9454	0.8375	0.2086	-57.9873	79	32271	759	13.5044	113	-4.3253	83	304	3	0.1208	0.5025	19.9526	9.4294	0.8564	0.5142	-55.3544	79	32167	0.9110	0.3395
1237	1249	19	207	259999	259793	4971	60858	1165	11961	192	11961	192	1	48897	0.9439	0.7915	0.2082	-56.6835	79	32891	776	11.3394	109	5.2093	43	834	44	0.1211	0.4202	20.2879	9.4471	0.8595	0.5305	55.4171	211	21478	0.9096	0.3324
1249	1259	19	209	264179	263971	4179	61835	978	12132	171	12132	171	1	49703	0.9438	0.8411	0.2079	-52.2278	79	33426	794	12.5752	113	-7.1887	53	641	17	0.1201	0.4251	20.5893	9.4614	0.8402	0.5624	54.1986	277	18947	0.9036	0.3280
1259	1277	19	211	271787	271577	7607	63617	1781	12439	307	12439	307	1	51178	0.9421	0.8305	0.2076	-55.7342	79	34394	815	-10.5673	349	-6.0000	29	1624	106	0.1207	0.3286	21.1262	9.4883	0.8462	0.5319	55.7488	211	22498	0.9027	0.3221
1277	1279	19	214	272639	272426	851	63810	194	12476	38	12476	38	1	51334	0.9435	0.9452	0.2072	-56.4430	79	34501	817	12.5352	71	4.6761	71	118	8	0.1206	0.6983	21.1905	9.4897	0.8492	0.5240	56.0000	211	22577	0.9036	0.3200
1279	1283	19	214	274347	274134	1707	64218	407	12535	59	12535	59	1	51683	0.9434	0.7006	0.2069	-56.9367	79	34718	822	-10.6024	991	3.4186	43	292	17	0.1214	0.7346	21.2904	9.4945	0.8474	0.5323	56.6066	211	22724	0.8978	0.3180
1283	1289	19	215	276919	276705	2571	64818	599	12630	95	12630	95	1	52188	0.9432	0.7677	0.2066	-56.9873	79	35036	830	-10.8133	991	5.2703	37	476	31	0.1216	0.5867	21.4547	9.5023	0.8459	0.5371	56.5024	211	22946	0.8961	0.3171
1289	1291	19	216	277779	277564	859	65021	203	12659	30	12659	30	1	52362	0.9439	0.7165	0.2063	-57.7215	79	35144	832	11.1858	113	3.6610	59	128	8	0.1218	0.9026	21.5123	9.5038	0.8509	0.5249	56.7915	211	23021	0.9070	0.3845
1291	1297	19	216	280367	280152	2587	65623	602	12771	112	12771	112	1	52852	0.9450	0.9034	0.2059	-59.7468	79	35461	838	12.5310	113	-5.3514	37	469	20	0.1211	0.4514	21.7053	9.5115	0.8488	0.5200	58.7630	211	23235	0.9031	0.3315
1297	1301	19	217	282099	281883	1731	66024	400	12831	60	12831	60	1	53193	0.9451	0.7295	0.2056	-61.1646	79	35675	842	11.4336	113	3.9175	97	198	8	0.1216	0.7222	21.8103	9.5161	0.8459	0.5386	-58.5823	79	35573	0.9000	0.3433
1301	1303	19	218	282967	282750	867	66229	205	12862	32	12862	32	1	53367	0.9459	0.7603	0.2053	-60.8481	79	35781	845	9.8053	113	-3.5946	37	159	5	0.1218	0.8557	21.8645	9.5176	0.8463	0.5345	58.6967	211	23453	0.8937	0.3347
1303	1307	19	218	284707	284490	1739	66636	407	12944	82	12944	82	1	53692	0.9476	0.9828	0.2050	-59.8481	79	36018	852	-10.8682	349	-4.5479	73	239	2	0.1211	0.4821	21.0135	9.5222	0.8487	0.5227	59.1896	211	23612	0.8934	0.3299
1307	1319	19	219	289959	289741	5251	67870	1233	13154	210	13154	210	1	54716	0.9469	0.8321	0.2047	-60.5570	79	36678	868	-11.9398	349	-5.8037	107	578	5	0.1210	0.3975	20.6218	9.5390	0.8540	0.5279	-58.0000	79	36577	0.8882	0.3207
1319	1321	19	221	290839	290619	879	68074	205	13183	30	13183	30	1	54891	0.9476	0.7161	0.2044	-58.1646	79	36781	873	-11.1089	349	2.6657	353	59	3	0.1212	0.8485	20.6703	9.5405	0.8560	0.5131	58.1469	211	24144	0.8929	0.3500
1321	1327	19	221	293487	293267	2647	68697	622	13285	102	13285	102	1	55412	0.9477	0.8036	0.2041	-55.5949	79	37114	884	-10.3396	53	-4.0943	53	400	11	0.1213	0.5615	20.8316	9.5481	0.8551	0.5522	59.0237	211	24368	0.8880	0.3278
1327	1361	19	222	308719	308498	15231	72261	3564	13887	602	13887	602	1	58374	0.9432	0.8290	0.2038	51.7773	211	26293	301	-12.7545	827	-10.3817	131	1597	14	0.1222	0.2802	20.7053	9.5972	0.8546	0.5644	57.4171	211	25698	0.8939	0.3067
1361	1367	19	228	311447	311220	2727	72898	638	13998	111	13998	111	1	58900	0.9438	0.8551	0.2035	54.4645	211	26537	306	-12.7536	349	-4.2069	29	583	36	0.1220	0.4990	20.5702	9.6045	0.8586	0.5331	60.1043	211	25942	0.8913	0.3046
1367	1373	19	229	314187	313959	2739	73540	642	14104	106	14104	106	1	59436	0.9440	0.8127	0.2032	53.1454	227	26202	284	-14.4327	349	-6.4839	31	550	29	0.1214	0.5423	20.2615	9.6118	0.8564	0.5472	59.1101	227	25525	0.9017	0.3212
1373	1381	19	230	317859	317630	3671	74393	852	14231	127	14231	127	1	60162	0.9430	0.7348	0.2029	52.1374	211	27099	309	-14.3209	349	5.6279	43	610	34	0.1220	0.5500	20.7298	9.6219	0.8592	0.5357	57.7773	211	26504	0.9054	0.3188
1381	1399	19	231	326199	325969	8339	76353	1959	14555	324	14555	324	1	61798	0.9411	0.8165	0.2026	-56.2278	79	41247	988	-12.5530	349	-6.3038	79	1039	20	0.1217	0.3667	21.2047	9.6464	0.8575	0.5612	60.0881	227	26549	0.9148	0.3188
1399	1409	19	234	330879	330646	4679	77453	1099	14729	174	14729	174	1	62724	0.9401	0.7827	0.2023	-55.1392	79	41836	1004	-12.8567	349	6.4746	59	694	30	0.1224	0.4642	21.4581	9.6593	0.8629	0.5463	60.6696	227	26937	0.9198	0.3168
1409	1423	19	236	337487	337252	6607	78996	1542	14994	265	14994	265	1	64002	0.9397	0.8508	0.2020	-57.3038	79	42672	1023	-12.6991	349	-7.5854	41	1160	49	0.1220	0.3559	21.8500	9.6776	0.8497	0.5231	61.5330	227	27520	0.9100	0.3154
1423	1427	19	238	339387	339150	1899	79442	445	15071	77	15071	77	1	64371	0.9405	0.8579	0.2017	-59.3797	79	42912	1027	-11.2550	349	4.3363	113	207	8	0.1222	0.5623	21.1820	9.6818	0.8531	0.5071	62.8152	211	28399	0.9066	0.3143
1427	1429	19	239	340339	340101	951	79663	221	15103	33	15103	33	1	64560	0.9412	0.7413	0.2014	-58.3924	79	43031	1031	-9.5215	349	2.5989	349	70	3	0.1224	0.8777	21.1675	9.6832	0.8557	0.5301	63.0284	211	28482	0.9105	0.3211
1429	1433	19	239	342247	342009	1907	80111	447	15174	71	15174	71	1	64937	0.9417	0.7897	0.2011	-57.3671	79	43267	1038	11.2268	97	4.3191	47	298	17	0.1227	0.6278	21.2684	9.6874	0.8549	0.5063	62.5308	211	28640	0.9128	0.3342
1433	1439	19	240	345119	344880	2871	80788	676	15289	115	15289	115	1	65499	0.9422	0.8470	0.2009	-56.7848	79	43639	1048	-9.9685	349	-5.3051	59	422	9	0.1224	0.5136	21.4310	9.6944	0.8579	0.5249	62.1611	211	28890	0.9143	0.3277
1439	1447	19	241	348967	348727	3847	81686	898	15436	147	15436	147	1	66250	0.9421	0.8161	0.2006	59.3555	211	29819	342	11.2301	113	6.9245	53	585	29	0.1226	0.5122	21.6398	9.7041	0.8581	0.5503	64.9858	211	29225	0.9147	0.3237
1447	1451	19	242	350899	350658	1931	82133	446	15492	56	15492	56	1	66641	0.9417	0.6269	0.2003	59.9621	211	29966	344	-11.6762	349	5.7568	37	356	25	0.1228	0.8472	21.7225	9.7082	0.8556	0.5550	65.5924	211	29372	0.9153	0.3568
1451	1453	19	243	351867	351625	967	82363	231	15527	36	15527	36	1	66836	0.9425	0.7791	0.2000	59.1280	211	30054	344	11.1628	43	4.4468	47	154	11	0.1227	0.8226	21.7715	9.7096	0.8537	0.5305	64.7488	211	29461	0.9138	0.3419
1453	1459	19	243	354779	354537	2911	83040	677	15630	103	15630	103	1	67410	0.9423	0.7617	0.1998	61.6161	211	30319	349	-11.7317	41	-5.9149	47	468	14	0.1231	0.6378	21.9187	9.7164	0.8553	0.5700	67.2370	211	29726	0.9115	0.3326
1459	1471	19	244	360639	360396	5859	84420	1381	15859	229	15859	229	1	68561	0.9418	0.8313	0.1995	59.7820	211	30829	352	13.4884	43	-5.7975	163	554	1	0.1229	0.3823	22.0473	9.7315	0.8567	0.5193	65.4028	211	30236	0.9164	0.3240
1471	1481	19	246	365559	365314	4919	85567	1146	16033	174	16033	174	1	69534	0.9406	0.7622	0.1992	58.7915	211	31250	355	-9.4397	307	10.0811	37	905	59	0.1234	0.5257	22.2974	9.7436	0.8525	0.5615	64.4123	211	30657	0.9135	0.3330
1481	1483	19	248	366547	366300	987	85802	236	16065	33	16065	33	1	69737	0.9412	0.7029	0.1989	59.0616	211	31327	356	-9.4411	331	3.2817	71	132	7	0.1236	0.8354	22.3419	9.7450	0.8533	0.5077	64.6730	211	30735	0.9110	0.3297
1483	1487	19	248	368527	368280	1979	86263	460	16135	70	16135	70	1	70128	0.9415	0.7660	0.1987	58.5355	211	31488	357	-9.9775	1021	3.7426	101	215	8	0.1235	0.6482	22.1630	9.7490	0.8524	0.5106	64.1469	211	30896	0.9069	0.3283
1487	1489	19	249	369519	369271	991	86495	233	16164	30	16164	30	1	70331	0.9419	0.6490	0.1984	58.7299	211	31573	358	-10.4319	1021	-3.8140	43	168	4	0.1238	0.9214	23.0543	9.7504	0.8538	0.5079	64.3318	211	30982	0.9064	0.3295
1489	1493	19	249	371507	371259	1987	86961	465	16245	81	16245	81	1	70716	0.9428	0.8792	0.1981	59.0047	211	31755	360	9.3853	109	-5.0000	59	295	5	0.1237	0.5909	22.7697	9.7544	0.8517	0.5480	64.6066	211	31164	0.9033	0.3449
1493	1499	19	250	374499	374250	2991	87658	696	16371	126	16371	126	1	71287	0.9439	0.9149	0.1979	57.5213	211	32017	361	-11.4673	107	5.1967	61	421	19	0.1236	0.4530	23.3454	9.7610	0.8545	0.5245	63.1232	211	31426	0.9062	0.3275
1499	1511	19	251	380519	380269	6019	89074	1415	16595	224	16595	224	1	72479	0.9428	0.8011	0.1976	58.7346	211	32522	367	-12.4838	1021	7.0189	53	927	42	0.1237	0.4257	24.5485	9.7757	0.8607	0.5422	64.3365	211	31931	0.9174	0.3263
1511	1523	19	253	386587	386335	6067	90490	1415	16812	217	16812	217	1	73678	0.9414	0.7771	0.1973	60.7867	211	33044	374	12.4071	113	7.1642	67	832	32	0.1236	0.4533	23.7413	9.7902	0.8595	0.5496	66.3886	211	32453	0.9121	0.3243
1523	1531	19	255	390659	390405	4071	91442	952	16965	153	16965	153	1	74477	0.9414	0.8155	0.1971	58.3460	211	33407	375	10.5575	113	-7.1148	61	583	12	0.1238	0.5070	24.1876	9.7993	0.8597	0.5491	63.9479	211	32816	0.9069	0.3218
1531	1543	19	256	396807	396552	6147	92886	1443	17196	231	17196	231	1	75690	0.9406	0.8133	0.1968	58.1611	211	33954	380	-11.2980	349	5.0934	257	502	9	0.1242	0.3917	24.3907	9.8137	0.8615	0.5016	64.1843	293	28394	0.9214	0.3256
1543	1549	19	258	399899	399642	3091	93609	724	17305	109	17305	109	1	76304	0.9404	0.7659	0.1966	59.6114	211	34223	384	-10.2927	41	7.5738	61	440	22	0.1246	0.6104	23.9767	9.8202	0.8655	0.5594	65.2133	211	33632	0.9202	0.3240
1549	1553	19	259	401967	401709	2067	94092	482	17378	73	17378	73	1	76714	0.9408	0.7715	0.1963	-63.8354	79	50751	1221	11.6279	43	-4.4051	79	253	2	0.1247	0.6827	21.6161	9.8240	0.8642	0.5393	64.5166	211	33811	0.9267	0.3450
1553	1559	19	260	405079	404820	3111	94824	732	17489	111	17489	111	1	77335	0.9407	0.7734	0.1961	-61.1392	79	51158	1234	11.6991	113	-6.8491	53	473	11	0.1251	0.5819	22.5229	9.8305	0.8651	0.5418	67.8294	293	29032	0.9199	0.3376
1559	1567	19	261	409247	408987	4167	95799	974	17628	139	17628	139	1	78171	0.9397	0.7288	0.1958	58.7645	293	30360	266	9.9559	227	7.2881	59	611	28	0.1258	0.5870	22.6145	9.8394	0.8666	0.5713	65.7611	293	29335	0.9225	0.3358
1567	1571	19	262	411339	411078	2091	96292	492	17704	76	17704	76	1	78588	0.9401	0.7899	0.1956	57.6451	293	30524	266	10.7168	113	-3.0845	71	287	5	0.1259	0.6598	22.7133	9.8433	0.8728	0.5455	64.6416	293	29499	0.9297	0.3444
1571	1579	19	263	415539	415277	4199	97276	984	17850	146	17850	146	1	79426	0.9395	0.7597	0.1953	57.3857	223	35191	373	11.9427	227	-7.2439	41	743	29	0.1263	0.5334	22.9031	9.8522	0.8741	0.5442	63.5188	293	29810	0.9276	0.3425
1579	1583	19	264	417647	417384	2107	97769	493	17922	72	17922	72	1	79847	0.9397	0.7487	0.1951	-59.4684	79	52751	1276	-11.6723	1361	-4.9189	37	387	16	0.1260	0.7255	22.8160	9.8560	0.8704	0.5608	64.3857	293	29976	0.9295	0.3437
1583	1597	19	265	425067	424803	7419	99508	1738	18182	260	18182	260	1	81326	0.9379	0.7679	0.1948	-61.1899	79	53688	1298	12.1304	23	7.0825	97	869	25	0.1264	0.4317	22.9716	9.8723	0.8730	0.5614	65.5290	293	30541	0.9365	0.3438
1597	1601	19	267	427199	426933	2131	100010	501	18262	80	18262	80	1	81748	0.9385	0.8207	0.1946	-59.7468	79	53947	1306	-11.9655	1361	4.2542	59	317	15	0.1264	0.6398	23.0739	9.8761	0.8710	0.5403	64.7121	257	32933	0.9322	0.3527
1601	1607	19	268	430407	430140	3207	100760	749	18384	122	18384	122	1	82376	0.9389	0.8382	0.1943	-61.0000	79	54352	1315	-12.0676	1361	5.7586	29	685	53	0.1261	0.5306	22.2318	9.8823	0.8694	0.5418	63.7304	293	30951	0.9331	0.3514
1607	1609	19	269	431479	431211	1071	101008	249	18426	43	18426	43	1	82582	0.9399	0.8897	0.1941	-63.3165	79	54483	1316	13.6957	23	4.3226	31	212	18	0.1260	0.7406	22.9322	9.8835	0.8702	0.5087	64.0350	257	33277	0.9328	0.3470
1609	1613	19	269	433627	433359	2147	101513	505	18501	75	18501	75	1	83012	0.9402	0.7661	0.1939	-62.9241	79	54744	1323	12.7826	23	5.1379	29	462	37	0.1265	0.6783	23.3397	9.8873	0.8698	0.5228	64.5418	251	33817	0.9324	0.3624
1613	1619	19	270	436859	436590	3231	102265	752	18625	124	18625	124	1	83640	0.9407	0.8517	0.1936	-64.3797	79	55157	1332	11.4433	97	-5.5172	29	689	42	0.1269	0.5026	23.9702	9.8934	0.8740	0.5146	64.7488	211	36846	0.9307	0.3471
1619	1621	19	271	437939	437669	1079	102522	257	18657	33	18657	33	1	83865	0.9411	0.6640	0.1934	-62.9241	79	55297	1337	13.0435	23	3.7199	457	64	4	0.1274	0.9272	23.8605	9.8947	0.8758	0.5166	63.9052	211	36935	0.9307	0.3763
1621	1627	19	271	441187	440917	3247	103282	760	18779	122	18779	122	1	84503	0.9414	0.8312	0.1931	-61.4557	79	55713	1349	13.0264	227	-7.0870	23	760	59	0.1273	0.5532	23.4386	9.9008	0.8752	0.5554	66.5139	251	34448	0.9339	0.3450
1627	1637	19	272	446627	446356	5439	104561	1279	18984	205	18984	205	1	85577	0.9412	0.8309	0.1929	-65.7468	79	56396	1362	12.3628	113	8.5205	73	711	28	0.1276	0.4563	24.7902	9.9119	0.8828	0.5363	66.9602	251	34894	0.9255	0.3371
1637	1657	19	274	457607	457334	10979	107130	2568	19381	397	19381	397	1	87749	0.9390	0.8024	0.1927	-67.8101	79	57781	1395	-12.4284	1361	-8.3043	23	2568	215	0.1271	0.3610	24.4458	9.9350	0.8835	0.5525	65.7171	251	35803	0.9386	0.3357
1657	1663	19	277	460927	460651	3319	107911	780	19501	120	19501	120	1	88410	0.9391	0.7995	0.1924	-71.2911	79	58195	1402	-12.5760	1361	-5.8276	29	708	43	0.1267	0.5686	24.0381	9.9410	0.8806	0.5479	-68.9114	79	58101	0.9353	0.3404
1663	1667	19	278	463147	462870	2219	108425	514	19581	80	19581	80	1	88844	0.9396	0.8098	0.1922	-70.4051	79	58476	1410	14.4328	67	-4.8293	41	386	14	0.1265	0.6798	24.7473	9.9446	0.8843	0.5506	-68.0253	79	58382	0.9345	0.3366
1667	1669	19	279	464259	463981	1111	108687	262	19615	35	19615	35	1	89072	0.9401	0.6959	0.1920	-68.1772	79	58625	1416	-12.7164	1361	3.5493	71	158	8	0.1266	0.9280	25.6234	9.9458	0.8831	0.5378	66.3426	251	36352	0.9352	0.3366
1669	1693	19	279	477707	477429	13447	111833	3146	20099	484	20099	484	1	91734	0.9374	0.8024	0.1917	-64.8101	79	60309	1462	-11.3395	1361	14.7458	59	1984	82	0.1265	0.3371	26.0000	9.9731	0.8783	0.5582	64.7291	251	37433	0.9310	0.3335
1693	1697	19	283	479967	479685	2259	112365	532	20168	69	20168	69	1	92197	0.9372	0.6773	0.1915	-64.0000	79	60593	1470	13.8209	67	3.2677	127	237	7	0.1270	0.7850	23.1714	9.9767	0.8779	0.5472	65.3268	257	37223	0.9262	0.3601
1697	1699	19	284	481099	480816	1131	112625	261	20202	35	20202	35	1	92423	0.9377	0.7011	0.1913	-63.3671	79	60726	1474	12.0597	67	2.5957	47	174	10	0.1272	0.8909	23.8091	9.9778	0.8787	0.5104	64.7276	257	37300	0.9269	0.3498
1699	1709	19	284	486779	486496	5679	113956	1330	20388	186	20388	186	1	93568	0.9364	0.7320	0.1911	-62.4937	79	61442	1493	11.2137	131	7.9535	43	947	52	0.1279	0.5310	24.0283	9.9884	0.8807	0.5634	66.0856	257	37768	0.9332	0.3442
1709	1721	19	286	493639	493354	6859	115561	1605	20627	239	20627	239	1	94934	0.9353	0.7803	0.1908	-65.0886	79	62295	1512	11.7099	131	6.8780	41	1212	66	0.1280	0.4850	24.2813	10.0012	0.8805	0.5976	67.4833	509	26854	0.9333	0.3393
1721	1723	19	288	494787	494500	1147	115827	266	20673	47	20673	47	1	95154	0.9364	0.9270	0.1906	-61.5823	79	62433	1519	-11.8893	1021	4.1724	29	244	21	0.1278	0.7375	24.3367	10.0023	0.8822	0.5290	68.1768	509	26932	0.9346	0.3599
1723	1733	19	288	500547	500260	5759	117179	1352	20893	220	20893	220	1	96286	0.9365	0.8547	0.1904	59.9494	257	39713	369	-11.5377	1021	-5.8966	29	1231	79	0.1272	0.4161	24.2519	10.0128	0.8819	0.5240	68.7505	509	27295	0.9316	0.3442
1733	1741	19	290	505179	504890	4631	118263	1084	21053	160	21053	160	1	97210	0.9361	0.7762	0.1902	62.1790	257	40069	374	12.4580	131	-6.3820	89	551	6	0.1276	0.5234	24.4376	10.0208	0.8845	0.5345	68.6621	509	27572	0.9320	0.3368
1741	1747	19	291	508667	508377	3487	119080	817	21168	115	21168	115	1	97912	0.9358	0.7410	0.1900	61.9300	257	40358	376	14.3894	113	-6.4124	97	408	2	0.1280	0.6275	24.5723	10.0266	0.8824	0.5514	68.2568	257	39545	0.9305	0.3424
1747	1753	19	292	512167	511876	3499	119905	825	21304	136	21304	136	1	98601	0.9364	0.8688	0.1897	62.6031	257	40657	379	14.7876	113	7.0732	41	634	38	0.1283	0.4828	24.5874	10.0323	0.8841	0.5145	68.9300	257	39844	0.9284	0.3360
1753	1759	19	293	515679	515387	3511	120722	817	21458	154	21458	154	1	99264	0.9379	0.9946	0.1895	61.2218	257	40963	380	11.9160	131	-4.1186	59	505	13	0.1272	0.4091	24.5655	10.0380	0.8878	0.5270	67.9980	509	28250	0.9345	0.3347
1759	1777	19	294	526287	525994	10607	123204	2481	21826	368	21826	368	1	101378	0.9358	0.7835	0.1893	62.7315	257	41797	388	-13.3399	1021	7.9355	31	2109	144	0.1274	0.3858	24.8164	10.0572	0.8865	0.5391	69.0584	257	40984	0.9340	0.3324
1777	1783	19	297	529847	529551	3559	124045	840	21944	118	21944	118	1	102101	0.9356	0.7429	0.1891	63.5681	257	42075	391	13.1832	131	5.9565	23	840	79	0.1281	0.6480	24.9505	10.0629	0.8915	0.5647	69.8949	257	41262	0.9360	0.3298
1783	1787	19	298	532227	531930	2379	124601	555	22037	93	22037	93	1	102564	0.9364	0.8872	0.1889	64.9416	257	42284	394	-12.0764	1021	-7.2609	23	555	41	0.1278	0.6045	24.8047	10.0662	0.8885	0.5479	71.2685	257	41471	0.9348	0.3482
1787	1789	19	299	533419	533121	1191	124877	276	22084	48	22084	48	1	102793	0.9373	0.9218	0.1887	65.1323	257	42388	395	-12.6170	1021	4.0000	23	276	28	0.1275	0.7100	24.8576	10.0673	0.8910	0.5188	71.4514	257	41576	0.9343	0.3400
1789	1801	19	299	540599	540301	7179	126556	1679	22360	276	22360	276	1	104196	0.9375	0.8723	0.1885	65.4708	257	42987	400	13.1304	23	7.1967	61	1031	41	0.1271	0.3787	25.0252	10.0795	0.8947	0.5380	71.7899	257	42175	0.9380	0.3296
1801	1811	19	301	546619	546319	6019	127966	1409	22564	204	22564	204	1	105402	0.9367	0.7691	0.1882	68.7432	257	43466	407	12.5217	23	5.9677	31	1194	83	0.1272	0.4995	25.2253	10.0895	0.8923	0.5545	75.0623	257	42654	0.9383	0.3292
1811	1823	19	303	553887	553585	7267	129672	1705	22823	259	22823	259	1	106849	0.9360	0.8078	0.1880	70.2062	257	44049	413	11.9204	113	-6.5135	37	1360	67	0.1274	0.4319	25.5159	10.1017	0.8899	0.5356	76.5253	257	43237	0.9336	0.3279
1823	1831	19	305	558759	558455	4871	130814	1142	22989	166	22989	166	1	107825	0.9356	0.7739	0.1878	71.3191	257	44420	417	11.8397	131	-3.9070	43	815	34	0.1274	0.5365	25.5303	10.1093	0.8869	0.5325	77.6381	257	43608	0.9360	0.3276
1831	1847	19	306	568567	568262	9807	133108	2295	23349	360	23349	360	1	109759	0.9349	0.8360	0.1876	69.1323	257	45215	421	-11.7807	1049	11.8108	37	1835	111	0.1267	0.3522	25.9334	10.1256	0.8893	0.5258	75.4514	257	44403	0.9340	0.3244
1847	1861	19	309	577219	576911	8651	135135	2028	23651	302	23651	302	1	111484	0.9338	0.7945	0.1874	67.6848	257	45915	425	13.8702	131	9.0377	53	1324	59	0.1270	0.4156	26.2732	10.1396	0.8835	0.5410	74.0039	257	45103	0.9326	0.3251
1861	1867	19	311	580947	580637	3727	136009	873	23770	119	23770	119	1	112239	0.9335	0.7281	0.1872	68.3191	257	46219	428	13.5267	131	4.7586	29	801	60	0.1271	0.6265	26.4064	10.1450	0.8777	0.5434	74.6381	257	45407	0.9300	0.3306
1867	1871	19	312	583439	583128	2491	136590	580	23856	86	23856	86	1	112734	0.9339	0.7928	0.1870	67.7315	257	46423	429	12.6565	131	4.5652	23	580	55	0.1272	0.6741	26.5042	10.1482	0.8806	0.5462	74.0506	257	45611	0.9341	0.3409
1871	1873	19	313	584687	584375	1247	136884	294	23897	42	23897	42	1	112987	0.9345	0.7647	0.1868	66.9222	257	46527	429	15.1679	131	3.4043	47	202	12	0.1272	0.8616	26.5497	10.1493	0.8796	0.5283	73.2335	257	45716	0.9319	0.3353
1873	1877	19	313	587187	586875	2499	137471	587	23985	88	23985	88	1	113486	0.9349	0.8033	0.1866	66.3969	257	46723	430	12.2061	131	-5.1351	37	465	20	0.1274	0.6353	25.6507	10.1525	0.8775	0.5231	72.7082	257	45912	0.9293	0.3385
1877	1879	19	314	588439	588126	1251	137758	287	24030	46	24030	46	1	113728	0.9357	0.8598	0.1864	66.6109	257	46824	431	10.8244	131	-3.2553	47	194	5	0.1274	0.7302	25.7018	10.1535	0.8779	0.5102	72.9144	257	46014	0.9306	0.3335
1879	1889	19	314	594719	594406	6279	139232	1474	24257	227	24257	227	1	114975	0.9355	0.8270	0.1862	66.6109	257	47338	435	12.3206	131	-8.1739	23	1474	120	0.1270	0.4608	25.8466	10.1631	0.8779	0.5575	72.9144	257	46528	0.9280	0.3274
1889	1901	19	316	602299	601984	7579	141009	1777	24529	272	24529	272	1	116480	0.9351	0.8228	0.1860	67.7471	257	47963	441	12.1908	131	5.6390	277	604	10	0.1273	0.4306	26.1364	10.1747	0.8787	0.5490	74.0506	257	47153	0.9309	0.3266
1901	1907	19	318	606107	605790	3807	141899	890	24680	151	24680	151	1	117219	0.9359	0.9130	0.1858	65.2879	257	48279	441	-11.7742	31	4.3373	83	484	16	0.1272	0.4407	26.1302	10.1800	0.8806	0.5116	72.8919	509	33876	0.9278	0.3217
1907	1913	19	319	609927	609609	3819	142797	899	24815	135	24815	135	1	117982	0.9361	0.8089	0.1856	63.4204	383	41475	280	-10.7157	197	5.6901	71	508	20	0.1270	0.5620	26.2732	10.1852	0.8812	0.5410	72.9528	509	34115	0.9300	0.3216
1913	1931	19	320	621459	621140	11531	145496	2698	25237	422	25237	422	1	120259	0.9354	0.8435	0.1854	63.0705	383	42308	284	11.5905	569	-12.6744	43	1928	77	0.1267	0.3498	26.4688	10.2029	0.8847	0.5512	73.0570	509	34852	0.9312	0.3185
1931	1933	19	323	622747	622425	1287	145794	298	25279	43	25279	43	1	120515	0.9360	0.7789	0.1853	64.5265	509	37532	212	11.5431	569	5.5373	67	183	11	0.1269	0.8205	26.5139	10.2039	0.8845	0.5154	74.7269	509	34936	0.9325	0.3396
1933	1949	19	323	633099	632777	10351	148224	2429	25630	351	25630	351	1	122594	0.9344	0.7809	0.1851	66.1120	241	51440	493	-10.3506	1021	-8.3451	113	1093	11	0.1277	0.4196	26.8841	10.2194	0.8814	0.5652	74.2240	509	35573	0.9371	0.3209
1949	1951	19	326	634399	634074	1299	148529	306	25672	43	25672	43	1	122857	0.9349	0.7601	0.1849	65.2822	241	51540	493	-10.8578	211	5.9268	41	227	17	0.1278	0.8434	26.9282	10.2204	0.8828	0.5125	73.9332	509	35647	0.9369	0.3197
1951	1973	19	326	648787	648462	14387	151894	3364	26192	520	26192	520	1	125702	0.9337	0.8370	0.1847	67.0545	367	45131	313	10.1019	569	8.6792	53	2208	92	0.1271	0.3216	26.4809	10.2418	0.8844	0.5466	76.2947	509	36573	0.9340	0.3177
1973	1979	19	330	652739	652410	3951	152823	928	26324	132	26324	132	1	126499	0.9336	0.7710	0.1845	68.5722	367	45403	316	-10.5025	197	-7.1698	53	614	16	0.1273	0.6013	26.6842	10.2469	0.8821	0.5531	76.7466	367	43903	0.9322	0.3162
1979	1987	19	331	658027	657697	5287	154057	1233	26532	208	26532	208	1	127525	0.9344	0.9153	0.1843	67.5778	379	45181	306	-10.7767	1021	7.5056	89	645	22	0.1265	0.4178	26.8961	10.2539	0.8759	0.5346	77.0354	509	37148	0.9338	0.3170
1987	1993	19	332	662007	661676	3979	154987	929	26650	118	26650	118	1	128337	0.9339	0.6899	0.1841	68.8684	509	39990	226	-11.1182	719	-5.2349	149	390	0	0.1276	0.6985	27.0167	10.2589	0.8786	0.5715	79.0648	509	37395	0.9348	0.3228
1993	1997	19	333	664667	664335	2659	155616	628	26736	86	26736	86	1	128880	0.9341	0.7445	0.1839	68.2279	509	40153	226	-10.8679	719	3.5351	641	149	4	0.1274	0.7113	26.8299	10.2620	0.8787	0.5433	78.4244	509	37558	0.9341	0.3221
1997	1999	19	334	665999	665666	1331	155923	307	26777	42	26777	42	1	129146	0.9346	0.7445	0.1838	67.9136	509	40233	226	-10.9746	197	-3.6957	23	307	23	0.1275	0.8492	26.8721	10.2629	0.8797	0.5189	78.1061	509	37639	0.9347	0.3426
1999	2003	19	334	668667	668334	2667	156547	624	26870	93	26870	93	1	129677	0.9350	0.8119	0.1836	68.2417	509	40404	227	-10.7746	71	-4.8060	67	362	6	0.1274	0.6299	26.8467	10.2659	0.8773	0.5315	78.4342	509	37810	0.9380	0.3404
2003	2011	19	335	674019	673685	5351	157802	1254	27075	205	27075	205	1	130727	0.9356	0.8914	0.1834	-68.3969	131	69718	996	-10.1126	1021	8.0282	71	709	28	0.1266	0.4306	27.0632	10.2729	0.8748	0.5283	78.0668	509	38158	0.9416	0.3281
2011	2017	19	336	678047	677712	4027	158743	940	27215	140	27215	140	1	131528	0.9358	0.8130	0.1832	70.1372	379	46591	316	9.1102	127	-4.8686	137	402	1	0.1268	0.5666	27.2113	10.2779	0.8729	0.5408	79.1002	509	38404	0.9411	0.3223
2017	2027	19	337	684787	684451	6739	160324	1581	27452	237	27452	237	1	132872	0.9356	0.8191	0.1830	68.1591	509	41443	231	-9.6548	197	5.7534	73	885	30	0.1265	0.4424	27.2206	10.2868	0.8712	0.5490	78.3517	509	38849	0.9337	0.3216
2027	2029	19	339	686139	685801	1351	160645	322	27493	42	27493	42	1	133152	0.9360	0.7134	0.1828	70.0343	379	47179	319	-8.9137	197	4.5957	47	221	14	0.1267	0.9012	27.2613	10.2878	0.8735	0.5311	79.0295	509	38931	0.9401	0.3228
2029	2039	19	339	692919	692581	6779	162225	1580	27722	229	27722	229	1	134503	0.9355	0.7935	0.1827	69.5963	379	47641	321	-12.9543	197	-7.5254	59	989	26	0.1270	0.4890	27.4883	10.2966	0.8737	0.5453	77.9235	379	46063	0.9334	0.3211
2039	2053	19	341	702467	702127	9547	164469	2243	28052	330	28052	330	1	136417	0.9347	0.8062	0.1825	71.1172	367	48973	338	-12.7360	197	-6.5246	61	1358	38	0.1269	0.4055	27.5154	10.3094	0.8720	0.5360	79.2807	367	47475	0.9327	0.3220
2053	2063	19	343	709327	708985	6859	166076	1606	28287	235	28287	235	1	137789	0.9343	0.8027	0.1823	-72.3551	107	78557	1396	-11.0508	197	-7.5421	107	778	7	0.1271	0.4682	27.7469	10.3181	0.8673	0.5542	79.2927	509	40391	0.9320	0.3255
2063	2069	19	345	713459	713115	4131	167042	966	28421	134	28421	134	1	138621	0.9342	0.7616	0.1821	-72.0280	107	79021	1405	-10.7902	1301	-6.0930	43	690	26	0.1275	0.5925	27.8784	10.3229	0.8700	0.5256	80.0027	367	48260	0.9385	0.3241
2069	2081	19	346	721759	721414	8299	168982	1940	28690	269	28690	269	1	140292	0.9331	0.7621	0.1820	75.6076	367	50351	350	-11.5533	197	11.8710	31	1645	118	0.1281	0.5030	27.1471	10.3335	0.8710	0.5966	83.7711	367	48853	0.9386	0.3300
2081	2083	19	348	723147	722800	1387	169309	327	28738	49	28738	49	1	140571	0.9338	0.8244	0.1818	76.0736	367	50449	351	-12.8372	43	4.2658	79	187	9	0.1280	0.7789	27.1962	10.3345	0.8719	0.5120	84.2316	367	48952	0.9377	0.3481
2083	2087	19	348	725927	725580	2779	169962	653	28820	82	28820	82	1	141142	0.9337	0.6915	0.1816	76.0000	367	50646	352	11.8900	409	6.1860	43	469	28	0.1281	0.7812	27.6716	10.3374	0.8699	0.5556	84.1580	367	49149	0.9423	0.3381
2087	2089	19	349	727319	726971	1391	170283	321	28867	48	28867	48	1	141416	0.9344	0.8242	0.1814	75.4441	367	50748	352	11.3203	409	-5.9512	41	245	6	0.1281	0.7973	27.7177	10.3383	0.8717	0.5253	83.5967	367	49252	0.9409	0.3536
2089	2099	19	349	734299	733951	6979	171925	1642	29106	239	29106	239	1	142819	0.9340	0.8030	0.1813	74.7629	367	51240	354	10.4128	109	-6.8814	59	1029	28	0.1282	0.4532	27.9472	10.3470	0.8703	0.5274	82.9155	367	49744	0.9417	0.3296
2099	2111	19	351	742719	742369	8419	173893	1967	29394	288	29394	288	1	144499	0.9335	0.8086	0.1811	74.4060	367	51856	357	-13.4112	197	9.7015	67	1149	44	0.1285	0.4438	28.0076	10.3574	0.8676	0.5577	84.0295	509	42494	0.9354	0.3262
2111	2113	19	353	744127	743775	1407	174221	329	29446	53	29446	53	1	144775	0.9343	0.8905	0.1809	75.8283	367	51962	359	-12.7411	197	-7.2162	37	263	7	0.1283	0.7282	28.0572	10.3583	0.8685	0.5250	83.9755	367	50467	0.9361	0.3257
2113	2129	19	353	755439	755087	11311	176877	2655	29823	377	29823	377	1	147054	0.9329	0.7856	0.1807	75.3760	367	52779	363	-12.7056	197	-8.2414	29	2425	159	0.1285	0.4025	28.4202	10.3725	0.8633	0.5528	84.0718	557	41755	0.9328	0.3317
2129	2131	19	356	756859	756504	1419	177203	326	29867	45	29867	45	1	147336	0.9334	0.7645	0.1806	75.8256	367	52880	364	-12.0152	197	-4.6512	43	229	6	0.1288	0.8460	28.4631	10.3734	0.8681	0.5247	83.9673	367	51386	0.9371	0.3512
2131	2137	19	356	761127	760772	4267	178202	999	30000	133	30000	133	1	148202	0.9332	0.7380	0.1804	75.1853	367	53181	365	-10.9462	1301	-6.6716	67	592	11	0.1289	0.6457	28.5908	10.3781	0.8673	0.5636	84.8618	557	42092	0.9379	0.3355
2137	2141	19	357	763979	763623	2851	178874	671	30102	102	30102	102	1	148772	0.9337	0.8434	0.1802	75.1117	367	53378	366	11.0992	131	9.6226	53	434	26	0.1288	0.6369	28.6889	10.3809	0.8668	0.5289	84.2621	557	42259	0.9384	0.3386
2141	2143	19	358	765407	765050	1427	179208	334	30147	46	30147	46	1	149061	0.9343	0.7649	0.1801	75.3084	509	46495	258	-11.2651	83	-3.4324	37	267	11	0.1290	0.8460	28.7318	10.3818	0.8651	0.5213	85.4774	509	43907	0.9360	0.3341
2143	2153	19	358	772567	772210	7159	180883	1674	30381	234	30381	234	1	150502	0.9337	0.7770	0.1799	76.7166	367	54001	371	12.4866	409	8.0984	61	1034	42	0.1289	0.4965	28.5162	10.3902	0.8637	0.5666	86.6778	509	44365	0.9351	0.3342
2153	2161	19	360	778319	777960	5751	182229	1346	30571	190	30571	190	1	151658	0.9334	0.7854	0.1797	79.4060	367	54425	376	-11.0406	197	7.9565	23	1346	125	0.1292	0.5248	28.6945	10.3967	0.8623	0.5335	87.5422	367	52932	0.9409	0.3285
2161	2179	19	361	791339	790979	13019	185278	3048	31009	438	31009	438	1	154269	0.9321	0.8003	0.1796	79.3597	367	55351	381	12.4177	79	13.2881	59	1909	78	0.1293	0.3909	29.1084	10.4124	0.8671	0.5642	87.4959	367	53858	0.9444	0.3265
2179	2203	19	364	808867	808504	17527	189386	4107	31580	571	31580	571	1	157806	0.9295	0.7750	0.1794	81.6131	367	56589	390	11.9071	409	11.4906	53	2690	113	0.1296	0.3704	29.2281	10.4334	0.8612	0.5856	89.7583	509	46635	0.9378	0.3255
2203	2207	19	368	811807	811440	2939	190069	683	31681	101	31681	101	1	158388	0.9300	0.8251	0.1792	80.8468	509	49412	275	11.5672	409	3.8828	239	253	6	0.1296	0.6459	29.3216	10.4361	0.8612	0.5424	91.0157	509	46824	0.9378	0.3250
2207	2213	19	369	816227	815859	4419	191104	1035	31818	137	31818	137	1	159286	0.9298	0.7392	0.1791	81.8447	367	57097	393	12.5061	409	-7.2791	43	737	27	0.1298	0.6403	29.4484	10.4406	0.8601	0.5542	90.9587	509	47093	0.9350	0.3262
2213	2221	19	370	822139	821770	5911	192498	1393	32032	214	32032	214	1	160466	0.9301	0.8587	0.1789	83.3815	367	57549	397	11.6895	409	-5.4971	173	562	1	0.1297	0.4386	29.6483	10.4470	0.8615	0.5126	91.5177	367	56056	0.9363	0.3267
2221	2237	19	371	834027	833657	11887	195283	2785	32419	387	32419	387	1	162864	0.9287	0.7774	0.1787	85.2161	509	50845	285	-10.7472	1871	-7.3944	71	1576	37	0.1300	0.4164	30.0111	10.4604	0.8626	0.5493	95.3851	509	48257	0.9442	0.3293
2237	2239	19	374	835519	835146	1491	195629	347	32466	48	32466	48	1	163163	0.9293	0.7746	0.1786	84.8821	509	50930	285	-11.3539	421	5.3380	71	201	11	0.1301	0.8515	30.0555	10.4613	0.8639	0.5261	95.0472	509	48343	0.9459	0.3293
2239	2243	19	374	838507	838134	2987	196327	697	32556	90	32556	90	1	163771	0.9294	0.7237	0.1784	85.1945	509	51105	286	-11.6698	421	4.9355	31	590	43	0.1303	0.7380	30.1425	10.4640	0.8604	0.5233	95.3595	509	48518	0.9463	0.3557
2243	2251	19	375	844499	844125	5991	197731	1404	32734	178	32734	178	1	164997	0.9286	0.7112	0.1783	84.7014	509	51485	287	-11.0851	47	-7.7742	31	1190	69	0.1309	0.6148	30.3091	10.4702	0.8627	0.5534	94.8664	509	48898	0.9479	0.3381
2251	2267	19	376	856547	856172	12047	200556	2825	33120	386	33120	386	1	167436	0.9272	0.7672	0.1781	83.1008	367	59986	410	-11.4729	571	-8.3186	113	1261	14	0.1319	0.4244	30.6719	10.4835	0.8678	0.5561	91.9823	509	49632	0.9482	0.3335
2267	2269	19	379	858059	857681	1511	200908	353	33166	47	33166	47	1	167742	0.9277	0.7482	0.1780	82.5286	367	60091	410	-11.7058	571	6.0943	53	236	15	0.1321	0.9184	30.7154	10.4844	0.8712	0.5371	91.6090	509	49727	0.9484	0.3328
2269	2273	19	379	861087	860709	3027	201610	701	33275	109	33275	109	1	168335	0.9283	0.8746	0.1778	84.3188	367	60313	413	-11.1489	47	4.5484	31	596	43	0.1320	0.5904	29.8181	10.4870	0.8684	0.5242	92.4441	367	58822	0.9458	0.3381
2273	2281	19	380	867159	866780	6071	203038	1427	33477	202	33477	202	1	169561	0.9282	0.7969	0.1776	84.9373	367	60750	416	-10.3267	2017	4.5570	79	768	24	0.1320	0.5039	30.0125	10.4931	0.8701	0.5506	93.0627	367	59259	0.9505	0.3451
2281	2287	19	381	871727	871347	4567	204108	1070	33615	138	33615	138	1	170493	0.9279	0.7267	0.1775	85.9842	379	60264	404	-11.9142	571	6.9565	23	1070	100	0.1325	0.6400	30.1430	10.4975	0.8761	0.5403	94.2744	379	58693	0.9524	0.3412
2287	2293	19	382	876307	875926	4579	205181	1072	33775	160	33775	160	1	171406	0.9283	0.8417	0.1773	86.2216	379	60598	406	-10.6725	571	-4.7241	29	982	63	0.1324	0.5272	30.2938	10.5019	0.8787	0.5480	94.5119	379	59027	0.9519	0.3409
2293	2297	19	383	879367	878985	3059	205902	722	33870	95	33870	95	1	172032	0.9284	0.7427	0.1772	87.1187	379	60807	408	-11.1666	2017	5.7757	107	333	12	0.1327	0.7094	30.3864	10.5045	0.8788	0.5376	95.4090	379	59236	0.9524	0.3394
2297	2309	19	384	888579	888196	9211	208057	2154	34172	302	34172	302	1	173885	0.9278	0.7920	0.1770	85.6887	379	61457	410	-11.5553	1021	8.4138	29	1966	144	0.1329	0.4495	30.6742	10.5141	0.8794	0.5571	93.9789	379	59886	0.9520	0.3376
2309	2311	19	386	890119	889734	1539	208414	357	34222	51	34222	51	1	174192	0.9284	0.8077	0.1769	86.0976	379	61569	411	-12.2547	1021	-3.6897	29	329	19	0.1329	0.8530	30.7233	10.5149	0.8806	0.5330	94.3826	379	59999	0.9523	0.3736
2311	2333	19	386	907147	906762	17027	212402	3987	34777	555	34777	555	1	177625	0.9265	0.7877	0.1767	85.7018	379	62781	417	-12.0666	1021	13.6780	59	2517	99	0.1337	0.3855	30.0969	10.5330	0.8895	0.5737	93.9868	379	61211	0.9511	0.3360
2333	2339	19	390	911819	911430	4671	213494	1091	34956	179	34956	179	1	178538	0.9273	0.9292	0.1766	86.4823	367	63953	435	-13.2057	1021	-5.3239	71	615	12	0.1332	0.4559	30.2518	10.5373	0.8900	0.5217	94.6022	367	62463	0.9512	0.3312
2339	2341	19	391	913379	912989	1559	213859	365	34998	43	34998	43	1	178861	0.9277	0.6678	0.1764	85.9210	367	64056	435	-12.9207	1021	-3.7391	23	365	28	0.1334	0.9669	30.0026	10.5381	0.8906	0.5366	94.0354	367	62567	0.9484	0.3315
2341	2347	19	391	918067	917677	4687	214960	1101	35156	158	35156	158	1	179804	0.9279	0.8142	0.1763	86.6438	379	63550	422	-13.8276	29	-9.0851	47	754	23	0.1335	0.5614	30.1380	10.5424	0.8908	0.5352	94.9235	379	61981	0.9497	0.3322
2347	2351	19	392	921199	920808	3131	215692	731	35269	113	35269	113	1	180423	0.9285	0.8778	0.1761	86.8147	367	64626	439	-13.5113	1021	5.0690	29	666	51	0.1332	0.5726	30.2349	10.5450	0.8906	0.5135	94.9292	367	63137	0.9479	0.3303
2351	2357	19	393	925907	925515	4707	216799	1106	35418	149	35418	149	1	181381	0.9284	0.7656	0.1760	89.0163	367	64956	443	13.0332	211	-4.4198	131	486	3	0.1335	0.5893	30.2847	10.5492	0.8920	0.5349	97.1308	367	63467	0.9468	0.3291
2357	2371	19	394	936939	936546	11031	219384	2585	35793	375	35793	375	1	183591	0.9280	0.8251	0.1758	90.6621	367	65755	449	-13.8065	31	-8.8966	29	2362	154	0.1334	0.4016	30.5809	10.5602	0.8946	0.5438	98.7766	367	64266	0.9545	0.3316
2371	2377	19	396	941687	941292	4747	220495	1111	35945	152	35945	152	1	184550	0.9280	0.7788	0.1757	88.8365	367	66090	449	-11.4839	31	5.7670	103	527	16	0.1334	0.5996	30.7117	10.5644	0.8943	0.5348	96.9510	367	64601	0.9554	0.3327
2377	2381	19	397	944859	944463	3171	221239	744	36038	93	36038	93	1	185201	0.9281	0.7122	0.1755	90.5831	367	66320	452	11.9528	233	-4.1887	53	482	14	0.1337	0.7620	30.7911	10.5670	0.8959	0.5444	98.6975	367	64831	0.9525	0.3319
2381	2383	19	398	946447	946050	1587	221609	370	36085	48	36085	48	1	185524	0.9285	0.7398	0.1754	91.9782	367	66431	454	11.7768	233	3.6897	29	338	27	0.1340	0.8840	30.8321	10.5678	0.8961	0.5285	100.0872	367	64943	0.9525	0.3504
2383	2389	19	398	951219	950822	4771	222722	1113	36230	145	36230	145	1	186492	0.9284	0.7435	0.1752	90.1471	367	66767	454	-12.1613	31	5.4608	293	372	8	0.1344	0.6275	30.9569	10.5720	0.8968	0.5580	98.2561	367	65279	0.9502	0.3340
2389	2393	19	399	954407	954009	3187	223473	750	36343	113	36343	113	1	187130	0.9289	0.8606	0.1751	89.8719	367	67001	455	-12.6129	31	-4.4037	109	349	2	0.1344	0.6016	31.0560	10.5745	0.8989	0.5148	97.9809	367	65513	0.9532	0.3424
2393	2399	19	400	959199	958800	4791	224598	1124	36494	151	36494	151	1	188104	0.9289	0.7680	0.1749	92.9918	367	67346	460	-13.1935	31	-6.2584	89	590	7	0.1350	0.6004	31.1875	10.5787	0.9016	0.5504	101.1008	367	65858	0.9568	0.3409
2399	2411	19	401	968819	968419	9619	226842	2243	36814	320	36814	320	1	190028	0.9285	0.8163	0.1748	94.2480	367	68033	465	-12.1842	1303	10.8140	43	1595	85	0.1348	0.4261	30.6911	10.5878	0.8986	0.5391	102.3569	367	66545	0.9530	0.3359
2411	2417	19	403	973647	973245	4827	227979	1137	36970	156	36970	156	1	191009	0.9286	0.7857	0.1746	95.3351	367	68384	468	13.8991	109	7.5211	71	656	26	0.1352	0.5656	30.8212	10.5920	0.9011	0.5285	103.4441	367	66896	0.9465	0.3328
2417	2423	19	404	978487	978084	4839	229102	1123	37130	160	37130	160	1	191972	0.9288	0.8165	0.1745	93.4387	367	68732	468	-12.6531	1303	4.5676	37	896	53	0.1350	0.5415	30.8005	10.5960	0.9020	0.5272	101.5477	367	67244	0.9465	0.3308
2423	2437	19	405	989827	989423	11339	231768	2665	37519	389	37519	389	1	194249	0.9285	0.8372	0.1743	92.9210	367	69561	472	12.5522	67	11.2069	29	2433	179	0.1350	0.3937	31.0476	10.6068	0.8994	0.5473	101.0300	367	68073	0.9535	0.3354
2437	2441	19	407	993079	992673	3251	232528	760	37623	104	37623	104	1	194905	0.9288	0.7855	0.1742	93.5967	367	69804	474	-11.9117	1303	-6.7073	41	568	21	0.1351	0.6937	31.1336	10.6092	0.9016	0.5466	101.7057	367	68316	0.9537	0.3333
2441	2447	19	408	997967	997560	4887	233670	1141	37774	151	37774	151	1	195896	0.9287	0.7603	0.1741	93.7984	367	70134	476	14.1185	211	4.6873	307	355	7	0.1352	0.6140	30.9496	10.6133	0.9022	0.5342	101.9074	367	68646	0.9540	0.3350
2447	2459	19	409	1007779	1007371	9811	235970	2301	38109	335	38109	335	1	197861	0.9286	0.8371	0.1739	92.8692	367	70855	479	13.3175	211	-6.9655	29	2102	138	0.1347	0.4180	31.1475	10.6223	0.8998	0.5448	100.9782	367	69367	0.9556	0.3323
2459	2467	19	411	1014347	1013937	6567	237507	1538	38318	209	38318	209	1	199189	0.9284	0.7820	0.1738	92.2207	367	71341	481	14.7488	211	-6.7391	23	1538	127	0.1350	0.5314	31.1655	10.6280	0.8978	0.5368	100.3297	367	69853	0.9529	0.3326
2467	2473	19	412	1019287	1018876	4939	238663	1156	38494	176	38494	176	1	200169	0.9289	0.8768	0.1736	90.2425	367	71704	481	13.7915	211	-7.6897	29	1054	65	0.1346	0.4985	30.5954	10.6320	0.8998	0.5278	98.3515	367	70216	0.9550	0.3360
2473	2477	19	413	1022587	1022175	3299	239437	773	38615	121	38615	121	1	200822	0.9296	0.9022	0.1735	90.8801	367	71954	483	13.4550	211	-4.2124	113	351	2	0.1345	0.5781	31.2293	10.6344	0.8999	0.5287	98.9891	367	70466	0.9544	0.3313
2477	2503	19	414	1044167	1043754	21579	244492	5055	39326	711	39326	711	1	205166	0.9278	0.8113	0.1734	90.8507	509	64172	343	13.9083	109	-11.3671	79	2740	58	0.1350	0.3263	30.8059	10.6545	0.8994	0.5265	101.0000	509	61589	0.9523	0.3286
2503	2521	19	418	1059239	1058822	15071	248026	3535	39791	465	39791	465	1	208235	0.9262	0.7594	0.1732	91.4823	367	74596	498	13.0642	109	9.8136	59	2218	85	0.1354	0.4299	31.1828	10.6681	0.9001	0.5501	101.4244	509	62499	0.9506	0.3266
2521	2531	19	421	1067659	1067239	8419	249994	1967	40054	263	40054	263	1	209940	0.9257	0.7725	0.1731	95.0926	367	75218	505	11.9155	71	-6.5316	79	1048	20	0.1358	0.5190	31.7763	10.6752	0.9041	0.5602	103.2016	367	73730	0.9532	0.3286
2531	2539	19	423	1074419	1073997	6759	251579	1585	40252	198	40252	198	1	211327	0.9251	0.7223	0.1729	93.5749	367	75680	506	10.6643	557	7.7848	79	838	29	0.1362	0.6059	31.9334	10.6807	0.9034	0.5465	102.6876	509	63450	0.9539	0.3284
2539	2543	19	424	1077807	1077384	3387	252374	796	40362	110	40362	110	1	212012	0.9255	0.7997	0.1728	92.6699	509	66254	353	11.8097	557	-6.4865	37	638	28	0.1361	0.6832	32.0214	10.6831	0.9021	0.5397	102.8193	509	63671	0.9554	0.3364
2543	2549	19	425	1082899	1082475	5091	253559	1184	40530	168	40530	168	1	213029	0.9257	0.8217	0.1727	91.4597	509	66562	353	12.5548	557	-7.2530	83	633	8	0.1360	0.5491	32.1555	10.6870	0.9013	0.5349	101.6090	509	63979	0.9561	0.3347
2549	2551	19	426	1084599	1084174	1699	253960	401	40590	61	40590	61	1	213370	0.9263	0.8817	0.1725	91.0196	509	66674	353	-13.0930	43	-3.8696	23	401	31	0.1359	0.7425	32.2055	10.6878	0.9022	0.5174	101.1650	509	64092	0.9555	0.3665
2551	2557	19	426	1089707	1089282	5107	255162	1202	40763	173	40763	173	1	214399	0.9266	0.8348	0.1724	91.7466	509	66998	355	11.1284	109	6.4783	23	1202	111	0.1360	0.5490	32.3435	10.6917	0.9032	0.5458	101.8919	509	64416	0.9559	0.3383
2557	2579	19	427	1108539	1108113	18831	259571	4408	41340	577	41340	577	1	218231	0.9245	0.7599	0.1723	93.8619	449	71871	414	-14.0698	43	8.5532	47	2995	136	0.1371	0.4072	32.8036	10.7081	0.9038	0.5696	103.2027	449	69774	0.9570	0.3300
2579	2591	19	431	1118879	1118449	10339	261994	2424	41661	321	41661	321	1	220333	0.9238	0.7693	0.1721	94.8285	449	72552	418	11.6445	211	7.2174	23	2424	218	0.1378	0.4741	32.6625	10.7166	0.9068	0.5527	104.1693	449	70455	0.9614	0.3285
2591	2593	19	433	1120607	1120175	1727	262393	399	41714	54	41714	54	1	220679	0.9243	0.7869	0.1720	95.3163	449	72667	419	13.8626	211	-8.6957	23	399	26	0.1379	0.8464	32.7048	10.7173	0.9056	0.5287	104.6526	449	70571	0.9611	0.3459
2593	2609	19	433	1134479	1134047	13871	265643	3250	42145	431	42145	431	1	223498	0.9231	0.7716	0.1719	94.2717	449	73575	422	12.0569	211	10.5843	89	1665	48	0.1384	0.4172	32.6863	10.7289	0.9094	0.5303	103.8114	509	67236	0.9598	0.3333
2609	2617	19	436	1141447	1141012	6967	267277	1633	42357	212	42357	212	1	224920	0.9228	0.7559	0.1717	92.9018	509	70267	369	16.5687	211	7.9512	41	1231	68	0.1386	0.5712	32.8515	10.7342	0.9087	0.5531	103.0432	509	67686	0.9614	0.3360
2617	2621	19	437	1144939	1144503	3491	268096	818	42473	116	42473	116	1	225623	0.9232	0.8264	0.1716	94.0824	449	74291	425	14.0000	71	5.2903	31	693	50	0.1386	0.6703	32.3077	10.7365	0.9089	0.5432	103.4187	449	72195	0.9582	0.3417
2621	2633	19	438	1155447	1155010	10507	270546	2451	42815	342	42815	342	1	227731	0.9229	0.8137	0.1715	95.9777	449	74988	430	-14.5349	43	-8.5190	79	1324	25	0.1383	0.4161	32.2105	10.7449	0.9081	0.5296	105.3140	449	72892	0.9597	0.3344
2633	2647	19	440	1167767	1167328	12319	273433	2886	43217	402	43217	402	1	230216	0.9224	0.8129	0.1713	96.2539	449	75824	434	-17.8140	43	-8.9310	29	2638	173	0.1382	0.4191	32.8272	10.7547	0.9096	0.5424	105.5902	449	73728	0.9609	0.3320
2647	2657	19	442	1176607	1176166	8839	275508	2074	43505	288	43505	288	1	232003	0.9223	0.8110	0.1712	95.5724	449	76426	436	-10.7885	1163	12.9302	43	1485	82	0.1380	0.4799	32.3545	10.7615	0.9080	0.5653	104.9087	449	74330	0.9610	0.3343
2657	2659	19	444	1178379	1177936	1771	275924	417	43548	44	43548	44	1	232376	0.9225	0.6167	0.1711	96.0958	449	76533	437	-10.9620	2131	-3.2162	37	337	15	0.1382	1.0106	32.7798	10.7623	0.9104	0.5216	105.4276	449	74438	0.9619	0.3340
2659	2663	19	444	1181927	1181484	3547	276755	830	43660	112	43660	112	1	233095	0.9228	0.7893	0.1710	98.0490	449	76768	440	12.0845	71	-5.6415	53	547	15	0.1381	0.6873	32.8641	10.7645	0.9096	0.5343	107.3808	449	74673	0.9641	0.3339
2663	2671	19	445	1189039	1188595	7111	278416	1661	43885	225	43885	225	1	234531	0.9227	0.7930	0.1708	98.9510	449	77239	443	12.0275	509	-5.2389	113	748	8	0.1383	0.5143	33.0335	10.7698	0.9088	0.5450	108.2829	449	75144	0.9606	0.3312
2671	2677	19	446	1194387	1193942	5347	279678	1262	44062	177	44062	177	1	235616	0.9229	0.8216	0.1707	99.2673	449	77617	445	-11.1382	673	-9.4324	37	1007	45	0.1381	0.5797	33.1425	10.7735	0.9068	0.5569	108.5991	449	75522	0.9633	0.3338
2677	2683	19	447	1199747	1199301	5359	280929	1251	44225	163	44225	163	1	236704	0.9229	0.7639	0.1706	98.6682	449	77976	446	13.0076	131	-8.7595	79	662	8	0.1382	0.6229	33.2674	10.7773	0.9087	0.5472	108.0000	449	75881	0.9643	0.3446
2683	2687	19	448	1203327	1202880	3579	281767	837	44344	119	44344	119	1	237423	0.9233	0.8341	0.1704	99.5768	449	78221	448	10.2137	131	-4.9070	43	600	23	0.1381	0.6368	33.3584	10.7795	0.9072	0.5280	108.9087	449	76126	0.9614	0.3420
2687	2689	19	449	1205119	1204671	1791	282185	418	44399	56	44399	56	1	237786	0.9238	0.7866	0.1703	100.0557	449	78338	449	10.2613	1217	3.6712	73	231	10	0.1382	0.8375	33.3998	10.7802	0.9105	0.5268	109.3831	449	76244	0.9615	0.3401
2689	2693	19	449	1208707	1208259	3587	283028	842	44512	113	44512	113	1	238516	0.9241	0.7885	0.1702	99.9955	449	78576	450	9.8759	1217	6.7419	31	717	53	0.1383	0.6635	33.4855	10.7825	0.9093	0.5265	109.3229	449	76482	0.9597	0.3386
2693	2699	19	450	1214099	1213650	5391	284291	1262	44682	170	44682	170	1	239609	0.9242	0.7921	0.1701	101.4187	449	78930	453	-9.4717	1327	-6.1148	61	766	19	0.1384	0.5896	33.6141	10.7862	0.9067	0.5356	110.7461	449	76836	0.9568	0.3370
2699	2707	19	451	1221307	1220857	7207	285979	1689	44914	232	44914	232	1	241065	0.9242	0.8083	0.1699	100.3875	449	79386	454	-10.2902	641	8.1910	89	837	27	0.1382	0.5123	33.7909	10.7914	0.9060	0.5498	109.7149	449	77292	0.9559	0.3396
2707	2711	19	452	1224919	1224468	3611	286824	844	45032	118	45032	118	1	241792	0.9246	0.8233	0.1698	100.3096	449	79628	455	-10.6512	43	-6.3721	43	610	22	0.1381	0.6418	33.8819	10.7936	0.9070	0.5283	109.6370	449	77534	0.9574	0.3457
2711	2713	19	453	1226727	1226275	1807	287249	425	45085	54	45085	54	1	242164	0.9250	0.7488	0.1697	99.7929	449	79744	455	-9.5908	2131	5.5672	67	249	13	0.1383	0.8887	33.9218	10.7943	0.9069	0.5262	109.1158	449	77651	0.9573	0.3417
2713	2719	19	453	1232159	1231707	5431	288517	1268	45251	166	45251	166	1	243266	0.9250	0.7721	0.1696	100.2606	449	80088	457	-11.3953	43	6.7660	47	875	44	0.1383	0.6087	34.0474	10.7980	0.9058	0.5365	109.5835	449	77995	0.9573	0.3374
2719	2729	19	454	1241239	1240786	9079	290644	2127	45548	297	45548	297	1	245096	0.9249	0.8241	0.1694	98.5479	449	80697	458	10.8451	71	7.8630	73	1173	40	0.1381	0.4471	34.2730	10.8046	0.9050	0.5266	107.8708	449	78604	0.9569	0.3347
2729	2731	19	456	1243059	1242604	1819	291073	429	45609	62	45609	62	1	245464	0.9255	0.8536	0.1693	98.9777	449	80825	459	11.7606	71	-7.4865	37	342	11	0.1379	0.7826	34.3212	10.8053	0.9015	0.5277	108.2962	449	78733	0.9525	0.3641
2731	2741	19	456	1252179	1251724	9119	293207	2134	45902	293	45902	293	1	247305	0.9253	0.8115	0.1692	98.0554	379	87349	559	-10.0864	2281	-10.4658	73	1185	22	0.1383	0.4723	34.5446	10.8119	0.9073	0.5474	106.5390	449	79352	0.9577	0.3384
2741	2749	19	458	1259499	1259042	7319	294923	1716	46146	244	46146	244	1	248777	0.9255	0.8410	0.1691	97.3219	379	87867	561	11.5169	89	-8.6757	37	1363	65	0.1382	0.4886	34.7311	10.8170	0.9046	0.5453	106.3742	449	79838	0.9528	0.3327
2749	2753	19	459	1263167	1262709	3667	295784	861	46268	122	46268	122	1	249516	0.9259	0.8387	0.1689	97.9866	449	82170	464	-10.8830	641	-5.0563	71	499	9	0.1381	0.6293	34.8259	10.8192	0.9060	0.5160	107.3051	449	80078	0.9558	0.3391
2753	2767	19	460	1276047	1275588	12879	298800	3015	46682	414	46682	414	1	252118	0.9254	0.8134	0.1688	100.0624	449	83051	470	11.4312	109	-9.0690	29	2756	181	0.1381	0.4172	35.1448	10.8286	0.9072	0.5554	109.3808	449	80959	0.9577	0.3349
2767	2777	19	462	1285287	1284826	9239	300963	2162	46978	296	46978	296	1	253985	0.9253	0.8116	0.1687	97.3764	449	83654	470	11.4018	1217	-11.1321	53	1408	42	0.1382	0.4761	34.3727	10.8351	0.9063	0.5319	106.6949	449	81562	0.9531	0.3312
2777	2789	19	464	1296419	1295956	11131	303574	2611	47351	373	47351	373	1	256223	0.9253	0.8474	0.1686	96.3166	379	90521	574	12.9561	569	-10.4138	29	2384	154	0.1380	0.4060	34.6608	10.8430	0.9058	0.5317	105.2739	449	82330	0.9536	0.3308
2789	2791	19	466	1298279	1297814	1859	304008	435	47412	62	47412	62	1	256596	0.9258	0.8461	0.1685	-96.8561	139	130233	1777	11.8716	109	3.3226	31	367	27	0.1378	0.7451	34.7074	10.8437	0.9054	0.5057	104.7394	449	82450	0.9543	0.3300
2791	2797	19	466	1303867	1303402	5587	305318	1309	47607	195	47607	195	1	257711	0.9263	0.8849	0.1683	97.7817	449	84910	476	11.8162	457	-6.4151	53	859	26	0.1375	0.4890	34.8556	10.8473	0.9054	0.5139	107.0958	449	82819	0.9545	0.3267
2797	2801	19	467	1307599	1307133	3731	306188	870	47725	118	47725	118	1	258463	0.9266	0.8063	0.1682	97.6102	449	85173	477	11.7680	569	-10.4839	31	736	37	0.1375	0.6586	34.9466	10.8494	0.9033	0.5293	106.9243	449	83082	0.9501	0.3266
2801	2803	19	468	1309467	1309000	1867	306625	437	47780	56	47780	56	1	258845	0.9270	0.7623	0.1681	97.0846	449	85291	477	-15.5517	29	-4.5172	29	399	23	0.1376	0.8602	34.9887	10.8502	0.9055	0.5244	106.3942	449	83201	0.9514	0.3263
2803	2819	19	468	1324459	1323992	14991	310131	3506	48249	469	48249	469	1	261882	0.9262	0.7964	0.1680	99.6347	449	86290	484	14.3697	211	-7.5354	127	1558	17	0.1379	0.4064	34.8782	10.8608	0.9036	0.5427	108.9443	449	84200	0.9459	0.3260
2819	2833	19	471	1337647	1337177	13187	313221	3089	48673	424	48673	424	1	264548	0.9258	0.8177	0.1679	101.5991	449	87196	490	14.0806	211	10.3913	23	3089	279	0.1377	0.4166	35.1876	10.8700	0.9068	0.5535	110.9087	449	85106	0.9480	0.3269
2833	2837	19	473	1341427	1340955	3779	314109	888	48789	116	48789	116	1	265320	0.9260	0.7788	0.1677	100.5523	449	87431	490	12.6635	211	-7.5366	41	667	25	0.1378	0.6945	35.2721	10.8721	0.9069	0.5347	109.8619	449	85341	0.9463	0.3258
2837	2843	19	474	1347107	1346634	5679	315440	1330	48978	189	48978	189	1	266462	0.9263	0.8478	0.1676	100.8062	449	87823	492	13.0474	211	6.6203	79	726	25	0.1374	0.5622	35.6788	10.8757	0.9062	0.5562	110.1158	449	85733	0.9448	0.3297
2843	2851	19	475	1354699	1354225	7591	317216	1775	49192	214	49192	214	1	268024	0.9258	0.7198	0.1675	100.7082	449	88294	494	12.1159	233	-8.1519	79	954	16	0.1377	0.6111	35.2533	10.8806	0.9076	0.5557	110.0178	449	86204	0.9445	0.3274
2851	2857	19	476	1360407	1359932	5707	318550	1333	49361	169	49361	169	1	269189	0.9257	0.7574	0.1674	99.9666	449	88685	495	13.6652	233	6.0638	47	915	45	0.1380	0.6232	35.2215	10.8841	0.9088	0.5561	109.2762	449	86595	0.9443	0.3262
2857	2861	19	477	1364219	1363743	3811	319449	898	49499	138	49499	138	1	269950	0.9264	0.9187	0.1673	99.7817	449	88951	496	11.9485	233	-6.0000	47	611	20	0.1377	0.5776	35.3200	10.8862	0.9093	0.5377	109.0913	449	86861	0.9418	0.3243
2861	2879	19	478	1381439	1380962	17219	323482	4032	50056	557	50056	557	1	273426	0.9258	0.8265	0.1671	99.7261	449	90086	501	-12.9672	61	12.9322	59	2539	99	0.1372	0.3617	35.1161	10.8980	0.9048	0.5246	109.0356	449	87996	0.9425	0.3253
2879	2887	19	481	1389127	1388647	7687	325283	1802	50275	219	50275	219	1	275008	0.9253	0.7276	0.1670	101.4633	449	90594	505	-13.0164	61	-5.6238	101	890	12	0.1375	0.5975	35.2711	10.9029	0.9059	0.5440	110.7728	449	88504	0.9439	0.3273
2887	2897	19	482	1398767	1398286	9639	327540	2257	50580	305	50580	305	1	276960	0.9251	0.8096	0.1669	-102.2878	139	140271	1916	14.4979	233	-8.2609	23	2257	188	0.1376	0.5015	35.4858	10.9091	0.9037	0.5660	108.8953	449	89150	0.9464	0.3267
2897	2903	19	484	1404567	1404084	5799	328897	1356	50770	190	50770	190	1	278127	0.9254	0.8400	0.1668	-104.7482	139	140859	1922	14.8498	233	-7.0943	53	877	26	0.1376	0.5554	35.6198	10.9126	0.9034	0.5363	107.2266	503	84950	0.9458	0.3297
2903	2909	19	485	1410379	1409895	5811	330262	1364	50945	175	50945	175	1	279317	0.9254	0.7697	0.1667	-104.9784	139	141431	1930	14.1330	233	-6.0690	29	1248	80	0.1376	0.5993	35.7432	10.9160	0.9038	0.5419	107.7793	503	85314	0.9479	0.3279
2909	2917	19	486	1418147	1417662	7767	332077	1816	51199	254	51199	254	1	280878	0.9256	0.8397	0.1666	-103.2158	139	142212	1943	13.9236	733	-9.6774	31	1545	90	0.1374	0.4782	35.9214	10.9208	0.9031	0.5273	108.3356	587	80614	0.9500	0.3252
2917	2927	19	487	1427887	1427401	9739	334351	2273	51520	321	51520	321	1	282831	0.9257	0.8484	0.1665	-104.2878	139	143190	1956	13.0343	233	-8.3014	73	1252	26	0.1373	0.4474	36.1487	10.9269	0.9063	0.5617	109.2913	587	81214	0.9489	0.3238
2927	2939	19	489	1439619	1439131	11731	337106	2756	51905	385	51905	385	1	285201	0.9256	0.8398	0.1663	101.2525	503	89722	458	-11.9362	47	8.3448	29	2518	182	0.1369	0.4170	35.5879	10.9345	0.9057	0.5579	111.8586	587	81928	0.9453	0.3225
2939	2953	19	491	1453367	1452877	13747	340326	3219	52340	435	52340	435	1	287986	0.9252	0.8129	0.1662	-102.0360	139	145744	1995	-11.5082	2633	-9.4337	83	1678	31	0.1370	0.4296	35.8869	10.9433	0.8999	0.5554	110.9523	587	82781	0.9412	0.3224
2953	2957	19	493	1457307	1456815	3939	341247	920	52452	112	52452	112	1	288795	0.9253	0.7328	0.1661	100.7356	503	90858	462	10.9031	733	-7.4595	37	730	32	0.1371	0.7351	35.9643	10.9453	0.9015	0.5342	111.1652	587	83012	0.9432	0.3304
2957	2963	19	494	1463227	1462734	5919	342634	1387	52634	182	52634	182	1	290000	0.9254	0.7904	0.1660	-101.2374	139	146731	2010	-12.0608	641	-8.6341	41	1038	42	0.1372	0.5824	36.0891	10.9487	0.8974	0.5345	111.9353	587	83373	0.9393	0.3249
2963	2969	19	495	1469159	1468665	5931	344028	1393	52818	184	52818	184	1	291210	0.9255	0.7962	0.1659	-102.5252	139	147307	2017	12.3151	733	4.8763	97	685	19	0.1372	0.5669	37.1261	10.9521	0.8984	0.5231	110.7462	587	83722	0.9424	0.3228
2969	2971	19	496	1471139	1470644	1979	344485	458	52877	60	52877	60	1	291608	0.9259	0.7902	0.1658	-102.4748	139	147512	2020	12.9445	577	-7.2903	31	392	18	0.1374	0.8452	38.0153	10.9527	0.9013	0.5393	110.2828	587	83858	0.9442	0.3225
2971	2999	19	496	1498999	1498504	27859	351010	6525	53751	874	53751	874	1	297259	0.9243	0.8085	0.1657	104.1925	587	88874	407	-13.5246	61	-14.9672	61	3964	115	0.1372	0.3246	38.4196	10.9708	0.8965	0.5480	115.4361	587	85574	0.9448	0.3202
2999	3001	19	501	1500999	1500499	1999	351481	472	53804	54	53804	54	1	297677	0.9246	0.6910	0.1656	104.7905	587	88992	408	-13.9672	61	-3.8710	31	401	22	0.1373	0.9185	36.8927	10.9715	0.8960	0.5328	116.0307	587	85693	0.9434	0.3202
3001	3011	19	501	1511019	1510519	10019	353824	2342	54102	298	54102	298	1	299722	0.9242	0.7691	0.1655	103.7121	587	89602	409	15.8841	233	-8.2388	67	1348	32	0.1375	0.5543	37.1004	10.9775	0.8950	0.5715	114.9523	587	86303	0.9505	0.3237
3011	3019	19	503	1519059	1518557	8039	355705	1881	54356	254	54356	254	1	301349	0.9242	0.8167	0.1653	103.0020	503	94815	480	15.7382	233	-7.3364	107	874	9	0.1374	0.5147	37.2760	10.9821	0.8944	0.5429	113.2726	587	86796	0.9483	0.3221
3019	3023	19	504	1523087	1522584	4027	356649	943	54480	124	54480	124	1	302169	0.9245	0.7958	0.1652	-104.2950	139	152712	2093	14.6352	233	5.4634	41	708	40	0.1374	0.6723	37.3624	10.9841	0.8943	0.5436	113.9841	503	92556	0.9515	0.3225
3023	3037	19	505	1537227	1536723	14139	359967	3317	54909	429	54909	429	1	305058	0.9238	0.7833	0.1651	106.3260	503	95991	488	16.1545	233	9.6216	37	2634	152	0.1379	0.4508	37.6613	10.9927	0.8930	0.5584	116.3738	503	93464	0.9480	0.3269
3037	3041	19	507	1541279	1540773	4051	360909	942	55023	114	55023	114	1	305886	0.9239	0.7334	0.1650	-105.3813	139	154525	2118	15.0687	233	5.3316	193	354	9	0.1381	0.7337	37.7415	10.9947	0.8926	0.5302	115.6559	587	88151	0.9479	0.3338
3041	3049	19	508	1549399	1548892	8119	362812	1903	55286	263	55286	263	1	307526	0.9241	0.8381	0.1649	106.7598	587	91936	420	15.8582	409	9.3256	43	1369	73	0.1380	0.4735	37.9232	10.9993	0.8931	0.5233	118.0000	587	88637	0.9450	0.3248
3049	3061	19	509	1561619	1561111	12219	365675	2863	55680	394	55680	394	1	309995	0.9240	0.8351	0.1648	-108.5899	139	156555	2144	16.1588	233	10.8525	61	1743	68	0.1377	0.4244	38.1995	11.0065	0.8932	0.5545	116.3254	587	89422	0.9471	0.3281
3061	3067	19	511	1567747	1567237	6127	367119	1443	55869	189	55869	189	1	311250	0.9241	0.7953	0.1647	-107.3094	139	157161	2154	17.7639	233	9.4110	73	788	31	0.1377	0.6133	37.3325	11.0097	0.8930	0.5491	115.0647	587	89792	0.9460	0.3259
3067	3079	19	512	1580039	1579528	12291	369992	2872	56246	377	56246	377	1	313746	0.9237	0.7976	0.1646	-109.5180	139	158357	2169	17.1560	109	10.2623	61	1761	68	0.1377	0.4680	37.5958	11.0169	0.8880	0.5626	117.5109	503	96196	0.9460	0.3224
3079	3083	19	514	1584147	1583634	4107	370957	964	56355	109	56355	109	1	314602	0.9237	0.6875	0.1645	108.1283	421	106486	614	14.8197	233	6.1739	23	964	90	0.1379	0.7978	36.8226	11.0188	0.8887	0.5339	116.9929	421	104620	0.9459	0.3399
3083	3089	19	515	1590319	1589805	6171	372401	1444	56532	177	56532	177	1	315869	0.9236	0.7457	0.1644	-110.2086	139	159378	2183	12.9541	109	6.7586	29	1323	98	0.1380	0.6354	36.9383	11.0221	0.8848	0.5440	117.0831	421	105022	0.9438	0.3284
3089	3109	19	516	1610979	1610464	20659	377237	4835	57198	666	57198	666	1	320039	0.9231	0.8386	0.1643	-112.2662	139	161467	2211	12.3203	409	-8.7761	67	2840	76	0.1378	0.3540	37.3760	11.0343	0.8901	0.5459	117.7416	449	103328	0.9476	0.3247
3109	3119	19	519	1621359	1620841	10379	379672	2434	57529	331	57529	331	1	322143	0.9230	0.8284	0.1642	-113.2446	139	162508	2225	-12.1628	43	9.2069	29	2230	163	0.1376	0.4593	37.5187	11.0401	0.8851	0.5495	117.5390	449	104047	0.9464	0.3227
3119	3121	19	521	1623439	1622919	2079	380154	483	57596	68	57596	68	1	322558	0.9235	0.8582	0.1641	-111.2518	139	162717	2230	15.0562	409	-3.5075	67	285	5	0.1374	0.7356	37.5624	11.0408	0.8851	0.5083	116.9287	449	104184	0.9475	0.3228
3121	3137	19	521	1640127	1639607	16687	384068	3913	58129	533	58129	533	1	325939	0.9232	0.8308	0.1639	-117.2518	139	164385	2248	14.9169	409	12.3770	61	2398	91	0.1372	0.4014	37.9126	11.0504	0.8849	0.5753	118.4418	421	108525	0.9505	0.3235
3137	3163	19	524	1667427	1666904	27299	390456	6388	58922	793	58922	793	1	331534	0.9210	0.7577	0.1638	110.7553	421	112248	644	12.9281	139	14.9701	67	3753	127	0.1378	0.3942	37.4415	11.0662	0.8912	0.5659	119.6152	421	110383	0.9618	0.3295
3163	3167	19	528	1671647	1671120	4219	391446	991	59057	135	59057	135	1	332389	0.9214	0.8320	0.1637	110.3397	421	112546	645	-11.6909	317	6.4554	101	482	16	0.1377	0.6478	37.5308	11.0681	0.8921	0.5398	119.1995	421	110681	0.9624	0.3349
3167	3169	19	529	1673759	1673231	2111	391935	490	59127	71	59127	71	1	332808	0.9219	0.8855	0.1636	109.6746	421	112686	645	10.4474	409	3.8795	83	254	10	0.1377	0.7253	37.7338	11.0687	0.8924	0.5104	118.5297	421	110822	0.9600	0.3312
3169	3181	19	529	1686459	1685931	12699	394912	2976	59514	387	59514	387	1	335398	0.9216	0.7952	0.1635	112.8307	449	110492	605	-12.7660	47	-8.5725	131	1282	11	0.1378	0.4642	38.1025	11.0757	0.8943	0.5515	122.3380	503	103030	0.9636	0.3279
3181	3187	19	531	1692827	1692297	6367	396404	1492	59723	209	59723	209	1	336681	0.9219	0.8571	0.1634	112.9866	449	110906	607	13.3453	139	-7.4390	41	1116	47	0.1375	0.5247	37.7653	11.0788	0.8963	0.5278	122.2784	449	108820	0.9642	0.3323
3187	3191	19	532	1697079	1696548	4251	397396	991	59846	123	59846	123	1	337550	0.9221	0.7599	0.1633	113.3112	421	114236	656	12.3303	109	5.7419	31	841	60	0.1375	0.6864	37.5578	11.0807	0.8964	0.5200	122.1663	421	112372	0.9637	0.3302
3191	3203	19	533	1709867	1709335	12787	400397	3001	60243	397	60243	397	1	340154	0.9218	0.8105	0.1632	114.8597	449	112057	614	13.2661	109	8.9367	79	1622	50	0.1373	0.4335	37.8697	11.0876	0.8965	0.5464	124.1514	449	109971	0.9607	0.3280
3203	3209	19	535	1716279	1715745	6411	401897	1500	60460	217	60460	217	1	341437	0.9222	0.8869	0.1631	115.9176	449	112493	617	12.7788	113	6.8224	107	705	20	0.1372	0.5170	38.5225	11.0907	0.8975	0.5322	125.2094	449	110407	0.9599	0.3256
3209	3217	19	536	1724847	1724312	8567	403907	2010	60699	239	60699	239	1	343208	0.9219	0.7294	0.1630	119.4365	449	113050	623	13.8624	109	8.7021	47	1370	67	0.1374	0.5831	39.1001	11.0951	0.8975	0.5540	128.7283	449	110964	0.9590	0.3260
3217	3221	19	537	1729139	1728603	4291	404909	1002	60827	128	60827	128	1	344082	0.9221	0.7841	0.1629	121.1403	449	113341	626	15.4771	109	4.9730	37	796	48	0.1375	0.7097	38.8938	11.0969	0.8992	0.5463	130.4321	449	111255	0.9596	0.3281
3221	3229	19	538	1737739	1737202	8599	406923	2013	61073	246	61073	246	1	345850	0.9218	0.7506	0.1628	121.5746	449	113917	629	17.5229	109	10.9672	61	1221	51	0.1377	0.5786	38.4700	11.1013	0.8963	0.5641	130.8664	449	111831	0.9575	0.3321
3229	3251	19	539	1761499	1760961	23759	412490	5566	61792	719	61792	719	1	350698	0.9206	0.7939	0.1627	122.4699	449	115512	637	14.3761	109	-9.6207	29	5084	341	0.1379	0.3648	38.2731	11.1142	0.8952	0.5414	131.7617	449	113426	0.9578	0.3261
3251	3253	19	543	1763667	1763125	2167	412993	504	61853	62	61853	62	1	351140	0.9210	0.7565	0.1626	123.7884	449	115665	639	17.1468	109	4.8028	71	291	13	0.1381	0.8987	38.3109	11.1148	0.8969	0.5277	133.0757	449	113580	0.9573	0.3259
3253	3257	19	543	1768007	1767465	4339	414009	1016	61978	125	61978	125	1	352031	0.9212	0.7570	0.1625	125.4833	449	115958	642	14.5046	109	-4.9823	113	451	3	0.1381	0.7160	38.3890	11.1167	0.8978	0.5369	134.7706	449	113873	0.9592	0.3327
3257	3259	19	544	1770179	1769636	2171	414518	509	62052	75	62052	75	1	352466	0.9217	0.9072	0.1624	124.7706	449	116118	642	16.1651	109	5.2069	29	461	37	0.1379	0.7202	38.4348	11.1173	0.8975	0.5086	134.0535	449	114034	0.9588	0.3296
3259	3271	19	544	1783239	1782696	13059	417572	3054	62464	412	62464	412	1	355108	0.9216	0.8311	0.1623	125.9443	449	116977	647	16.1284	109	-7.0141	71	1740	42	0.1380	0.4170	38.6900	11.1240	0.9010	0.5280	135.2272	449	114893	0.9582	0.3237
3271	3299	19	546	1813899	1813354	30659	424761	7188	63392	928	63392	928	1	361369	0.9200	0.7959	0.1622	124.7416	449	119043	655	17.2202	109	12.5738	61	4344	155	0.1383	0.3531	38.7600	11.1405	0.8992	0.5797	134.0245	449	116959	0.9606	0.3245
3299	3301	19	551	1816099	1815549	2199	425270	509	63467	76	63467	76	1	361803	0.9206	0.9210	0.1621	125.0646	449	119195	656	15.8807	109	5.2658	79	266	12	0.1381	0.7345	38.3193	11.1411	0.8978	0.5216	134.3430	449	117112	0.9580	0.3369
3301	3307	19	551	1822707	1822157	6607	426823	1553	63661	194	63661	194	1	363162	0.9206	0.7710	0.1620	124.1269	449	119630	657	14.3853	109	-6.2477	109	722	7	0.1382	0.6314	38.5707	11.1441	0.8981	0.5534	133.4053	449	117547	0.9573	0.3276
3307	3313	19	552	1829327	1828776	6619	428373	1550	63843	182	63843	182	1	364530	0.9204	0.7252	0.1619	125.1759	449	120068	660	15.9450	109	-5.7978	89	792	12	0.1384	0.6637	38.5559	11.1471	0.8973	0.5594	134.4543	449	117985	0.9583	0.3352
3313	3319	19	553	1835959	1835407	6631	429923	1549	64024	181	64024	181	1	365899	0.9203	0.7221	0.1618	127.2472	449	120501	664	16.5046	109	7.0492	61	944	38	0.1387	0.6687	38.6686	11.1501	0.8988	0.5537	136.5256	449	118418	0.9587	0.3349
3319	3323	19	554	1840387	1839834	4427	430959	1036	64141	117	64141	117	1	366818	0.9203	0.6983	0.1617	126.0490	449	120770	664	15.4954	109	7.1325	83	534	20	0.1389	0.7914	38.7411	11.1519	0.9014	0.5360	135.3274	449	118687	0.9597	0.3310
3323	3329	19	555	1847039	1846485	6651	432517	1557	64358	217	64358	217	1	368159	0.9206	0.8623	0.1616	124.0267	449	121224	664	14.0024	409	-10.0690	29	1422	88	0.1389	0.5165	38.8774	11.1549	0.9014	0.5306	133.3051	449	119141	0.9591	0.3294
3329	3331	19	556	1849259	1848704	2219	433035	519	64422	65	64422	65	1	368613	0.9210	0.7753	0.1615	123.3452	449	121377	664	14.7137	227	6.0189	53	344	19	0.1388	0.8770	38.9189	11.1555	0.9002	0.5310	132.6192	449	119295	0.9585	0.3310
3331	3343	19	556	1862607	1862052	13347	436163	3127	64843	421	64843	421	1	371320	0.9209	0.8340	0.1614	122.3140	449	122282	667	13.5976	251	-9.9130	23	3127	262	0.1388	0.4165	39.1827	11.1621	0.9039	0.5373	131.5880	449	120200	0.9599	0.3299
3343	3347	19	558	1867067	1866510	4459	437208	1045	64976	133	64976	133	1	372232	0.9211	0.7889	0.1613	122.9599	449	122586	669	14.8349	109	5.8209	67	609	24	0.1389	0.7007	39.2676	11.1639	0.9037	0.5473	132.2339	449	120504	0.9606	0.3307
3347	3359	19	559	1880479	1879921	13411	440357	3148	65380	404	65380	404	1	374977	0.9208	0.7959	0.1612	121.9465	449	123487	672	12.6650	409	-8.1124	89	1607	28	0.1390	0.4604	39.5234	11.1705	0.9045	0.5437	131.2205	449	121405	0.9602	0.3306
3359	3361	19	561	1882719	1882159	2239	440876	519	65445	66	65445	66	1	375431	0.9212	0.7891	0.1611	122.3140	449	123629	673	13.1442	541	5.3832	107	247	10	0.1391	0.8368	39.5649	11.1711	0.9046	0.5162	131.5835	449	121548	0.9594	0.3578
3361	3371	19	561	1893939	1893379	11219	443508	2631	65758	313	65758	313	1	377750	0.9206	0.7387	0.1611	123.0134	449	124370	677	16.2385	109	8.2683	41	1983	105	0.1395	0.5457	39.7612	11.1764	0.9060	0.5704	132.2829	449	122289	0.9636	0.3346
3371	3373	19	563	1896187	1895625	2247	444029	522	65827	70	65827	70	1	378202	0.9211	0.8331	0.1610	123.3942	449	124509	678	15.6789	109	4.6087	23	522	50	0.1396	0.7880	39.8040	11.1770	0.9046	0.5121	132.6592	449	122429	0.9582	0.3324
3373	3389	19	563	1914219	1913657	18031	448248	4218	66366	539	66366	539	1	381882	0.9204	0.7944	0.1609	-124.9262	149	189001	2412	12.0782	409	-6.8121	149	1774	17	0.1397	0.4131	39.7080	11.1859	0.9037	0.5461	132.3229	449	123627	0.9573	0.3292
3389	3391	19	566	1916479	1915914	2259	448778	531	66430	65	66430	65	1	382348	0.9207	0.7614	0.1608	-125.0134	149	189231	2415	13.5413	109	-5.1739	23	531	41	0.1397	0.8567	39.7475	11.1865	0.9036	0.5207	132.6414	449	123780	0.9598	0.3437
3391	3407	19	566	1934607	1934042	18127	453022	4244	66984	554	66984	554	1	386038	0.9203	0.8125	0.1607	-122.7987	149	191003	2441	15.4421	337	-9.7108	83	2229	44	0.1397	0.4113	40.0808	11.1953	0.9091	0.5554	131.1849	449	125005	0.9620	0.3278
3407	3413	19	569	1941427	1940859	6819	454622	1599	67169	185	67169	185	1	387453	0.9201	0.7205	0.1606	120.8842	449	127542	689	17.3119	109	6.6047	43	1148	60	0.1400	0.6541	40.1920	11.1982	0.9090	0.5465	130.1448	449	125463	0.9611	0.3280
3413	3433	19	570	1964247	1963678	22819	459966	5344	67862	693	67862	693	1	392104	0.9193	0.8081	0.1605	-130.3289	149	193948	2473	15.2569	109	-13.9718	71	3052	72	0.1399	0.3743	39.7668	11.2093	0.9073	0.5561	134.4583	563	116412	0.9616	0.3294
3433	3449	19	573	1982599	1982027	18351	464267	4302	68380	518	68380	518	1	395887	0.9183	0.7507	0.1604	-132.4899	149	195748	2495	15.3394	109	-10.2881	59	2693	81	0.1402	0.4523	40.0709	11.2181	0.9060	0.5664	136.8820	449	128216	0.9629	0.3320
3449	3457	19	576	1991807	1991232	9207	466425	2157	68660	280	68660	280	1	397765	0.9183	0.8098	0.1603	-131.5302	149	196645	2508	14.7431	109	-7.6871	163	871	3	0.1404	0.5267	39.8144	11.2221	0.9093	0.5510	135.1381	449	128832	0.9633	0.3320
3457	3461	19	577	1996419	1995843	4611	467505	1080	68805	145	68805	145	1	398700	0.9187	0.8381	0.1602	-132.7584	149	197109	2513	13.9266	109	-5.4932	73	602	11	0.1402	0.6076	39.8991	11.2239	0.9077	0.5102	135.7795	449	129137	0.9627	0.3376
3461	3463	19	578	1998727	1998150	2307	468047	543	68872	68	68872	68	1	399175	0.9190	0.7821	0.1601	-134.7785	149	197334	2514	14.9817	109	6.0704	71	317	15	0.1403	0.8258	39.9380	11.2244	0.9082	0.5106	138.0935	449	129291	0.9618	0.3347
3463	3467	19	578	2003347	2002770	4619	469121	1073	69020	148	69020	148	1	400101	0.9194	0.8620	0.1600	-134.9262	149	197792	2520	15.2752	109	-6.3115	61	650	15	0.1403	0.5963	40.0244	11.2261	0.9094	0.5276	137.6771	449	129609	0.9620	0.3379
3467	3469	19	579	2005659	2005081	2311	469666	545	69081	62	69081	62	1	400585	0.9197	0.7113	0.1599	-134.1342	149	198031	2524	13.2752	109	-5.5472	53	359	8	0.1404	0.9234	40.0597	11.2267	0.9090	0.5239	137.0089	449	129759	0.9610	0.3359
3469	3491	19	579	2031179	2030601	25519	475648	5982	69838	757	69838	757	1	405810	0.9186	0.7917	0.1598	-137.7584	149	200536	2554	14.0929	409	-9.3178	107	2799	43	0.1408	0.3792	40.4999	11.2388	0.9123	0.5538	136.3519	449	131478	0.9601	0.3302
3491	3499	19	583	2040499	2039917	9319	477828	2180	70129	291	70129	291	1	407699	0.9188	0.8356	0.1597	-138.9597	149	201445	2565	10.4721	233	6.4348	23	2180	196	0.1407	0.5122	40.6703	11.2428	0.9108	0.5401	-135.1611	149	201162	0.9611	0.3298
3499	3511	19	584	2054519	2053936	14019	481114	3285	70545	416	70545	416	1	410569	0.9184	0.7932	0.1597	-133.7383	149	202844	2589	11.3643	409	-7.8554	83	1737	34	0.1406	0.4621	40.9174	11.2491	0.9094	0.5610	131.3552	563	122071	0.9667	0.3351
3511	3517	19	586	2061547	2060962	7027	482764	1650	70751	206	70751	206	1	412013	0.9185	0.7825	0.1596	-135.8523	149	203523	2596	12.2642	193	5.7746	71	931	32	0.1407	0.5802	40.3025	11.2519	0.9115	0.5316	133.2695	449	133517	0.9652	0.3332
3517	3527	19	587	2073287	2072701	11739	485509	2745	71105	354	71105	354	1	414404	0.9184	0.8087	0.1595	-134.1210	157	199478	2407	13.8187	193	-6.9535	43	1977	85	0.1408	0.4630	40.2462	11.2570	0.9083	0.5291	133.2309	563	123232	0.9650	0.3360
3527	3529	19	589	2075639	2075051	2351	486059	550	71177	73	71177	73	1	414882	0.9188	0.8328	0.1594	-133.4698	149	204910	2617	16.1192	193	-4.0602	83	293	3	0.1407	0.8193	40.2891	11.2576	0.9080	0.5347	132.6874	563	123385	0.9657	0.3477
3529	3533	19	589	2080347	2079759	4707	487165	1105	71320	143	71320	143	1	415845	0.9191	0.8124	0.1593	-133.6711	149	205372	2623	12.6580	193	-5.0870	23	1105	91	0.1408	0.6635	40.4194	11.2593	0.9098	0.5338	134.6615	449	134776	0.9666	0.3376
3533	3539	19	590	2087419	2086830	7071	488817	1651	71522	202	71522	202	1	417295	0.9191	0.7685	0.1592	-135.5436	149	206033	2630	11.5389	193	8.4138	29	1502	112	0.1408	0.6244	40.5339	11.2621	0.9083	0.5524	134.6080	449	135237	0.9629	0.3378
3539	3541	19	591	2089779	2089189	2359	489366	550	71572	51	71572	51	1	417794	0.9192	0.5828	0.1591	-132.8280	157	201025	2428	12.8497	193	-4.8113	53	366	9	0.1410	1.0953	40.5628	11.2627	0.9079	0.5297	135.6083	577	122437	0.9634	0.3406
3541	3547	19	591	2096867	2096277	7087	491031	1664	71769	197	71769	197	1	419262	0.9191	0.7445	0.1590	-133.4013	157	201698	2436	12.6625	563	-6.7595	79	899	16	0.1411	0.6279	40.6325	11.2655	0.9093	0.5407	136.1075	577	122870	0.9688	0.3447
3547	3557	19	592	2108707	2108116	11839	493803	2772	72126	357	72126	357	1	421677	0.9190	0.8104	0.1589	-136.8658	149	208143	2657	14.8705	193	-8.0169	59	1741	51	0.1412	0.4797	40.8496	11.2706	0.9095	0.5545	135.5078	577	123620	0.9660	0.3401
3557	3559	19	594	2111079	2110486	2371	494358	555	72180	55	72180	55	1	422178	0.9192	0.6239	0.1588	-136.8993	149	208369	2660	14.2110	109	3.1724	29	505	38	0.1413	0.9962	40.8822	11.2712	0.9090	0.5187	136.0468	577	123753	0.9652	0.3394
3559	3571	19	594	2125339	2124746	14259	497698	3340	72610	430	72610	430	1	425088	0.9190	0.8110	0.1587	-135.7315	149	209772	2680	17.9266	109	12.6452	31	2842	196	0.1412	0.4436	41.1427	11.2773	0.9110	0.5526	137.0243	577	124625	0.9638	0.3354
3571	3581	19	596	2137259	2136664	11919	500487	2789	72975	365	72975	365	1	427512	0.9190	0.8248	0.1587	-138.4094	149	210940	2693	12.7523	109	9.7711	83	1462	45	0.1410	0.4663	41.3652	11.2824	0.9104	0.5514	137.4627	577	125364	0.9634	0.3342
3581	3583	19	598	2139647	2139050	2387	501045	559	73045	71	73045	71	1	428000	0.9194	0.8010	0.1586	-139.7383	149	211188	2695	-14.4186	43	-4.3243	37	450	20	0.1409	0.8002	41.4091	11.2829	0.9096	0.5180	136.9428	577	125514	0.9623	0.3353
3583	3593	19	598	2151607	2151010	11959	503849	2803	73381	336	73381	336	1	430468	0.9190	0.7564	0.1585	-134.8188	149	212386	2716	-12.0000	41	-7.7674	43	2016	86	0.1411	0.5575	41.4756	11.2879	0.9053	0.5711	139.4402	577	126236	0.9602	0.3352
3593	3607	19	600	2168407	2167808	16799	507788	3939	73854	473	73854	473	1	433934	0.9182	0.7581	0.1584	-135.6980	149	214016	2737	-14.1463	41	9.3051	59	2469	93	0.1414	0.4517	40.9080	11.2952	0.9079	0.5481	139.9463	577	127244	0.9623	0.3376
3607	3613	19	602	2175627	2175026	7219	509476	1687	74069	215	74069	215	1	435407	0.9184	0.8050	0.1583	-138.1611	149	214721	2744	11.4279	229	-12.4098	61	1019	21	0.1413	0.5868	40.8700	11.2979	0.9082	0.5382	140.4419	577	127678	0.9624	0.3408
3613	3617	19	603	2180447	2179845	4819	510606	1130	74200	131	74200	131	1	436406	0.9185	0.7327	0.1582	-135.7248	149	215210	2753	-17.1163	43	7.6418	67	682	28	0.1414	0.7712	41.0739	11.2996	0.9062	0.5542	140.3813	577	127984	0.9590	0.3376
3617	3623	19	604	2187687	2187084	7239	512303	1696	74404	204	74404	204	1	437899	0.9184	0.7606	0.1581	-136.2685	149	215921	2762	-14.0465	43	7.2903	31	1437	100	0.1416	0.6403	41.1879	11.3023	0.9090	0.5623	139.7903	577	128443	0.9630	0.3448
3623	3631	19	605	2197359	2196755	9671	514562	2259	74677	273	74677	273	1	439885	0.9183	0.7647	0.1580	-138.0067	149	216870	2773	-13.5854	41	-10.4348	23	2259	186	0.1418	0.5580	41.3402	11.3062	0.9094	0.5480	139.7002	577	129046	0.9626	0.3420
3631	3637	19	606	2204627	2204022	7267	516265	1702	74902	225	74902	225	1	441363	0.9185	0.8369	0.1580	-142.5772	149	217583	2778	-16.3256	43	11.3171	41	1285	74	0.1418	0.5483	41.4647	11.3090	0.9075	0.5253	140.1196	577	129502	0.9570	0.3378
3637	3643	19	607	2211907	2211301	7279	517977	1712	75105	203	75105	203	1	442872	0.9184	0.7511	0.1579	-141.2282	149	218302	2789	15.0986	71	-6.8356	73	943	19	0.1419	0.6427	41.4657	11.3117	0.9085	0.5653	139.5182	577	129964	0.9572	0.3377
3643	3659	19	608	2231379	2230772	19471	522539	4562	75695	590	75695	590	1	446844	0.9181	0.8197	0.1578	-139.9866	149	220221	2816	-17.1395	43	-10.9518	83	2405	47	0.1417	0.4004	41.7858	11.3199	0.9060	0.5560	144.2043	563	133092	0.9579	0.3357
3659	3671	19	611	2246039	2245429	14659	525970	3430	76133	438	76133	438	1	449837	0.9179	0.8098	0.1577	-143.5570	149	221679	2832	-20.7209	43	7.9007	151	1442	27	0.1416	0.4521	41.8664	11.3259	0.9052	0.5399	143.9112	563	134019	0.9563	0.3344
3671	3673	19	613	2248487	2247875	2447	526549	580	76213	81	76213	81	1	450336	0.9183	0.8861	0.1576	-143.8456	149	221924	2835	-19.6512	43	3.6557	883	152	4	0.1416	0.7483	41.6578	11.3265	0.9054	0.5249	143.3037	563	134190	0.9552	0.3339
3673	3677	19	613	2253387	2252775	4899	527691	1141	76350	137	76350	137	1	451341	0.9185	0.7622	0.1575	-141.9933	149	222382	2843	-16.7674	43	7.7826	23	1141	107	0.1416	0.7007	41.7327	11.3281	0.9047	0.5184	143.2700	563	134481	0.9537	0.3332
3677	3691	19	614	2270579	2269966	17191	531718	4026	76857	507	76857	507	1	454861	0.9181	0.7999	0.1574	-138.7181	149	224075	2869	-13.3523	599	-9.2335	167	1606	10	0.1416	0.4382	42.0115	11.3352	0.9028	0.5558	144.3481	563	135585	0.9593	0.3377
3691	3697	19	616	2277967	2277352	7387	533442	1723	77062	205	77062	205	1	456380	0.9181	0.7561	0.1574	-140.3691	149	224794	2877	-13.1085	599	7.1277	47	1172	57	0.1418	0.6228	42.1241	11.3379	0.9040	0.5327	143.7282	563	136041	0.9574	0.3400
3697	3701	19	617	2282899	2282283	4931	534601	1158	77214	152	77214	152	1	457387	0.9184	0.8346	0.1573	-141.6644	149	225263	2882	-17.1628	43	4.4717	53	756	33	0.1417	0.6165	42.2072	11.3395	0.9035	0.5196	143.6448	563	136346	0.9559	0.3367
3701	3709	19	618	2292779	2292162	9879	536919	2317	77500	286	77500	286	1	459419	0.9183	0.7853	0.1572	-144.4698	149	226217	2892	15.1034	29	9.0690	29	2116	155	0.1416	0.5619	42.3646	11.3433	0.9060	0.5432	144.4423	563	136966	0.9589	0.3394
3709	3719	19	619	2305159	2304541	12379	539813	2893	77859	359	77859	359	1	461954	0.9181	0.7899	0.1571	-142.6174	149	227420	2910	14.1743	109	-7.3575	179	1106	5	0.1416	0.4987	41.5630	11.3481	0.9077	0.5548	143.7496	563	137724	0.9595	0.3407
3719	3727	19	621	2315087	2314467	9927	542144	2331	78164	305	78164	305	1	463980	0.9182	0.8333	0.1570	-141.8926	149	228409	2924	14.9275	193	11.5738	61	1416	58	0.1415	0.5157	42.0350	11.3519	0.9075	0.5535	146.3553	577	136358	0.9598	0.3375
3727	3733	19	622	2322547	2321926	7459	543888	1744	78372	208	78372	208	1	465516	0.9182	0.7600	0.1569	-142.7261	157	223311	2702	13.8549	193	-6.8761	113	784	7	0.1416	0.6295	42.1468	11.3546	0.9060	0.5512	147.7886	577	136810	0.9577	0.3373
3733	3739	19	623	2330019	2329397	7471	545638	1749	78591	219	78591	219	1	467047	0.9183	0.7983	0.1568	-142.5973	149	229877	2943	16.7202	193	6.5660	53	1151	50	0.1416	0.5874	42.2646	11.3572	0.9057	0.5377	147.1872	577	137272	0.9582	0.3360
3739	3761	19	624	2357519	2356896	27499	552081	6443	79412	821	79412	821	1	472669	0.9176	0.8128	0.1568	-141.3893	149	232618	2981	-13.5068	73	-9.4595	37	5133	268	0.1419	0.3511	42.7077	11.3684	0.9090	0.5363	147.2808	577	138976	0.9641	0.3326
3761	3767	19	628	2365047	2364420	7527	553843	1762	79628	216	79628	216	1	474215	0.9176	0.7824	0.1567	-140.8662	157	227404	2756	-14.7808	73	-6.0282	71	995	22	0.1421	0.5966	42.8250	11.3711	0.9108	0.5405	146.7244	577	139425	0.9636	0.3358
3767	3769	19	629	2367559	2366931	2511	554428	585	79705	78	79705	78	1	474723	0.9180	0.8514	0.1566	-142.9490	157	227646	2757	16.0092	109	-5.1724	29	539	32	0.1420	0.7829	42.8664	11.3716	0.9111	0.5230	146.1629	577	139587	0.9620	0.3342
3769	3779	19	629	2380139	2379511	12579	557377	2949	80110	405	80110	405	1	477267	0.9183	0.8775	0.1565	-143.1720	157	228841	2772	-13.5906	127	-6.9324	281	974	0	0.1418	0.4034	42.5325	11.3764	0.9112	0.5165	145.4246	577	140377	0.9561	0.3303
3779	3793	19	631	2397807	2397177	17667	561511	4133	80632	522	80632	522	1	480879	0.9180	0.8074	0.1564	-147.6879	157	230530	2789	13.5905	337	-8.7561	41	3111	143	0.1420	0.4095	43.9953	11.3832	0.9140	0.5313	151.6568	577	141464	0.9596	0.3306
3793	3797	19	633	2402867	2402235	5059	562705	1193	80772	140	80772	140	1	481933	0.9181	0.7506	0.1563	-147.8408	157	231013	2795	13.5045	337	7.8387	31	1010	73	0.1421	0.6911	44.7929	11.3848	0.9130	0.5204	152.5685	577	141778	0.9569	0.3298
3797	3803	19	634	2410467	2409834	7599	564479	1775	80966	194	80966	194	1	483513	0.9179	0.6994	0.1563	-146.8981	157	231724	2805	-12.1064	1231	9.1695	59	1116	47	0.1423	0.7114	45.4982	11.3875	0.9145	0.5681	154.9983	577	142231	0.9585	0.3306
3803	3821	19	635	2433339	2432705	22871	569833	5353	81633	667	81633	667	1	488200	0.9172	0.7978	0.1562	-144.2675	157	233951	2836	-13.7480	127	-14.9104	67	3146	79	0.1425	0.4046	46.5564	11.3964	0.9116	0.5621	154.0312	577	143664	0.9615	0.3307
3821	3823	19	638	2435887	2435250	2547	570439	606	81702	70	81702	70	1	488737	0.9175	0.7400	0.1561	143.4055	577	147018	653	-17.2913	127	4.9024	41	453	27	0.1425	0.9002	43.2411	11.3969	0.9116	0.5246	154.4939	577	143819	0.9603	0.3306
3823	3833	19	638	2448647	2448010	12759	573422	2982	82059	357	82059	357	1	491363	0.9172	0.7673	0.1560	-146.6115	157	235391	2852	-16.2677	127	-8.1801	211	1074	2	0.1426	0.5237	43.2697	11.4016	0.9102	0.5520	152.8284	577	144588	0.9574	0.3297
3833	3847	19	640	2466567	2465928	17919	577621	4199	82563	504	82563	504	1	495058	0.9166	0.7697	0.1559	-145.4204	157	237103	2875	14.3832	167	10.7324	71	2388	78	0.1428	0.4608	43.5376	11.4084	0.9118	0.5630	153.9497	577	145707	0.9625	0.3324
3847	3851	19	642	2471699	2471058	5131	578824	1203	82713	150	82713	150	1	496111	0.9168	0.8000	0.1559	-146.5101	149	243802	3126	-13.1918	73	7.6747	83	636	23	0.1428	0.6877	43.6172	11.4099	0.9120	0.5266	152.8787	577	146016	0.9633	0.3326
3851	3853	19	643	2474267	2473625	2567	579428	604	82802	90	82802	90	1	496626	0.9174	0.9565	0.1558	-147.9866	149	244061	3128	-12.7397	73	5.0000	41	451	27	0.1427	0.6575	43.6646	11.4105	0.9121	0.5082	153.3033	577	146182	0.9627	0.3419
3853	3863	19	643	2487127	2486485	12859	582439	3011	83155	353	83155	353	1	499284	0.9170	0.7530	0.1557	-147.9128	149	245322	3145	14.7931	29	-10.5581	43	2162	90	0.1429	0.5325	43.5279	11.4151	0.9063	0.5720	154.5130	577	146987	0.9569	0.3332
3863	3877	19	645	2505187	2504543	18059	586669	4229	83719	564	83719	564	1	502950	0.9170	0.8570	0.1556	-147.8591	149	247106	3169	13.4312	109	10.3871	31	3590	242	0.1426	0.3757	43.5274	11.4219	0.9077	0.5260	155.4679	577	148154	0.9586	0.3376
3877	3881	19	647	2510359	2509713	5171	587881	1211	83877	158	83877	158	1	504004	0.9173	0.8388	0.1555	-149.8389	149	247626	3174	13.1927	109	-5.2759	29	1106	71	0.1425	0.6109	42.9121	11.4234	0.9087	0.5105	155.3380	577	148480	0.9587	0.3421
3881	3889	19	648	2520719	2520072	10359	590307	2426	84192	315	84192	315	1	506115	0.9175	0.8352	0.1555	-150.4362	149	248639	3187	-13.5839	149	11.1566	83	1280	42	0.1423	0.4833	43.3868	11.4270	0.9081	0.5376	156.1196	577	149120	0.9602	0.3352
3889	3907	19	649	2544107	2543459	23387	595783	5476	84841	649	84841	649	1	510942	0.9165	0.7628	0.1554	-150.0064	157	244528	2965	-12.0872	149	9.1395	43	3910	191	0.1425	0.4325	43.4208	11.4357	0.9097	0.5567	154.1664	577	150549	0.9637	0.3351
3907	3911	19	652	2549319	2548668	5211	597004	1220	84993	152	84993	152	1	512011	0.9167	0.8023	0.1553	-150.3376	157	245025	2971	12.7982	109	7.6265	83	638	23	0.1426	0.6785	43.5081	11.4373	0.9102	0.5284	154.0225	577	150879	0.9615	0.3350
3911	3917	19	653	2557147	2556495	7827	598841	1836	85230	237	85230	237	1	513611	0.9169	0.8316	0.1552	-151.8662	157	245773	2979	12.6207	29	-8.0270	37	1462	71	0.1425	0.5704	43.6299	11.4398	0.9103	0.5527	154.2964	577	151377	0.9623	0.3367
3917	3919	19	654	2559759	2559106	2611	599453	613	85310	81	85310	81	1	514143	0.9173	0.8517	0.1551	-152.9873	157	246018	2981	-12.5349	43	-3.8710	31	525	30	0.1424	0.7867	43.6708	11.4403	0.9112	0.5177	153.7106	577	151546	0.9620	0.3354
3919	3923	19	654	2564987	2564334	5227	600678	1224	85469	159	85469	159	1	515209	0.9176	0.8378	0.1551	-151.3694	157	246519	2989	14.9310	29	8.5890	73	672	27	0.1424	0.6385	43.7528	11.4419	0.9100	0.5276	153.6049	577	151865	0.9622	0.3369
3923	3929	19	655	2572839	2572185	7851	602513	1835	85702	233	85702	233	1	516811	0.9178	0.8193	0.1550	-153.5796	157	247242	2996	13.7156	109	8.1854	151	741	18	0.1422	0.5774	43.7367	11.4444	0.9098	0.5431	153.9029	577	152356	0.9616	0.3360
3929	3931	19	656	2575459	2574804	2619	603128	615	85763	62	85763	62	1	517365	0.9180	0.6508	0.1549	-152.8662	157	247500	3000	-12.4651	43	5.2558	43	446	26	0.1424	1.0175	43.7678	11.4449	0.9110	0.5294	153.3726	577	152509	0.9608	0.3352
3931	3943	19	656	2591207	2590552	15747	606822	3694	86239	476	86239	476	1	520583	0.9179	0.8323	0.1548	-156.9745	157	249000	3015	14.6514	109	13.2295	61	2250	87	0.1426	0.4294	44.0112	11.4505	0.9113	0.5437	155.9827	577	153487	0.9579	0.3335
3943	3947	19	658	2596467	2595810	5259	608046	1223	86401	162	86401	162	1	521645	0.9183	0.8560	0.1547	-156.5096	157	249513	3022	-13.5880	1381	-6.1613	31	1041	61	0.1426	0.6283	44.0944	11.4520	0.9115	0.5304	157.7938	577	153830	0.9560	0.3374
3947	3967	19	659	2622847	2622189	26379	614227	6180	87171	770	87171	770	1	527056	0.9176	0.8056	0.1547	-155.4331	157	252019	3055	16.7798	109	13.1622	37	4918	279	0.1425	0.3732	44.4894	11.4616	0.9130	0.5520	158.1300	577	155464	0.9605	0.3306
3967	3989	19	662	2652019	2651358	29171	621060	6833	88004	833	88004	833	1	533056	0.9166	0.7886	0.1546	-153.1656	157	254824	3093	18.4037	109	14.7931	29	6238	445	0.1426	0.3725	44.3680	11.4722	0.9129	0.5407	155.8527	577	157275	0.9593	0.3292
3989	4001	19	666	2667999	2667334	15979	624802	3743	88457	453	88457	453	1	536345	0.9163	0.7833	0.1545	-150.4777	157	256340	3115	14.7431	109	-9.2432	37	2983	152	0.1429	0.4806	44.3505	11.4777	0.9139	0.5625	155.4211	577	158265	0.9578	0.3282
4001	4003	19	668	2670667	2670000	2667	625422	621	88525	69	88525	69	1	536897	0.9165	0.7195	0.1544	-151.5987	157	256585	3117	16.3670	109	4.2734	139	259	8	0.1430	0.9047	44.3846	11.4782	0.9134	0.5190	155.8700	577	158424	0.9565	0.3286
4003	4007	19	668	2676007	2675340	5339	626681	1258	88674	149	88674	149	1	538007	0.9167	0.7673	0.1544	-150.2611	157	257108	3125	-15.9535	43	5.8592	71	715	26	0.1430	0.7080	44.4598	11.4797	0.9136	0.5403	156.7574	577	158745	0.9555	0.3343
4007	4013	19	669	2684027	2683359	8019	628550	1869	88896	222	88896	222	1	539654	0.9167	0.7699	0.1543	-149.1592	157	257885	3136	14.1403	563	-11.2581	31	1585	91	0.1430	0.6089	44.5721	11.4822	0.9121	0.5390	158.0277	577	159244	0.9570	0.3363
4013	4019	19	670	2692059	2691390	8031	630442	1891	89143	247	89143	247	1	541299	0.9170	0.8471	0.1542	-149.9554	157	258654	3145	16.2414	29	8.4340	53	1234	55	0.1430	0.5575	44.6974	11.4847	0.9123	0.5401	157.2218	577	159765	0.9577	0.3386
4019	4021	19	671	2694739	2694069	2679	631070	628	89210	68	89210	68	1	541860	0.9172	0.7026	0.1541	-152.2038	157	258909	3146	14.9310	29	4.6129	31	533	39	0.1431	0.9395	44.3941	11.4852	0.9120	0.5273	156.6742	577	159923	0.9556	0.3372
4021	4027	19	671	2702787	2702117	8047	632951	1881	89427	217	89427	217	1	543524	0.9172	0.7489	0.1540	-152.9873	157	259677	3155	13.4334	443	-7.5517	29	1719	111	0.1432	0.6127	44.5021	11.4877	0.9128	0.5196	159.0104	577	160403	0.9558	0.3348
4027	4049	19	672	2732399	2731728	29611	639888	6936	90264	837	90264	837	1	549624	0.9162	0.7837	0.1540	-149.6815	157	262479	3194	14.7931	29	11.7209	43	4951	242	0.1434	0.3793	44.8968	11.4981	0.9134	0.5559	157.7400	577	162212	0.9582	0.3312
4049	4051	19	676	2735099	2734424	2699	640519	633	90344	81	90344	81	1	550175	0.9165	0.8315	0.1539	-147.0318	157	262742	3200	-12.7155	3181	-5.6552	29	575	34	0.1434	0.8226	44.9366	11.4985	0.9114	0.5267	157.1438	577	162384	0.9561	0.3308
4051	4057	19	676	2743207	2742532	8107	642423	1903	90599	255	90599	255	1	551824	0.9168	0.8711	0.1538	145.2981	577	166090	721	-14.1395	43	-6.0233	43	1355	57	0.1432	0.5038	44.7518	11.5010	0.9115	0.5170	156.3657	577	162897	0.9550	0.3324
4057	4073	19	677	2764887	2764211	21679	647493	5070	91224	625	91224	625	1	556269	0.9164	0.8018	0.1537	148.5806	577	167451	729	-12.1003	3181	-10.4595	37	4023	207	0.1433	0.4205	44.9712	11.5084	0.9133	0.5620	159.6482	577	164258	0.9617	0.3344
4073	4079	19	680	2773039	2772360	8151	649399	1905	91483	259	91483	259	1	557916	0.9167	0.8848	0.1537	148.7851	577	167969	731	-13.6047	43	-8.3191	47	1300	47	0.1432	0.5079	45.0988	11.5108	0.9140	0.5247	159.8527	577	164776	0.9607	0.3324
4079	4091	19	681	2789379	2788699	16339	653230	3830	91938	455	91938	455	1	561292	0.9163	0.7735	0.1536	-147.5669	157	267965	3266	13.1290	31	-8.9016	61	2315	67	0.1433	0.4931	45.3236	11.5162	0.9114	0.5620	158.3380	577	165790	0.9624	0.3323
4091	4093	19	683	2792107	2791425	2727	653869	640	92023	86	92023	86	1	561846	0.9167	0.8753	0.1535	-148.9809	157	268233	3268	12.8884	251	-6.1148	61	400	7	0.1433	0.7245	45.1204	11.5167	0.9126	0.5092	158.7556	577	165958	0.9612	0.3315
4093	4099	19	683	2800299	2799617	8191	655788	1918	92234	211	92234	211	1	563554	0.9166	0.7169	0.1534	-146.9809	157	269018	3280	15.5976	251	6.8679	53	1249	54	0.1435	0.6734	45.2243	11.5192	0.9117	0.5403	158.0433	577	166452	0.9631	0.3355
4099	4111	19	684	2816719	2816036	16419	659636	3848	92701	467	92701	467	1	566935	0.9163	0.7913	0.1534	-149.7516	157	270570	3297	15.0265	113	7.6456	79	2068	60	0.1436	0.4632	44.7042	11.5245	0.9127	0.5407	158.6014	577	167445	0.9632	0.3372
4111	4127	19	686	2838687	2838002	21967	664780	5143	93354	653	93354	653	1	571426	0.9161	0.8283	0.1533	-152.1210	157	272640	3321	13.9482	251	-10.4807	181	1944	11	0.1434	0.3878	45.4167	11.5318	0.9117	0.5404	155.9185	577	168796	0.9628	0.3334
4127	4129	19	689	2841439	2840751	2751	665425	646	93425	72	93425	72	1	572000	0.9163	0.7274	0.1532	-152.5732	157	272911	3324	14.8088	251	-5.5122	41	482	18	0.1435	0.9324	45.4512	11.5323	0.9140	0.5306	155.3224	577	168968	0.9635	0.3330
4129	4133	19	689	2846947	2846259	5507	666718	1292	93588	163	93588	163	1	573130	0.9166	0.8238	0.1531	-156.4522	157	273451	3327	14.5060	251	-9.4483	29	1181	72	0.1435	0.6685	45.5305	11.5337	0.9148	0.5395	156.1404	577	169309	0.9632	0.3319
4133	4139	19	690	2855219	2854530	8271	668652	1934	93818	230	93818	230	1	574834	0.9166	0.7769	0.1531	-157.2994	157	274224	3336	15.0956	251	9.1395	43	1373	73	0.1436	0.6149	45.6424	11.5362	0.9145	0.5393	154.4419	577	169799	0.9621	0.3313
4139	4153	19	691	2874567	2873877	19347	673183	4531	94386	568	94386	568	1	578797	0.9164	0.8194	0.1530	-153.4140	157	276117	3364	20.2566	113	10.7788	113	2103	48	0.1435	0.4224	45.9217	11.5424	0.9126	0.5422	153.1785	577	171029	0.9620	0.3374
4153	4157	19	693	2880107	2879415	5539	674482	1298	94534	148	94534	148	1	579948	0.9165	0.7456	0.1529	-155.1911	157	276649	3369	17.2655	113	8.1277	47	890	46	0.1437	0.7253	45.9942	11.5439	0.9132	0.5412	153.9723	577	171377	0.9643	0.3417
4157	4159	19	694	2882879	2882186	2771	675133	651	94622	89	94622	89	1	580511	0.9169	0.8944	0.1528	-155.5414	157	276912	3372	15.7434	113	5.3913	23	651	62	0.1436	0.7264	46.0370	11.5444	0.9130	0.5139	154.3588	577	171554	0.9628	0.3376
4159	4177	19	694	2907887	2907194	25007	680986	5853	95316	694	95316	694	1	585670	0.9162	0.7761	0.1528	-154.7452	157	279283	3403	15.1504	113	9.1507	73	3243	98	0.1438	0.4127	46.1963	11.5525	0.9126	0.5510	158.0797	577	173077	0.9622	0.3325
4177	4201	19	697	2941399	2940703	33511	688833	7846	96276	960	96276	960	1	592557	0.9153	0.8013	0.1527	-150.8122	197	258544	2474	-14.1370	73	-12.6729	107	3674	56	0.1436	0.3582	45.6442	11.5635	0.9134	0.5558	157.7626	577	175188	0.9678	0.3332
4201	4211	19	701	2955419	2954719	14019	692115	3283	96683	407	96683	407	1	595432	0.9152	0.8122	0.1526	-152.7707	157	283838	3463	-12.6725	229	-9.2302	139	1406	11	0.1435	0.4761	46.0286	11.5678	0.9119	0.5385	159.6534	577	176085	0.9667	0.3333
4211	4217	19	703	2963847	2963145	8427	694093	1978	96946	263	96946	263	1	597147	0.9155	0.8716	0.1526	-155.2675	157	284662	3471	14.1681	113	-6.2474	97	982	14	0.1435	0.5391	46.1542	11.5701	0.9139	0.5397	158.7678	577	176629	0.9691	0.3354
4217	4219	19	704	2966659	2965956	2811	694748	656	97030	85	97030	85	1	597718	0.9159	0.8497	0.1525	-151.7325	157	284934	3478	14.5752	113	-4.3373	83	346	4	0.1434	0.7743	46.1942	11.5706	0.9135	0.5093	158.1889	577	176796	0.9681	0.3340
4219	4229	19	704	2980739	2980036	14079	698053	3304	97437	407	97437	407	1	600616	0.9158	0.8082	0.1524	-152.5605	157	286255	3494	14.0796	113	8.9720	107	1553	38	0.1434	0.4673	46.2120	11.5749	0.9110	0.5184	159.1906	577	177661	0.9666	0.3351
4229	4231	19	706	2983559	2982854	2819	698712	659	97518	82	97518	82	1	601194	0.9162	0.8168	0.1523	-150.8854	157	286516	3499	16.4159	113	5.4478	67	387	17	0.1434	0.8062	46.2509	11.5754	0.9115	0.5156	158.6014	577	177831	0.9652	0.3453
4231	4241	19	706	2997679	2996974	14119	702015	3303	97931	413	97931	413	1	604084	0.9161	0.8212	0.1523	-152.3121	157	287884	3515	-17.2877	73	-9.9726	73	1824	40	0.1433	0.4759	46.4472	11.5796	0.9101	0.5515	158.4575	577	178738	0.9647	0.3339
4241	4243	19	708	3000507	2999800	2827	702679	664	98009	79	98009	79	1	604670	0.9164	0.7817	0.1522	-154.8153	157	288159	3516	-15.4795	73	-6.3617	47	455	13	0.1433	0.8590	46.4847	11.5801	0.9111	0.5245	158.8232	577	178921	0.9666	0.3453
4243	4253	19	708	3014667	3013960	14159	705999	3319	98386	377	98386	377	1	607613	0.9161	0.7467	0.1521	-158.1421	197	264979	2532	13.4425	113	-10.1124	89	1696	28	0.1436	0.5510	46.3757	11.5843	0.9100	0.5634	157.7903	577	179796	0.9660	0.3380
4253	4259	19	710	3023179	3022470	8511	707990	1991	98611	225	98611	225	1	609379	0.9160	0.7432	0.1521	-159.6650	197	265720	2538	15.2035	113	-9.5410	61	1206	30	0.1438	0.6222	46.4817	11.5867	0.9118	0.5278	157.9809	577	180318	0.9648	0.3355
4259	4261	19	711	3026019	3025309	2839	708652	663	98692	82	98692	82	1	609960	0.9163	0.8138	0.1520	-158.1218	197	265962	2542	13.4867	113	4.4595	37	528	33	0.1438	0.7918	46.5204	11.5871	0.9115	0.5132	157.3847	577	180490	0.9651	0.3460
4261	4271	19	711	3040239	3039529	14219	711978	3326	99082	390	99082	390	1	612896	0.9161	0.7719	0.1519	-154.3885	157	291972	3565	12.0661	227	9.5506	89	1711	48	0.1439	0.5294	46.5065	11.5913	0.9094	0.5535	156.3276	577	181372	0.9630	0.3366
4271	4273	19	713	3043087	3042375	2847	712649	671	99170	89	99170	89	1	613479	0.9165	0.8735	0.1518	-153.2995	197	267457	2562	11.5219	251	4.2258	31	570	41	0.1437	0.7483	46.5482	11.5918	0.9095	0.5112	156.7140	577	181549	0.9627	0.3460
4273	4283	19	713	3057347	3056635	14259	715987	3338	99580	410	99580	410	1	616407	0.9164	0.8093	0.1518	-153.5605	157	293634	3587	14.6637	113	-8.7660	47	2274	88	0.1437	0.4800	46.0768	11.5960	0.9105	0.5337	156.7132	659	171764	0.9632	0.3369
4283	4289	19	715	3065919	3065205	8571	717994	2006	99821	241	99821	241	1	618173	0.9165	0.7920	0.1517	-155.7389	157	294433	3595	19.1416	113	7.4468	47	1376	66	0.1438	0.6036	46.6127	11.5983	0.9111	0.5360	158.1533	659	172278	0.9630	0.3356
4289	4297	19	716	3077367	3076652	11447	720677	2682	100132	311	100132	311	1	620545	0.9163	0.7648	0.1516	-153.9898	197	270480	2592	16.6549	113	9.9032	31	2280	157	0.1440	0.5729	46.7579	11.6016	0.9117	0.5534	157.0197	659	172981	0.9609	0.3327
4297	4327	19	717	3120487	3119771	43119	730776	10098	101354	1222	101354	1222	1	629422	0.9151	0.7985	0.1516	-158.0000	197	274224	2626	13.4323	761	10.2913	127	4490	81	0.1439	0.3320	47.3294	11.6151	0.9087	0.5471	158.1958	659	175559	0.9590	0.3291
4327	4337	19	722	3134927	3134206	14439	734160	3384	101795	441	101795	441	1	632365	0.9153	0.8603	0.1515	-151.0761	197	275512	2646	11.8491	53	-10.4795	73	1879	41	0.1436	0.4348	47.5363	11.6192	0.9081	0.5322	156.5432	659	176433	0.9608	0.3297
4337	4339	19	724	3137819	3137096	2891	734835	676	101876	82	101876	82	1	632959	0.9156	0.8011	0.1514	-151.6244	197	275763	2648	13.7410	251	5.7808	73	373	16	0.1437	0.8467	47.5741	11.6197	0.9090	0.5223	156.0303	659	176602	0.9615	0.3294
4339	4349	19	724	3152299	3151576	14479	738228	3392	102294	418	102294	418	1	635934	0.9156	0.8142	0.1513	-151.5178	197	277033	2661	-13.1860	43	9.5517	29	3095	223	0.1438	0.4852	47.1732	11.6238	0.9106	0.5475	158.3900	659	177472	0.9601	0.3308
4349	4357	19	726	3163907	3163182	11607	740949	2720	102614	320	102614	320	1	638335	0.9155	0.7777	0.1513	-150.6497	197	278031	2672	14.0239	251	-8.9574	47	1832	69	0.1438	0.5456	47.3212	11.6270	0.9128	0.5346	158.3869	659	178132	0.9622	0.3315
4357	4363	19	727	3172627	3171901	8719	742989	2040	102865	251	102865	251	1	640124	0.9156	0.8137	0.1512	-150.3553	197	278790	2680	-12.6172	653	-9.2759	29	1860	119	0.1439	0.5757	47.4374	11.6293	0.9110	0.5332	160.8604	659	178635	0.9616	0.3327
4363	4373	19	728	3187187	3186460	14559	746400	3411	103283	418	103283	418	1	643117	0.9156	0.8108	0.1511	-151.3096	197	280066	2692	-14.2791	43	9.6024	83	1801	53	0.1438	0.4604	47.3449	11.6335	0.9123	0.5271	160.1958	659	179513	0.9600	0.3310
4373	4391	19	730	3213479	3212750	26291	752554	6153	103994	711	103994	711	1	648560	0.9147	0.7649	0.1511	-153.3756	197	282338	2713	13.6697	109	-12.2553	47	4189	166	0.1444	0.4314	47.6718	11.6412	0.9142	0.5558	160.8312	877	160565	0.9599	0.3299
4391	4397	19	733	3222267	3221535	8787	754617	2063	104241	247	104241	247	1	650376	0.9148	0.7929	0.1510	-152.1218	197	283101	2722	13.8191	619	7.5319	47	1421	68	0.1444	0.5971	47.4794	11.6435	0.9140	0.5442	159.8331	701	177061	0.9590	0.3292
4397	4409	19	734	3239879	3239146	17611	758737	4121	104757	516	104757	516	1	653980	0.9148	0.8296	0.1509	-155.7157	197	284637	2734	15.5073	619	11.4433	97	2064	54	0.1443	0.4225	47.7149	11.6485	0.9153	0.5315	161.5975	877	161983	0.9616	0.3289
4409	4421	19	736	3257539	3256804	17659	762874	4137	105229	472	105229	472	1	657645	0.9143	0.7563	0.1509	-152.6447	197	286206	2753	-17.5116	43	-11.9551	89	2134	36	0.1444	0.5080	47.9299	11.6535	0.9148	0.5575	161.5165	577	194877	0.9621	0.3278
4421	4423	19	738	3260487	3259750	2947	763561	688	105307	79	105307	79	1	658254	0.9146	0.7615	0.1508	-154.1320	197	286451	2754	-16.4651	43	-4.5135	37	546	25	0.1444	0.8412	47.9658	11.6539	0.9147	0.5059	161.9307	577	195046	0.9613	0.3291
4423	4441	19	738	3287079	3286342	26591	769793	6231	106042	735	106042	735	1	663751	0.9139	0.7826	0.1507	-155.9188	197	288794	2776	-20.3256	43	11.1739	23	6231	553	0.1447	0.4229	48.3020	11.6616	0.9170	0.5718	166.0884	701	180827	0.9634	0.3291
4441	4447	19	741	3295967	3295227	8887	771869	2077	106276	234	106276	234	1	665593	0.9139	0.7478	0.1507	-154.6548	197	289556	2785	-16.8837	43	7.0645	31	1766	121	0.1449	0.6332	48.4090	11.6638	0.9173	0.5355	166.6819	701	181320	0.9648	0.3291
4447	4451	19	742	3301899	3301158	5931	773265	1395	106444	168	106444	168	1	666821	0.9141	0.7997	0.1506	154.1812	701	186052	685	-14.8140	43	6.7196	107	657	19	0.1449	0.6594	48.4855	11.6652	0.9171	0.5209	166.6976	701	181665	0.9637	0.3284
4451	4457	19	743	3310807	3310065	8907	775348	2083	106687	243	106687	243	1	668661	0.9141	0.7750	0.1505	-156.9442	197	290865	2796	-14.6977	43	7.1724	29	1897	138	0.1449	0.6132	48.5976	11.6674	0.9152	0.5371	169.2026	701	182189	0.9618	0.3361
4457	4463	19	744	3319727	3318984	8919	777437	2088	106911	224	106911	224	1	670526	0.9140	0.7130	0.1505	157.2653	701	187074	691	-16.8605	43	7.3243	37	1659	97	0.1450	0.6760	48.7001	11.6697	0.9144	0.5558	169.7817	701	182687	0.9611	0.3329
4463	4481	19	745	3346559	3345815	26831	783723	6286	107680	769	107680	769	1	676043	0.9136	0.8135	0.1504	160.8031	701	188638	699	14.7615	109	-13.1351	37	5016	258	0.1449	0.3843	48.4295	11.6773	0.9129	0.5408	173.3195	701	184251	0.9596	0.3301
4481	4483	19	748	3349547	3348800	2987	784419	696	107756	77	107756	77	1	676663	0.9138	0.7360	0.1503	161.3324	701	188803	700	-13.6047	43	-5.2553	47	476	15	0.1450	0.9193	48.4641	11.6777	0.9150	0.5304	173.8459	701	184417	0.9611	0.3302
4483	4493	19	748	3364507	3363760	14959	787922	3503	108199	443	108199	443	1	679723	0.9139	0.8417	0.1503	161.8445	701	189675	703	-14.5349	43	-11.9655	29	3204	209	0.1448	0.4572	48.2708	11.6817	0.9154	0.5351	174.3581	701	185289	0.9603	0.3311
4493	4507	19	750	3385507	3384758	20999	792842	4919	108763	564	108763	564	1	684079	0.9134	0.7634	0.1502	163.3752	701	190891	708	-18.3721	43	11.3151	73	2726	86	0.1450	0.4704	47.9215	11.6875	0.9152	0.5633	175.8887	701	186505	0.9637	0.3349
4507	4513	19	752	3394527	3393776	9019	794955	2112	109019	256	109019	256	1	685936	0.9135	0.8074	0.1501	163.8802	701	191415	710	-15.6512	43	9.4528	53	1366	61	0.1450	0.5942	48.0380	11.6897	0.9161	0.5502	176.3937	701	187029	0.9654	0.3367
4513	4517	19	753	3400547	3399795	6019	796367	1411	109199	180	109199	180	1	687168	0.9138	0.8502	0.1501	162.8730	701	191768	710	-20.3256	43	7.1446	83	741	25	0.1450	0.6217	48.1194	11.6911	0.9171	0.5260	175.3866	701	187382	0.9674	0.3385
4517	4519	19	754	3403559	3402806	3011	797070	703	109269	71	109269	71	1	687801	0.9140	0.6734	0.1500	163.3852	701	191939	711	-13.0233	43	-6.2759	29	642	38	0.1451	0.9803	48.3812	11.6915	0.9159	0.5300	175.8959	701	187554	0.9649	0.3363
4519	4523	19	754	3409587	3408834	6027	798486	1416	109455	186	109455	186	1	689031	0.9143	0.8762	0.1499	163.3409	701	192305	712	-14.8837	43	-6.4177	79	767	13	0.1450	0.5891	48.4640	11.6928	0.9172	0.5122	175.8516	701	187920	0.9683	0.3405
4523	4547	19	755	3445867	3445113	36279	806982	8495	110448	993	110448	993	1	696534	0.9133	0.7800	0.1499	166.3609	701	194401	721	-12.5348	647	14.2278	79	4573	130	0.1454	0.3795	48.9041	11.7030	0.9174	0.5590	178.8716	701	190016	0.9669	0.3333
4547	4549	19	759	3448899	3448141	3031	807691	710	110524	77	110524	77	1	697167	0.9135	0.7240	0.1498	166.9187	701	194556	722	-11.2617	1979	4.6792	53	459	22	0.1455	0.8912	48.9378	11.7034	0.9182	0.5189	179.4265	701	190172	0.9662	0.3329
4549	4561	19	759	3467119	3466361	18219	811957	4265	111057	533	111057	533	1	700900	0.9135	0.8347	0.1497	166.8545	701	195630	725	-15.4419	43	-11.2128	47	2919	113	0.1455	0.4335	48.8485	11.7082	0.9187	0.5377	179.3623	701	191246	0.9645	0.3306
4561	4567	19	761	3476247	3475487	9127	814098	2142	111305	248	111305	248	1	702793	0.9136	0.7736	0.1497	166.3823	701	196146	726	-19.0233	43	7.1935	31	1826	125	0.1455	0.6297	48.9576	11.7104	0.9167	0.5516	178.8902	701	191762	0.9615	0.3300
4567	4583	19	762	3500647	3499886	24399	819813	5715	112001	696	112001	696	1	707812	0.9133	0.8141	0.1496	166.3110	701	197573	730	-12.5124	1979	-10.0935	139	2439	25	0.1456	0.4058	49.2420	11.7170	0.9157	0.5537	178.8188	701	193189	0.9603	0.3288
4583	4591	19	765	3512879	3512115	12231	822677	2863	112363	362	112363	362	1	710314	0.9134	0.8456	0.1495	166.2568	701	198293	732	-13.4068	1979	10.9718	71	1634	57	0.1455	0.4981	49.2721	11.7200	0.9175	0.5422	178.7646	701	193909	0.9650	0.3311
4591	4597	19	766	3522067	3521302	9187	824827	2149	112613	250	112613	250	1	712214	0.9135	0.7783	0.1495	167.7903	701	198807	735	-13.5796	1979	8.9434	53	1406	62	0.1456	0.6029	49.3822	11.7222	0.9169	0.5341	180.2981	701	194423	0.9619	0.3305
4597	4603	19	767	3531267	3530501	9199	826978	2150	112870	257	112870	257	1	714108	0.9136	0.8001	0.1494	169.2439	701	199349	738	-17.2756	127	-10.6129	31	1823	107	0.1457	0.5945	49.4948	11.7244	0.9171	0.5456	181.7518	701	194965	0.9599	0.3292
4603	4621	19	768	3558939	3558172	27671	833466	6489	113626	756	113626	756	1	719840	0.9129	0.7802	0.1493	168.6733	701	200951	742	-15.8605	43	-9.3239	71	3668	94	0.1459	0.4294	49.4348	11.7318	0.9168	0.5748	181.1812	701	196567	0.9647	0.3289
4621	4637	19	771	3583627	3582857	24687	839240	5774	114317	691	114317	691	1	724923	0.9126	0.8017	0.1493	169.5021	701	202413	747	-15.1455	1979	-11.3220	59	3638	112	0.1460	0.4246	49.1329	11.7382	0.9156	0.5722	182.0100	701	198029	0.9606	0.3283
4637	4639	19	774	3586719	3585946	3091	839964	725	114394	78	114394	78	1	725570	0.9128	0.7211	0.1492	170.0228	701	202581	748	-14.8772	1979	-5.2973	37	579	26	0.1460	0.9475	49.3397	11.7387	0.9158	0.5295	182.5278	701	198198	0.9605	0.3286
4639	4643	19	774	3592907	3592134	6187	841424	1459	114580	186	114580	186	1	726844	0.9131	0.8548	0.1491	169.9729	701	202949	749	-14.3527	1979	-5.0847	59	917	26	0.1460	0.6059	49.4199	11.7400	0.9163	0.5237	182.4779	701	198566	0.9624	0.3277
4643	4649	19	775	3602199	3601425	9291	843594	2169	114843	263	114843	263	1	728751	0.9132	0.8134	0.1491	169.3524	701	203517	750	-15.5457	1979	-6.0693	101	1064	15	0.1460	0.5925	49.5342	11.7421	0.9171	0.5477	181.8573	701	199134	0.9620	0.3323
4649	4651	19	776	3605299	3604524	3099	844318	724	114919	77	114919	77	1	729399	0.9134	0.7137	0.1490	168.9130	701	203671	750	-16.2774	1979	5.4507	71	410	17	0.1461	0.9354	49.5678	11.7425	0.9180	0.5142	181.4151	701	199289	0.9619	0.3557
4651	4657	19	776	3614607	3613832	9307	846500	2182	115155	236	115155	236	1	731345	0.9133	0.7262	0.1489	168.4322	701	204190	751	-14.4826	1979	9.8790	157	873	21	0.1461	0.6664	49.6700	11.7447	0.9188	0.5472	180.9344	701	199808	0.9614	0.3372
4657	4663	19	777	3623927	3623151	9319	848678	2177	115423	268	115423	268	1	733255	0.9135	0.8269	0.1489	167.8488	701	204745	752	17.4828	29	-7.0896	67	1276	31	0.1462	0.5571	49.7861	11.7468	0.9186	0.5277	180.3509	701	200363	0.9610	0.3334
4663	4673	19	778	3639487	3638710	15559	852322	3644	115842	419	115842	419	1	736480	0.9133	0.7726	0.1488	168.2668	701	205650	755	-17.2877	73	-8.0896	67	2147	56	0.1463	0.5225	49.8142	11.7507	0.9175	0.5631	180.7689	701	201268	0.9607	0.3325
4673	4679	19	780	3648839	3648060	9351	854516	2194	116089	247	116089	247	1	738427	0.9133	0.7568	0.1488	169.7546	701	206180	758	-18.3973	73	6.0061	163	896	17	0.1464	0.6253	49.9204	11.7528	0.9172	0.5364	182.2568	701	201798	0.9598	0.3299
4679	4691	19	781	3667579	3666799	18739	858909	4394	116599	510	116599	510	1	742310	0.9130	0.7806	0.1487	170.6191	701	207279	762	-17.2558	43	-16.1277	47	3011	112	0.1466	0.4834	50.0752	11.7575	0.9169	0.5594	183.1213	701	202897	0.9577	0.3277
4691	4703	19	783	3686367	3685585	18787	863307	4397	117099	500	117099	500	1	746208	0.9126	0.7651	0.1486	171.5235	701	208364	766	-15.8140	43	-12.6098	41	3313	149	0.1468	0.5120	50.1177	11.7622	0.9159	0.5684	184.0257	701	203982	0.9596	0.3298
4703	4721	19	785	3714639	3713855	28271	869933	6626	117865	766	117865	766	1	752068	0.9120	0.7781	0.1486	168.8217	701	210012	768	-17.7808	73	-10.5512	127	2956	36	0.1471	0.4312	49.8480	11.7694	0.9193	0.5706	181.3238	701	205630	0.9647	0.3318
4721	4723	19	788	3717787	3717000	3147	870667	735	117954	90	117954	90	1	752713	0.9123	0.8246	0.1485	-169.5183	191	333058	3318	-17.8904	73	4.3023	43	531	29	0.1470	0.7969	49.9699	11.7699	0.9189	0.5150	180.8074	701	205811	0.9636	0.3311
4723	4729	19	788	3727239	3726452	9451	872878	2210	118225	271	118225	271	1	754653	0.9125	0.8261	0.1484	-167.1780	191	333885	3329	-15.4658	73	-8.1748	103	1039	12	0.1470	0.5648	50.0852	11.7720	0.9195	0.5310	179.2154	701	206369	0.9651	0.3334
4729	4733	19	789	3733547	3732759	6307	874352	1475	118400	175	118400	175	1	755952	0.9126	0.7996	0.1484	-168.1257	191	334453	3334	-14.8493	73	8.4468	47	1000	51	0.1470	0.6719	50.1593	11.7732	0.9182	0.5149	178.2083	701	206722	0.9643	0.3321
4733	4751	19	790	3761999	3761210	28451	881020	6667	119212	812	119212	812	1	761808	0.9123	0.8212	0.1483	-168.7539	191	336996	3360	13.3364	107	-14.7931	29	6087	405	0.1469	0.3683	50.4174	11.7804	0.9178	0.5370	176.4094	701	208404	0.9616	0.3288
4751	4759	19	793	3774679	3773887	12679	883988	2967	119549	337	119549	337	1	764439	0.9122	0.7662	0.1483	-170.7120	191	338138	3370	12.8598	107	-10.8852	61	1796	48	0.1471	0.5747	50.5599	11.7833	0.9188	0.5490	176.3153	701	209138	0.9641	0.3303
4759	4783	19	794	3812847	3812054	38167	892934	8946	120591	1042	120591	1042	1	772343	0.9113	0.7860	0.1482	-172.4293	191	341549	3404	-16.9452	73	14.0345	29	8163	577	0.1474	0.3742	50.9580	11.7930	0.9208	0.5521	178.0585	701	211331	0.9688	0.3300
4783	4787	19	798	3819227	3818430	6379	894426	1492	120776	185	120776	185	1	773650	0.9116	0.8371	0.1481	-172.3455	191	342114	3410	-13.0169	4259	-6.7391	23	1492	123	0.1474	0.6003	51.0361	11.7942	0.9225	0.5049	177.2790	577	229854	0.9676	0.3291
4787	4789	19	799	3822419	3821621	3191	895168	742	120851	76	120851	76	1	774317	0.9118	0.6918	0.1481	-170.2251	191	342389	3415	16.2759	29	-5.0638	47	495	16	0.1475	0.9671	51.0678	11.7947	0.9220	0.5326	178.6702	661	216256	0.9670	0.3294
4789	4793	19	799	3828807	3828009	6387	896668	1499	121045	194	121045	194	1	775623	0.9121	0.8744	0.1480	-171.1309	191	342953	3420	17.8276	29	7.7904	167	602	15	0.1473	0.6068	51.1498	11.7959	0.9217	0.5289	179.4841	661	216648	0.9660	0.3288
4793	4799	19	800	3838399	3837600	9591	898911	2242	121327	282	121327	282	1	777584	0.9123	0.8502	0.1479	-170.4315	197	337011	3251	-15.4497	1979	5.8691	191	872	15	0.1472	0.5428	51.2694	11.7980	0.9202	0.5344	178.0572	577	231072	0.9650	0.3311
4799	4801	19	801	3841599	3840799	3199	899666	756	121420	94	121420	94	1	778246	0.9126	0.8408	0.1479	-170.2234	197	337286	3254	-15.2127	1979	-6.4627	67	451	7	0.1471	0.7935	51.3087	11.7984	0.9199	0.5165	177.3536	577	231275	0.9641	0.3300
4801	4813	19	801	3860827	3860027	19227	904170	4503	121931	511	121931	511	1	782239	0.9123	0.7677	0.1478	-175.2995	197	338968	3266	13.6262	107	8.3562	73	2469	76	0.1473	0.5008	51.5259	11.8030	0.9213	0.5566	179.1594	577	232485	0.9671	0.3307
4813	4817	19	803	3867247	3866445	6419	905675	1505	122100	169	122100	169	1	783575	0.9124	0.7600	0.1478	-177.9746	197	339527	3269	16.6552	29	-5.0244	41	1128	50	0.1473	0.7157	51.5977	11.8042	0.9212	0.5418	179.8602	701	214555	0.9689	0.3305
4817	4831	19	804	3889759	3888956	22511	910943	5269	122733	633	122733	633	1	788210	0.9122	0.8134	0.1477	-180.0051	197	341500	3287	18.3448	29	-13.0822	73	2923	67	0.1472	0.4256	51.3218	11.8096	0.9174	0.5470	178.1198	701	215866	0.9648	0.3296
4831	4861	19	806	3938219	3937414	48459	922298	11354	124108	1375	124108	1375	1	798190	0.9115	0.8203	0.1476	-179.8173	197	345717	3330	14.3383	677	13.8033	61	6899	240	0.1472	0.3230	51.8550	11.8216	0.9181	0.5593	180.4246	577	237313	0.9643	0.3280
4861	4871	19	811	3954439	3953629	16219	926096	3800	124575	467	124575	467	1	801521	0.9115	0.8328	0.1476	-180.2437	197	347138	3344	-12.4827	1303	8.7377	61	2326	85	0.1471	0.4595	52.0292	11.8253	0.9184	0.5373	179.9029	577	238329	0.9641	0.3267
4871	4877	19	813	3964187	3963375	9747	928373	2276	124835	260	124835	260	1	803538	0.9116	0.7744	0.1475	-182.6396	197	347965	3350	-12.2244	1979	8.5254	59	1430	57	0.1471	0.6163	52.1387	11.8273	0.9192	0.5362	179.8614	577	238918	0.9653	0.3276
4877	4889	19	814	3983719	3982906	19531	932954	4580	125350	515	125350	515	1	807604	0.9112	0.7626	0.1475	-184.7665	197	349652	3365	-11.1094	4259	13.6197	71	2605	87	0.1473	0.5053	52.3558	11.8319	0.9165	0.5501	181.5735	701	221315	0.9638	0.3277
4889	4903	19	816	4006567	4005752	22847	938304	5351	125989	639	125989	639	1	812315	0.9110	0.8102	0.1474	-179.0711	197	351652	3391	-13.4409	127	-10.2291	179	2079	13	0.1473	0.4199	52.6252	11.8372	0.9188	0.5467	185.8631	577	241514	0.9671	0.3270
4903	4909	19	818	4016379	4015562	9811	940596	2292	126266	277	126266	277	1	814330	0.9111	0.8203	0.1473	-180.8731	197	352519	3398	-14.5354	127	6.5767	163	931	18	0.1473	0.5702	52.7417	11.8392	0.9166	0.5342	185.1526	701	223215	0.9651	0.3265
4909	4919	19	819	4032759	4031941	16379	944438	3841	126724	458	126724	458	1	817714	0.9111	0.8097	0.1473	-180.3604	197	353946	3413	13.7531	239	7.8686	137	1653	32	0.1474	0.4926	52.9351	11.8429	0.9176	0.5484	185.4593	701	224159	0.9669	0.3279
4919	4931	19	821	4052459	4051639	19699	949057	4619	127260	536	127260	536	1	821797	0.9109	0.7883	0.1472	-183.9746	197	355681	3427	13.7928	251	18.5593	59	2904	117	0.1474	0.4850	53.1635	11.8473	0.9176	0.5560	186.1127	701	225332	0.9699	0.3310
4931	4933	19	823	4055747	4054925	3287	949826	770	127344	85	127344	85	1	822482	0.9111	0.7502	0.1472	-182.8071	197	355960	3431	13.6653	251	6.4468	47	530	29	0.1475	0.8743	53.1986	11.8477	0.9178	0.5187	186.5792	701	225519	0.9685	0.3304
4933	4937	19	823	4062327	4061505	6579	951362	1535	127531	187	127531	187	1	823831	0.9113	0.8282	0.1471	-183.4924	197	356520	3436	13.4263	251	5.2795	347	472	8	0.1474	0.6393	53.2779	11.8490	0.9186	0.5282	186.5007	701	225897	0.9687	0.3382
4937	4943	19	824	4072207	4071384	9879	953682	2319	127784	253	127784	253	1	825898	0.9113	0.7420	0.1470	-184.4467	197	357402	3444	14.6233	677	-6.9083	109	1085	13	0.1475	0.6408	52.4088	11.8510	0.9184	0.5465	186.5927	577	245631	0.9680	0.3358
4943	4951	19	825	4085399	4084575	13191	956768	3085	128135	351	128135	351	1	828633	0.9112	0.7741	0.1470	-184.8579	197	358526	3455	14.5066	677	-11.6271	59	1936	54	0.1475	0.5723	52.5609	11.8538	0.9166	0.5514	186.7574	577	246449	0.9680	0.3391
4951	4957	19	826	4095307	4094482	9907	959086	2317	128418	283	128418	283	1	830668	0.9114	0.8314	0.1469	-187.4467	197	359372	3461	12.8222	1091	-6.7822	101	1100	15	0.1475	0.5599	52.6808	11.8558	0.9162	0.5351	185.9943	701	227827	0.9683	0.3385
4957	4967	19	827	4111847	4111021	16539	962969	3882	128869	451	128869	451	1	834100	0.9113	0.7911	0.1469	-187.2792	197	360833	3476	12.9402	251	9.0990	101	1914	47	0.1475	0.5083	52.8742	11.8595	0.9170	0.5470	188.2240	701	228798	0.9696	0.3381
4967	4969	19	829	4115159	4114331	3311	963738	770	128968	100	128968	100	1	834770	0.9116	0.8847	0.1468	-186.2335	197	361124	3480	13.3103	29	-6.3115	61	467	9	0.1474	0.7063	52.9156	11.8599	0.9182	0.5004	188.6705	701	228992	0.9695	0.3365
4969	4973	19	829	4121787	4120959	6627	965295	1556	129169	201	129169	201	1	836126	0.9119	0.8803	0.1467	-186.3147	197	361723	3486	13.4064	251	-8.0000	29	1421	90	0.1474	0.6062	53.0017	11.8611	0.9175	0.5194	188.5264	701	229393	0.9675	0.3359
4973	4987	19	830	4145027	4144198	23239	970736	5441	129795	626	129795	626	1	840941	0.9116	0.7844	0.1467	-184.8426	197	363745	3508	13.2422	677	9.9577	71	3090	97	0.1475	0.4481	53.2699	11.8663	0.9167	0.5581	188.7903	577	250190	0.9669	0.3362
4987	4993	19	832	4155007	4154176	9979	973076	2340	130052	257	130052	257	1	843024	0.9116	0.7491	0.1466	-184.6041	197	364608	3517	13.4064	251	8.4595	37	1860	109	0.1475	0.6433	53.3789	11.8683	0.9175	0.5327	189.6898	577	250796	0.9673	0.3349
4993	4999	19	833	4164999	4164167	9991	975418	2341	130343	291	130343	291	1	845075	0.9118	0.8482	0.1466	-185.4772	197	365482	3525	12.8827	1091	8.0488	41	1762	94	0.1475	0.5541	53.5022	11.8703	0.9186	0.5350	188.4506	577	251442	0.9676	0.3359
4999	5003	19	834	4171667	4170834	6667	976982	1563	130543	200	130543	200	1	846439	0.9121	0.8734	0.1465	-186.2843	197	366054	3530	13.2829	251	6.2489	229	544	11	0.1474	0.6096	53.5874	11.8715	0.9180	0.5174	187.0260	577	251853	0.9652	0.3349
