Q	Qn	a	k_lo	k_hi	W	S	N_A	N_A_sec	twins	twins_sec	surv	surv_sec	ok	sum_fresh	R	R_sec	prod	maxDf	gDf	NcurDf	freshDf	maxDr	gDr	maxDfs	gDfs	NcurDfs	freshDfs	E_win	E_sec	top_max	room	pct_mean	pct_sec_mean	maxDl	gDl	NliveDl	pct_live_mean	E_live
17	19	13	4	59	56	11	17	2	17	2	17	2	1	0	1.1333	1.1333	0.8824	-2.0000	17	17	0	-2.0000	17	-0.2353	17	2	0	0.0000	0.0000	2.0000	2.7081	0.9375	0.3750	-0.2353	17	2	0.3750	0.0000
19	23	13	4	87	84	27	25	7	21	4	21	4	1	4	1.0640	0.7238	0.7895	-0.9412	17	25	2	-0.9412	17	1.1765	17	7	2	0.0000	0.2628	0.9412	2.9825	0.5451	0.5764	1.3684	19	6	0.8160	0.3104
23	29	13	5	139	135	51	39	13	29	8	29	8	1	10	1.0316	0.8537	0.7208	-2.5217	23	29	0	1.4118	17	1.4706	17	13	3	0.0521	0.2079	2.5217	3.3362	0.7511	0.5777	3.1765	17	24	0.8091	0.2771
29	31	13	6	159	154	19	44	5	30	2	30	2	1	14	1.0160	0.5960	0.6711	1.8235	17	44	7	1.8235	17	1.6522	23	4	2	0.0443	0.4954	1.8235	3.3854	0.5685	0.4988	3.4706	17	30	0.8162	0.5322
31	37	13	6	227	222	67	64	20	41	11	41	11	1	23	1.0204	0.8761	0.6278	-2.6452	31	41	0	1.5862	29	2.0345	29	14	3	0.0470	0.2360	2.6452	3.6934	0.4669	0.6501	2.8276	29	17	0.8451	0.3294
37	41	13	7	279	273	51	78	13	48	7	48	7	1	30	1.0362	0.9067	0.5939	-2.2258	31	50	1	1.2174	23	0.8421	19	11	2	0.0428	0.1974	2.2258	3.8356	0.5900	0.4061	3.5263	19	52	0.7581	0.3035
41	43	13	8	307	300	27	87	9	50	3	50	3	1	37	1.0174	0.5901	0.5649	-2.4390	41	50	0	2.4348	23	0.9412	17	9	2	0.0695	0.5713	2.4390	3.8948	0.6577	0.6575	3.6842	19	60	0.7425	0.3648
43	47	13	8	367	360	59	105	17	61	11	61	11	1	44	1.0786	1.2013	0.5386	-3.0244	41	62	0	1.8696	23	1.1613	31	13	2	0.0318	0.0893	3.0244	4.0352	0.5486	0.5429	3.1765	17	92	0.6815	0.2457
47	53	13	9	467	459	99	137	31	74	13	74	13	1	63	1.0474	0.8132	0.5157	-2.1915	47	75	1	1.1702	47	2.2558	43	16	3	0.0161	0.3057	2.1915	4.2578	0.3837	0.5562	2.6512	43	29	0.7156	0.2892
53	59	13	10	579	570	111	169	32	87	13	87	13	1	82	1.0374	0.8186	0.4963	-3.2830	53	87	0	2.8085	47	1.2558	43	16	2	0.0441	0.2669	3.2830	4.4292	0.5526	0.4509	3.9070	43	45	0.6965	0.2636
59	61	13	11	619	609	39	177	9	91	5	91	5	1	86	1.0724	1.1588	0.4794	-3.4340	53	91	0	2.4681	47	0.7209	43	6	1	0.0525	0.1958	3.4340	4.4410	0.6095	0.3612	4.6279	43	51	0.6309	0.2319
61	67	13	11	747	737	127	219	41	110	19	110	19	1	109	1.0832	0.9994	0.4637	-3.7966	59	112	0	2.2353	17	2.1321	53	23	3	0.0345	0.1497	3.7966	4.6206	0.5955	0.4287	3.6471	17	207	0.6045	0.2342
67	71	13	12	839	828	91	244	25	121	11	121	11	1	123	1.1023	0.9781	0.4499	-3.3051	59	127	1	2.6170	47	-1.9412	17	25	1	0.0247	0.3374	3.3051	4.6984	0.5827	0.5728	4.6744	43	93	0.5127	0.2916
71	73	13	13	887	875	47	259	15	123	3	123	3	1	136	1.0862	0.4575	0.4372	-3.4068	59	130	1	2.9787	47	1.6316	19	13	3	0.0433	0.9290	3.4068	4.7295	0.6052	0.6242	4.4419	43	98	0.6300	0.4964
73	79	13	13	1039	1027	151	300	41	138	15	138	15	1	162	1.0818	0.8604	0.4252	-3.7808	73	138	0	2.6792	53	3.1321	53	23	4	0.0488	0.3772	3.7808	4.8486	0.6218	0.5421	5.2791	43	123	0.5477	0.2892
79	83	13	14	1147	1134	107	335	34	152	14	152	14	1	183	1.0948	0.9935	0.4145	-4.1644	73	152	0	2.3585	53	1.8421	19	30	5	0.0505	0.2166	4.1644	4.9333	0.6655	0.4380	5.3488	43	143	0.6133	0.2629
83	89	13	15	1319	1305	171	385	49	166	14	166	14	1	219	1.0660	0.7064	0.4045	4.4194	31	257	21	-1.7805	41	2.9355	31	32	5	0.0636	0.4414	4.2025	5.0481	0.6963	0.4488	6.1613	31	230	0.6388	0.2934
89	97	13	16	1567	1552	247	458	72	187	21	187	21	1	271	1.0327	0.7377	0.3954	3.7612	67	209	10	3.3284	67	2.9565	23	58	8	0.0744	0.4123	3.7612	5.1990	0.7421	0.5716	7.0149	67	100	0.5955	0.3252
97	101	13	17	1699	1683	131	500	41	202	15	202	15	1	298	1.0433	0.9448	0.3872	4.4516	31	334	26	-2.6986	73	1.8293	41	24	3	0.0664	0.3278	4.1649	5.2659	0.6771	0.5385	6.5075	67	117	0.6368	0.2898
101	103	13	18	1767	1750	67	518	19	208	7	208	7	1	310	1.0579	0.9707	0.3796	4.7419	31	345	27	-3.1918	73	1.4054	37	11	2	0.0648	0.4271	4.2887	5.2812	0.6495	0.4728	6.4194	31	319	0.6780	0.2686
103	107	13	18	1907	1890	139	560	41	218	10	218	10	1	342	1.0459	0.6553	0.3722	-4.5361	97	220	0	-3.3425	73	2.1489	47	20	3	0.0652	0.6060	4.5361	5.3396	0.6405	0.5979	5.7910	67	141	0.6951	0.3683
107	109	13	19	1979	1961	71	580	20	223	6	223	6	1	357	1.0527	0.8214	0.3652	-4.6598	97	226	0	-3.8904	73	-1.8947	19	18	0	0.0683	0.6114	4.6598	5.3558	0.6617	0.5626	6.5224	67	150	0.6948	0.4459
109	113	13	19	2127	2109	147	624	44	234	11	234	11	1	390	1.0459	0.6973	0.3585	-4.2936	109	234	0	-3.4118	17	1.6203	79	15	2	0.0716	0.6046	4.2936	5.4104	0.6720	0.5873	6.0000	43	301	0.7138	0.3417
113	127	13	20	2687	2668	559	789	164	276	42	276	42	1	513	0.9933	0.7272	0.3522	5.4884	43	441	26	-3.6164	73	-3.2759	29	120	5	0.0751	0.3855	4.8850	5.6272	0.6073	0.6679	7.6279	43	395	0.8326	0.3731
127	131	13	22	2859	2838	171	838	48	288	12	288	12	1	550	0.9915	0.7212	0.3466	6.0755	53	422	22	-3.7931	29	2.0943	53	24	3	0.0778	0.5782	5.1150	5.6715	0.5636	0.5326	8.7170	53	352	0.8049	0.4143
131	137	13	23	3127	3105	267	921	82	315	27	315	27	1	606	1.0020	0.9646	0.3413	-5.6460	113	319	0	-4.4194	31	-2.6774	31	57	1	0.0656	0.2565	5.6460	5.7506	0.5408	0.5029	8.0189	53	397	0.8146	0.3896
137	139	13	24	3219	3196	91	947	27	320	6	320	6	1	627	1.0046	0.6607	0.3364	5.1628	43	534	30	-5.0968	31	-2.1765	17	27	1	0.0702	0.8026	4.7522	5.7637	0.6106	0.5928	7.4528	53	412	0.8349	0.3803
139	149	13	24	3699	3676	479	1088	140	365	45	365	45	1	723	1.0119	0.9696	0.3315	-5.6372	113	375	1	-5.1935	31	2.5294	17	140	19	0.0637	0.1940	5.6372	5.8880	0.5831	0.4625	7.7358	53	484	0.7589	0.3075
149	151	13	26	3799	3774	99	1116	28	374	10	374	10	1	742	1.0246	1.0919	0.3271	4.9180	61	521	22	-4.8305	59	-1.2941	17	28	2	0.0628	0.3475	4.8319	5.8999	0.6156	0.4792	7.7377	61	435	0.7441	0.3512
151	157	13	26	4107	4082	307	1210	94	394	20	394	20	1	816	1.0089	0.6592	0.3227	5.8302	53	614	29	-6.0645	31	2.4483	29	66	7	0.0774	0.5482	5.2743	5.9675	0.6827	0.5782	8.3962	53	546	0.7791	0.3469
157	163	13	27	4427	4401	319	1304	94	411	17	411	17	1	893	0.9892	0.5676	0.3186	8.0943	53	660	33	3.6966	89	3.4419	43	55	6	0.0925	0.6925	5.6637	6.0295	0.6724	0.6240	10.6604	53	592	0.7599	0.4003
163	167	13	28	4647	4620	219	1369	64	432	21	432	21	1	937	1.0027	1.0426	0.3147	8.0465	43	773	44	-5.4138	29	-2.2414	29	47	1	0.0824	0.3239	6.1062	6.0658	0.6336	0.5409	10.2642	53	629	0.7498	0.3577
167	173	13	29	4987	4959	339	1469	99	455	23	455	23	1	1014	0.9961	0.7471	0.3110	8.3284	67	659	28	-6.3103	29	2.6810	163	26	3	0.0895	0.4532	5.6726	6.1242	0.6927	0.5066	11.4627	67	554	0.7464	0.3850
173	179	13	30	5339	5310	351	1575	105	480	25	480	25	1	1095	0.9916	0.7747	0.3074	7.9552	67	705	29	-5.6207	29	2.7021	47	54	5	0.0897	0.4376	5.7605	6.1823	0.6998	0.5112	11.0896	67	600	0.7702	0.3854
179	181	13	31	5459	5429	119	1610	36	492	13	492	13	1	1118	1.0055	1.1882	0.3039	7.3881	67	724	29	-4.0345	29	1.6699	103	17	2	0.0859	0.4265	4.9281	6.1930	0.7322	0.5454	10.4925	67	620	0.7462	0.4008
181	191	13	31	6079	6049	619	1791	180	541	49	541	49	1	1250	1.0050	0.9057	0.3006	7.8507	67	809	32	-3.1460	137	-2.2195	41	107	3	0.0781	0.2271	5.5629	6.2884	0.7024	0.4393	10.9552	67	705	0.7548	0.3233
191	193	13	33	6207	6175	127	1833	42	547	7	547	7	1	1286	1.0034	0.5604	0.2974	7.5254	59	899	38	3.0526	19	2.1053	19	37	6	0.0800	0.8758	5.0663	6.3011	0.7105	0.5268	10.3881	67	724	0.7840	0.4416
193	197	13	33	6467	6435	259	1906	73	567	20	567	20	1	1339	1.0107	0.9308	0.2943	7.2090	67	864	33	-2.9725	109	-3.0968	31	48	0	0.0760	0.3845	5.8756	6.3297	0.6878	0.4823	10.2836	67	761	0.7877	0.3685
197	199	13	34	6599	6566	131	1946	40	574	8	574	8	1	1372	1.0124	0.6865	0.2913	7.2264	53	1001	45	3.2437	197	2.3158	19	35	6	0.0779	0.7556	5.9482	6.3403	0.6946	0.5161	9.7164	67	780	0.8018	0.3582
199	211	13	34	7419	7386	819	2189	243	626	52	626	52	1	1563	0.9915	0.7420	0.2884	10.6596	47	1183	61	-6.2258	31	-4.5263	19	214	18	0.0873	0.3878	6.2915	6.4479	0.6827	0.5537	12.8723	47	1131	0.7733	0.3374
211	223	13	36	8287	8252	867	2444	254	685	59	685	59	1	1759	0.9811	0.8131	0.2857	9.7447	47	1322	66	-3.8451	71	-4.3043	23	199	13	0.0872	0.3184	6.0051	6.5485	0.6722	0.5225	11.9574	47	1270	0.7970	0.3460
223	227	13	38	8587	8550	299	2538	93	708	23	708	23	1	1830	0.9853	0.8735	0.2831	9.7170	53	1306	59	-4.7419	31	2.2632	19	83	11	0.0887	0.4399	5.3587	6.5773	0.7065	0.4955	12.5373	67	1054	0.8002	0.3597
227	229	13	39	8739	8701	151	2577	40	716	9	716	9	1	1861	0.9901	0.8018	0.2806	10.0755	53	1323	60	-3.6204	137	2.2174	23	32	5	0.0898	0.6945	6.3084	6.5837	0.7163	0.4881	12.4906	53	1259	0.7842	0.3433
229	233	13	39	9047	9009	307	2672	94	732	16	732	16	1	1940	0.9848	0.6119	0.2782	10.1233	73	1127	41	-3.2920	113	2.9412	17	94	14	0.0909	0.7461	5.5736	6.6111	0.7016	0.6138	13.2740	73	1012	0.8059	0.4643
233	239	13	40	9519	9480	471	2808	135	764	32	764	32	1	2044	0.9866	0.8595	0.2758	10.9104	67	1276	49	-3.9927	137	2.6047	43	73	6	0.0924	0.4152	5.9289	6.6521	0.7184	0.5225	13.9254	67	1175	0.8014	0.3863
239	241	13	41	9679	9639	159	2857	49	772	9	772	9	1	2085	0.9881	0.6716	0.2735	11.2836	67	1297	50	3.8824	17	1.6699	103	17	2	0.0923	0.7970	5.7773	6.6610	0.6955	0.5041	14.2687	67	1197	0.7953	0.5394
241	251	13	41	10499	10459	819	3103	246	818	46	818	46	1	2285	0.9720	0.6895	0.2712	12.0299	67	1406	54	4.2703	37	3.0470	149	71	4	0.0966	0.4894	5.7967	6.7353	0.6927	0.6091	15.0149	67	1306	0.8376	0.4178
251	257	13	43	11007	10965	507	3250	146	851	33	851	33	1	2399	0.9732	0.8401	0.2691	11.9403	67	1476	56	-3.9116	181	-3.3226	31	98	3	0.0976	0.4482	6.7809	6.7736	0.6950	0.5333	14.9254	67	1376	0.8074	0.3757
257	263	13	44	11527	11484	519	3405	154	878	27	878	27	1	2527	0.9659	0.6568	0.2670	13.0000	53	1749	79	-3.9928	139	3.4737	19	138	18	0.0997	0.5951	6.3503	6.8123	0.6849	0.5661	15.8356	73	1320	0.8359	0.4424
263	269	13	45	12059	12015	531	3566	161	921	43	921	43	1	2645	0.9749	1.0081	0.2649	13.6027	73	1511	55	-5.1150	113	-3.0435	23	127	8	0.0937	0.2881	7.0038	6.8509	0.6883	0.4878	16.7260	73	1397	0.8362	0.3731
269	271	13	46	12239	12194	179	3615	50	927	7	927	7	1	2688	0.9752	0.5324	0.2630	13.0000	73	1533	55	-4.9448	181	1.9056	233	11	2	0.0968	1.0734	7.0570	6.8571	0.7059	0.5591	16.0959	73	1420	0.8384	0.4999
271	277	13	46	12787	12742	547	3780	164	957	30	957	30	1	2823	0.9700	0.7008	0.2610	15.1096	73	1602	59	4.1053	19	2.8421	19	144	18	0.1018	0.5368	7.2928	6.8943	0.7107	0.5651	18.2055	73	1489	0.8370	0.4122
277	281	13	47	13159	13113	371	3889	109	977	20	977	20	1	2912	0.9695	0.7081	0.2591	14.3396	53	2005	90	-4.3933	89	-3.1053	19	96	7	0.1021	0.6688	7.4525	6.9155	0.7060	0.5801	16.8356	73	1539	0.8600	0.4408
281	283	13	48	13347	13300	187	3944	55	988	12	988	12	1	2956	0.9736	0.8480	0.2573	15.2453	53	2034	92	-4.6292	89	-2.2581	31	35	0	0.1040	0.6696	7.5361	6.9224	0.7179	0.5204	17.5472	53	1973	0.8516	0.4161
283	293	13	48	14307	14260	959	4228	284	1056	68	1056	68	1	3172	0.9777	0.9372	0.2555	14.3962	53	2189	97	-3.9258	229	-3.5616	73	130	0	0.1009	0.2830	8.0760	6.9848	0.7163	0.5143	17.5060	83	1556	0.8658	0.3697
293	307	13	50	15707	15658	1399	4643	414	1144	88	1144	88	1	3499	0.9711	0.8378	0.2537	14.8028	71	2066	73	3.7925	53	4.0000	137	137	6	0.1025	0.2881	8.7985	7.0716	0.7233	0.4998	17.8732	71	1957	0.8576	0.3570
307	311	13	52	16119	16068	411	4764	120	1166	22	1166	22	1	3598	0.9710	0.7273	0.2521	15.6867	83	1922	62	4.2264	53	1.7952	83	50	3	0.1036	0.6401	8.9886	7.0908	0.7209	0.5538	19.0843	83	1781	0.8563	0.3885
311	313	13	53	16327	16275	207	4827	64	1183	18	1183	18	1	3644	0.9786	1.1230	0.2505	15.0361	83	1949	62	-3.5116	43	-2.1053	19	58	4	0.1017	0.4560	9.1179	7.0975	0.7298	0.5056	18.4096	83	1809	0.8306	0.3540
313	317	13	53	16747	16695	419	4952	124	1207	24	1207	24	1	3745	0.9795	0.7778	0.2489	15.7108	83	2004	64	-4.4393	239	-2.6809	47	63	0	0.1006	0.6097	8.1472	7.1166	0.7159	0.5309	19.0843	83	1864	0.8100	0.4032
317	331	13	54	18259	18206	1511	5399	446	1295	88	1295	88	1	4104	0.9700	0.7979	0.2473	15.9639	83	2201	69	-4.6575	181	-6.0000	43	258	6	0.1015	0.3563	10.4172	7.1967	0.7270	0.5610	19.3373	83	2061	0.8383	0.3447
331	337	13	56	18927	18872	667	5599	199	1336	41	1336	41	1	4263	0.9708	0.8382	0.2458	14.1831	71	2514	85	-3.8674	181	3.4648	71	90	6	0.1009	0.4404	8.4487	7.2271	0.7468	0.5122	17.3614	83	2143	0.8760	0.3364
337	347	13	57	20067	20011	1139	5939	339	1406	70	1406	70	1	4533	0.9689	0.8451	0.2443	16.1233	73	2587	87	5.1148	331	-3.9322	59	175	2	0.0984	0.3794	8.1061	7.2801	0.7189	0.5762	19.1644	73	2476	0.8583	0.3378
347	349	13	59	20299	20241	231	6002	64	1419	14	1419	14	1	4583	0.9732	0.9005	0.2429	-15.7317	41	3582	159	5.5094	53	2.6897	29	48	6	0.0985	0.6527	8.1787	7.2848	0.7234	0.5057	18.3699	73	2505	0.8262	0.3290
349	353	13	59	20767	20709	467	6145	142	1448	29	1448	29	1	4697	0.9756	0.8456	0.2415	15.4217	83	2514	76	-5.4173	139	4.4186	43	77	8	0.0983	0.4919	8.2980	7.3026	0.7298	0.4948	18.7711	83	2375	0.8291	0.3371
353	359	13	60	21479	21420	711	6353	208	1483	35	1483	35	1	4870	0.9720	0.7007	0.2402	15.3014	73	2763	91	6.2642	53	3.4211	19	186	23	0.1033	0.5648	8.4986	7.3302	0.7649	0.5248	18.3151	73	2653	0.8483	0.3266
359	367	13	61	22447	22387	967	6641	288	1539	56	1539	56	1	5102	0.9704	0.8142	0.2388	17.3373	83	2725	83	-4.5540	139	-4.5517	29	211	10	0.1023	0.4335	7.8991	7.3690	0.7724	0.5185	20.6867	83	2586	0.8425	0.3429
367	373	13	62	23187	23126	739	6861	220	1580	41	1580	41	1	5281	0.9695	0.7846	0.2375	17.0241	83	2821	85	4.0943	53	3.8696	23	174	19	0.1012	0.5025	8.1527	7.3961	0.7590	0.5618	20.3735	83	2682	0.8349	0.3705
373	379	13	63	23939	23877	751	7084	222	1619	39	1619	39	1	5465	0.9674	0.7436	0.2362	-16.9024	41	4221	189	-5.5517	29	4.8824	17	222	31	0.1057	0.5560	8.6810	7.4227	0.7750	0.5133	20.2048	83	2772	0.8483	0.3504
379	383	13	64	24447	24384	507	7234	149	1645	26	1645	26	1	5589	0.9677	0.7425	0.2350	17.4247	73	3160	104	-4.9337	181	2.7073	41	88	7	0.1053	0.6251	8.8204	7.4384	0.7766	0.5654	20.4384	73	3050	0.8621	0.3488
383	389	13	65	25219	25155	771	7462	227	1694	49	1694	49	1	5768	0.9711	0.9234	0.2338	17.5205	73	3266	107	-5.6207	29	-4.0930	43	131	2	0.1059	0.4042	8.9956	7.4642	0.7770	0.5040	20.5342	73	3156	0.8365	0.3326
389	397	13	66	26267	26202	1047	7774	313	1760	66	1760	66	1	6014	0.9735	0.9067	0.2326	17.6849	73	3406	111	-5.0000	23	-5.3043	23	245	16	0.1026	0.3474	9.2115	7.5000	0.7749	0.5421	20.6986	73	3296	0.8292	0.3181
397	401	13	67	26799	26733	531	7930	155	1789	29	1789	29	1	6141	0.9749	0.8085	0.2314	16.1807	83	3271	95	-5.0424	283	1.9725	109	56	3	0.1012	0.5347	9.3473	7.5148	0.7789	0.4917	19.5301	83	3132	0.8573	0.3507
401	409	13	68	27879	27812	1079	8250	319	1843	54	1843	54	1	6407	0.9702	0.7352	0.2302	19.8493	73	3619	119	-8.3913	23	-4.8261	23	251	17	0.1031	0.4996	10.1278	7.5494	0.7701	0.5688	22.8630	73	3509	0.8829	0.3518
409	419	13	69	29259	29191	1379	8660	410	1903	60	1903	60	1	6757	0.9591	0.6387	0.2291	21.3014	73	3785	125	-5.0435	23	4.7241	29	294	25	0.1076	0.5609	10.3524	7.5930	0.7432	0.5765	24.3151	73	3675	0.8570	0.3573
419	421	13	71	29539	29469	279	8740	80	1926	24	1926	24	1	6814	0.9664	1.3156	0.2280	21.2603	73	3823	126	-4.5746	181	2.4211	19	72	10	0.1036	0.3979	10.0705	7.5974	0.7540	0.5094	24.2466	73	3714	0.8683	0.3840
421	431	13	71	30959	30889	1419	9164	423	2016	90	2016	90	1	7148	0.9694	0.9375	0.2269	18.8356	73	4021	129	4.8053	113	-5.7872	47	230	4	0.1014	0.3013	9.9427	7.6400	0.7663	0.4970	21.8219	73	3912	0.8421	0.3478
431	433	13	73	31247	31175	287	9249	86	2034	19	2034	19	1	7215	0.9736	0.9780	0.2259	18.8767	73	4056	130	-4.2609	23	-1.8261	23	67	4	0.1011	0.5180	9.7489	7.6446	0.7798	0.4907	21.8356	73	3948	0.8308	0.3351
433	439	13	73	32119	32047	871	9508	258	2078	44	2078	44	1	7430	0.9720	0.7585	0.2248	17.6986	73	4172	132	-3.7826	23	-4.9302	43	149	2	0.1035	0.5669	10.1762	7.6675	0.7887	0.5826	20.6575	73	4064	0.8169	0.3260
439	443	13	74	32707	32634	587	9680	172	2101	23	2101	23	1	7579	0.9697	0.5974	0.2238	17.8630	73	4239	134	4.4138	29	4.0323	31	108	11	0.1054	0.8215	9.8502	7.6809	0.7822	0.5564	20.8219	73	4131	0.8298	0.3706
443	449	13	75	33599	33525	891	9947	266	2147	46	2147	46	1	7800	0.9687	0.7761	0.2228	17.6027	73	4358	137	5.3133	83	3.7021	47	148	10	0.1071	0.5716	11.2775	7.7036	0.7748	0.5778	20.5616	73	4250	0.8255	0.3542
449	457	13	76	34807	34732	1207	10305	357	2217	70	2217	70	1	8088	0.9699	0.8840	0.2218	17.9726	73	4527	142	4.6106	113	-4.0000	17	357	38	0.1049	0.3632	10.3436	7.7345	0.7850	0.5014	20.9315	73	4419	0.8517	0.3601
457	461	13	77	35419	35343	611	10485	179	2250	33	2250	33	1	8235	0.9717	0.8348	0.2208	17.8356	73	4605	144	-5.3789	227	4.7297	37	116	11	0.1045	0.5307	9.8468	7.7474	0.7817	0.4949	20.8523	149	2991	0.8391	0.3514
461	463	13	78	35727	35650	307	10575	90	2259	10	2259	10	1	8316	0.9715	0.5053	0.2199	16.9315	73	4638	144	-5.1583	139	2.6552	29	63	7	0.1069	1.1197	9.8862	7.7516	0.7830	0.5653	21.4899	149	3018	0.8288	0.3552
463	467	13	78	36347	36270	619	10760	184	2289	30	2289	30	1	8471	0.9717	0.7447	0.2189	18.6849	73	4720	148	5.3784	37	-3.1579	19	163	14	0.1068	0.6809	10.0175	7.7646	0.7729	0.5281	21.8583	127	3438	0.8231	0.3499
467	479	13	79	38239	38161	1891	11322	561	2389	100	2389	100	1	8933	0.9679	0.8177	0.2180	20.0361	83	4688	133	-5.1980	101	3.5652	23	442	42	0.1065	0.3458	10.3774	7.8113	0.7550	0.5216	23.3133	83	4552	0.8141	0.3524
479	487	13	81	39527	39447	1287	11703	381	2463	74	2463	74	1	9240	0.9694	0.8947	0.2171	19.3253	83	4842	136	-4.9331	239	3.7151	179	115	5	0.1053	0.3682	10.7028	7.8402	0.7635	0.5325	22.6024	83	4706	0.8224	0.3256
487	491	13	82	40179	40098	651	11896	193	2487	24	2487	24	1	9409	0.9670	0.5752	0.2162	19.2877	73	5209	162	4.7216	97	3.3433	67	89	6	0.1072	0.8807	10.8200	7.8524	0.7696	0.5622	22.2192	73	5102	0.8366	0.3756
491	499	13	83	41499	41417	1319	12286	390	2557	70	2557	70	1	9729	0.9666	0.8336	0.2153	21.2466	73	5393	169	-5.2871	101	-4.0968	31	265	13	0.1059	0.4340	11.1497	7.8806	0.7772	0.5535	24.1781	73	5286	0.8635	0.3742
499	503	13	84	42167	42084	667	12486	199	2585	28	2585	28	1	9901	0.9654	0.6561	0.2145	20.0822	73	5472	170	-5.3507	211	4.0233	43	107	9	0.1078	0.7573	10.3607	7.8927	0.7791	0.5531	23.0137	73	5365	0.8785	0.3600
503	509	13	85	43179	43095	1011	12785	298	2631	46	2631	46	1	10154	0.9634	0.7227	0.2136	20.2466	73	5612	174	-7.1848	211	-4.8947	19	265	23	0.1099	0.6176	10.4881	7.9124	0.7703	0.5778	23.1781	73	5505	0.8549	0.3619
509	521	13	86	45239	45154	2059	13396	610	2740	109	2740	109	1	10656	0.9613	0.8398	0.2128	20.5479	73	5893	182	-6.2673	101	4.8375	277	161	6	0.1083	0.3530	12.0036	7.9551	0.7625	0.5264	23.4795	73	5786	0.8524	0.3433
521	523	13	88	45587	45500	347	13499	104	2760	21	2760	21	1	10739	0.9647	0.9527	0.2119	21.4521	73	5933	184	-5.3643	269	4.3023	43	58	7	0.1075	0.6362	11.8159	7.9590	0.7728	0.5060	24.3562	73	5827	0.8604	0.3370
523	541	13	88	48779	48692	3191	14444	944	2917	157	2917	157	1	11527	0.9565	0.7877	0.2111	19.4932	73	6333	193	-5.4680	359	7.6316	19	830	95	0.1065	0.3445	12.2130	8.0228	0.7638	0.5387	24.5491	173	3845	0.8524	0.3326
541	547	13	91	49867	49777	1087	14768	324	2962	45	2962	45	1	11806	0.9535	0.6603	0.2104	19.3526	173	4381	70	-4.9810	211	-4.1053	19	286	26	0.1095	0.6582	13.7148	8.0413	0.7717	0.5488	24.4624	173	3939	0.8623	0.3586
547	557	13	92	51707	51616	1839	15317	548	3061	99	3061	99	1	12256	0.9535	0.8620	0.2096	20.8356	73	6722	205	-5.1848	211	-6.6512	43	315	8	0.1087	0.3598	15.7112	8.0741	0.7742	0.5225	25.4393	173	4114	0.8815	0.3379
557	563	13	94	52827	52734	1119	15648	331	3115	54	3115	54	1	12533	0.9532	0.7812	0.2088	21.1850	173	4655	75	-4.3420	269	3.8108	37	207	15	0.1098	0.5412	10.3967	8.0919	0.7660	0.5654	26.2948	173	4213	0.8726	0.3457
563	569	13	95	53959	53865	1131	15983	335	3186	71	3186	71	1	12797	0.9579	1.0185	0.2081	20.9249	173	4764	76	-4.0601	499	-3.0435	23	265	20	0.1075	0.2876	11.3179	8.1095	0.7791	0.4761	26.0347	173	4322	0.8733	0.3231
569	571	13	96	54339	54244	379	16094	111	3206	21	3206	21	1	12888	0.9607	0.9124	0.2074	22.4740	173	4803	78	-4.6580	269	3.0968	31	76	8	0.1052	0.7139	11.3961	8.1129	0.7597	0.5312	27.5723	173	4362	0.8567	0.4023
571	577	13	96	55487	55392	1147	16436	342	3273	67	3273	67	1	13163	0.9637	0.9481	0.2066	21.8405	163	5066	84	-5.4653	101	-3.7586	29	243	13	0.1044	0.3706	11.6341	8.1304	0.7851	0.5011	26.7117	163	4669	0.8730	0.3258
577	587	13	97	57427	57331	1939	17009	573	3355	82	3355	82	1	13654	0.9579	0.6950	0.2059	23.6442	163	5245	88	-5.2049	283	-3.2676	71	258	4	0.1058	0.4983	11.6291	8.1612	0.7824	0.5238	28.5153	163	4848	0.8832	0.3367
587	593	13	99	58607	58509	1179	17360	351	3407	52	3407	52	1	13953	0.9563	0.7219	0.2052	24.2454	163	5359	90	-5.5498	211	-4.9149	47	186	3	0.1060	0.6145	10.9440	8.1782	0.7789	0.5787	29.1166	163	4962	0.8857	0.3529
593	599	13	100	59799	59700	1191	17714	353	3467	60	3467	60	1	14247	0.9570	0.8311	0.2045	22.8344	163	5474	90	-5.1873	283	-3.5738	61	170	2	0.1044	0.4802	11.6931	8.1950	0.7805	0.5394	27.7055	163	5077	0.8940	0.3525
599	601	13	101	60199	60099	399	17830	117	3486	20	3486	20	1	14344	0.9591	0.8386	0.2038	22.3313	163	5515	90	-5.1560	109	-2.4146	41	70	1	0.1044	0.7040	11.7572	8.1982	0.7609	0.5133	27.2948	173	4905	0.8762	0.3491
601	607	13	101	61407	61307	1207	18189	358	3538	52	3538	52	1	14651	0.9574	0.7149	0.2032	22.0552	163	5619	91	-4.2236	313	4.4516	31	241	20	0.1042	0.5829	10.9427	8.2148	0.7662	0.5545	27.1040	173	5008	0.9001	0.3800
607	613	13	102	62627	62526	1219	18553	363	3590	52	3590	52	1	14963	0.9556	0.7074	0.2025	21.8960	173	5545	86	-4.9405	269	3.5301	83	144	7	0.1061	0.6078	11.1248	8.2313	0.7675	0.5289	26.9827	173	5105	0.8908	0.3801
613	617	13	103	63447	63345	819	18793	240	3623	33	3623	33	1	15170	0.9552	0.6813	0.2018	22.0289	173	5620	87	-5.4676	479	2.9588	97	99	5	0.1060	0.7585	11.2395	8.2409	0.7628	0.5552	27.1156	173	5180	0.8945	0.3964
617	619	13	104	63859	63756	411	18914	121	3642	20	3642	20	1	15272	0.9571	0.8216	0.2012	23.5896	173	5658	89	-5.6245	269	1.5652	23	97	10	0.1060	0.7290	11.8055	8.2441	0.7693	0.5151	28.6647	173	5219	0.8974	0.3822
619	631	13	104	66359	66256	2499	19659	745	3761	119	3761	119	1	15898	0.9540	0.7965	0.2005	22.9538	173	5886	91	-5.6166	313	5.8966	29	538	43	0.1047	0.3799	12.1519	8.2795	0.7670	0.5154	28.0289	173	5447	0.9100	0.3772
631	641	13	106	68479	68374	2119	20285	626	3863	102	3863	102	1	16422	0.9527	0.8151	0.1999	22.0061	163	6275	99	-4.9164	347	-6.5676	37	399	15	0.1047	0.4374	11.4879	8.3077	0.7633	0.5445	26.8528	163	5880	0.9014	0.3718
641	643	13	108	68907	68800	427	20410	126	3881	19	3881	19	1	16529	0.9542	0.7567	0.1993	23.1445	173	6129	94	-5.6369	347	-2.4865	37	83	2	0.1055	0.7921	12.1092	8.3107	0.7705	0.5317	28.2081	173	5691	0.8982	0.3670
643	647	13	108	69767	69660	859	20668	257	3921	40	3921	40	1	16747	0.9550	0.7835	0.1987	23.2197	173	6209	95	-5.1239	347	3.7647	17	257	34	0.1054	0.6286	12.2371	8.3201	0.7725	0.5380	28.2832	173	5771	0.8922	0.3861
647	653	13	109	71067	70959	1299	21051	383	3985	64	3985	64	1	17066	0.9559	0.8438	0.1980	23.0940	149	6847	115	-4.4714	227	-4.9014	71	174	0	0.1056	0.5003	12.4368	8.3354	0.7758	0.5443	27.9422	173	5887	0.8908	0.3686
653	659	13	110	72379	72270	1311	21441	389	4058	73	4058	73	1	17383	0.9586	0.9505	0.1974	22.2819	149	6982	116	-4.9075	227	3.7525	101	164	7	0.1043	0.3832	12.6708	8.3507	0.7707	0.4972	26.9396	149	6635	0.8905	0.3639
659	661	13	111	72819	72709	439	21572	131	4079	22	4079	22	1	17493	0.9607	0.8532	0.1968	21.9018	163	6691	104	-5.0617	227	2.9355	31	94	9	0.1049	0.7161	12.7363	8.3537	0.7749	0.5123	26.7239	163	6298	0.8796	0.3544
661	673	13	111	75487	75377	2667	22362	790	4187	108	4187	108	1	18175	0.9541	0.6967	0.1962	24.8834	163	6937	110	-5.3119	109	7.0345	29	565	46	0.1080	0.5079	13.0889	8.3867	0.7579	0.5807	29.7055	163	6544	0.8805	0.3592
673	677	13	113	76387	76275	899	22630	267	4229	42	4229	42	1	18401	0.9551	0.8040	0.1957	25.9018	163	7017	112	-5.3908	563	3.3582	67	122	7	0.1087	0.5691	13.2200	8.3956	0.7664	0.5102	30.7239	163	6624	0.8721	0.3502
677	683	13	114	77747	77634	1359	23033	402	4288	59	4288	59	1	18745	0.9543	0.7524	0.1951	25.3804	163	7141	113	-5.1678	149	4.2844	109	148	7	0.1096	0.5639	12.4197	8.4103	0.7602	0.5410	30.2025	163	6748	0.8697	0.3647
683	691	13	115	79579	79465	1831	23575	542	4368	80	4368	80	1	19207	0.9526	0.7589	0.1945	28.1840	163	7320	118	5.0000	23	3.8136	59	271	13	0.1098	0.5385	12.7906	8.4306	0.7521	0.5534	33.0061	163	6927	0.8643	0.3480
691	701	13	116	81899	81784	2319	24263	687	4473	105	4473	105	1	19790	0.9506	0.7881	0.1939	27.6074	163	7530	120	-6.0377	239	-4.6197	71	306	4	0.1112	0.4556	13.0981	8.4565	0.7467	0.5522	32.4294	163	7137	0.8657	0.3363
701	709	13	118	83779	83662	1879	24821	558	4552	79	4552	79	1	20269	0.9483	0.7321	0.1934	25.9708	137	8359	148	-5.6719	631	3.3043	23	445	42	0.1119	0.5273	13.3324	8.4764	0.7445	0.5206	30.5780	173	7043	0.8599	0.3480
709	719	13	119	86159	86041	2379	25526	704	4653	101	4653	101	1	20873	0.9453	0.7440	0.1928	27.5235	149	8305	139	-5.1543	311	-4.9836	61	335	6	0.1145	0.4684	13.6340	8.5016	0.7398	0.5101	32.1678	149	7959	0.8569	0.3429
719	727	13	121	88087	87967	1927	26098	571	4758	105	4758	105	1	21340	0.9480	0.9562	0.1923	27.5474	137	8799	156	-4.8328	311	-4.3585	53	301	7	0.1131	0.3674	13.9531	8.5209	0.7662	0.5168	31.8540	137	8504	0.8670	0.3422
727	733	13	122	89547	89426	1459	26534	435	4821	63	4821	63	1	21713	0.9474	0.7552	0.1918	27.3139	137	8952	158	4.5097	257	5.2759	29	315	27	0.1138	0.5528	14.1493	8.5348	0.7681	0.5292	31.6204	137	8657	0.8744	0.3594
733	739	13	123	91019	90897	1471	26969	435	4892	71	4892	71	1	22077	0.9485	0.8534	0.1913	26.9693	163	8397	130	-5.8235	17	-4.1765	17	435	47	0.1125	0.4984	14.3602	8.5483	0.7657	0.5707	31.7914	163	8004	0.8795	0.3542
739	743	13	124	92007	91884	987	27262	293	4934	42	4934	42	1	22328	0.9489	0.7515	0.1907	27.5912	137	9207	162	-4.8387	31	2.8049	41	168	11	0.1133	0.6719	14.4919	8.5564	0.7696	0.5298	32.1409	149	8557	0.8732	0.3523
743	751	13	125	93999	93875	1991	27854	591	5017	83	5017	83	1	22837	0.9469	0.7383	0.1902	28.5583	163	8675	135	5.3543	127	4.8276	29	423	34	0.1144	0.5499	14.7526	8.5752	0.7871	0.5636	33.3804	163	8282	0.8863	0.3661
751	757	13	126	95507	95382	1507	28300	445	5090	73	5090	73	1	23210	0.9480	0.8647	0.1897	28.3796	137	9564	168	5.1304	23	4.1860	43	254	16	0.1139	0.4714	14.9810	8.5884	0.7795	0.5539	32.6861	137	9269	0.8730	0.3679
757	761	13	127	96519	96393	1011	28599	298	5138	48	5138	48	1	23461	0.9495	0.8513	0.1892	27.8467	137	9669	169	-5.7729	229	2.9459	37	186	13	0.1139	0.5464	15.1274	8.5962	0.7829	0.5068	32.6859	277	5999	0.8769	0.3773
761	769	13	128	98559	98432	2039	29207	607	5236	98	5236	98	1	23971	0.9500	0.8555	0.1887	29.7372	137	9882	174	5.7241	29	3.9420	293	155	5	0.1138	0.4186	16.0925	8.6147	0.7874	0.5180	34.0438	137	9587	0.8830	0.3579
769	773	13	129	99587	99459	1027	29511	303	5286	50	5286	50	1	24225	0.9516	0.8767	0.1882	28.2044	137	9987	174	-5.7380	229	-3.7260	73	136	0	0.1141	0.5429	15.7532	8.6224	0.7971	0.5108	32.9819	277	6235	0.8793	0.3454
773	787	13	130	103227	103098	3639	30592	1081	5446	160	5446	160	1	25146	0.9482	0.7884	0.1877	28.7299	137	10362	180	-6.1790	229	8.1860	43	598	36	0.1153	0.4129	16.5707	8.6558	0.8078	0.5596	33.0365	137	10067	0.8968	0.3369
787	797	13	132	105867	105736	2639	31375	783	5564	118	5564	118	1	25811	0.9470	0.8048	0.1873	29.7445	137	10635	185	5.6066	211	-3.9355	31	526	30	0.1148	0.3954	14.4392	8.6785	0.8107	0.4964	34.5668	277	6708	0.8836	0.3330
797	809	13	134	109079	108946	3211	32328	953	5714	150	5714	150	1	26614	0.9462	0.8426	0.1868	28.0462	173	9857	142	-5.5272	239	-5.3793	29	687	42	0.1134	0.3821	13.9165	8.7059	0.7949	0.5675	33.7040	277	6966	0.8820	0.3328
809	811	13	136	109619	109484	539	32483	156	5732	19	5732	19	1	26751	0.9470	0.6537	0.1863	27.8905	137	11036	189	-5.6943	229	-2.9565	23	126	8	0.1141	0.9741	14.1706	8.7082	0.7918	0.5349	33.4079	277	7007	0.8845	0.3338
811	821	13	136	112339	112204	2719	33292	808	5856	124	5856	124	1	27436	0.9464	0.8257	0.1859	29.3436	227	9041	109	-6.6073	191	4.4483	29	588	45	0.1148	0.3983	14.4821	8.7304	0.7866	0.5046	35.4405	227	8349	0.8618	0.3376
821	823	13	138	112887	112750	547	33456	164	5879	24	5879	24	1	27577	0.9477	0.7893	0.1854	29.9736	227	9083	110	-6.5357	659	3.7368	19	145	19	0.1150	0.7606	14.5389	8.7328	0.8002	0.5161	36.0617	227	8392	0.8759	0.3371
823	827	13	138	113987	113850	1099	33781	325	5928	49	5928	49	1	27853	0.9487	0.8151	0.1850	30.1278	227	9179	111	-6.0306	229	3.6636	107	125	6	0.1143	0.6011	13.6700	8.7401	0.7987	0.5238	36.2159	227	8488	0.8813	0.3702
827	829	13	139	114539	114401	551	33944	163	5951	24	5951	24	1	27993	0.9501	0.7980	0.1845	30.6784	227	9230	112	5.8444	257	3.0000	79	79	5	0.1144	0.8132	14.3918	8.7425	0.7917	0.5582	36.7577	227	8540	0.8755	0.3594
829	839	13	139	117319	117181	2779	34767	823	6059	108	6059	108	1	28708	0.9468	0.7129	0.1841	30.4332	277	8527	92	-5.6419	229	6.2414	29	591	47	0.1165	0.5475	14.6176	8.7640	0.8108	0.5789	37.2347	277	7585	0.8887	0.3537
839	853	13	141	121267	121127	3947	35939	1172	6224	165	6224	165	1	29715	0.9431	0.7667	0.1836	31.2816	277	8825	95	5.4483	29	-5.7547	53	603	17	0.1181	0.3957	14.0593	8.7948	0.8175	0.5179	38.0830	277	7883	0.9051	0.3518
853	857	13	143	122407	122265	1139	36276	337	6267	43	6267	43	1	30009	0.9430	0.6965	0.1832	30.7244	127	12781	232	5.4390	41	6.0488	41	204	16	0.1194	0.7713	14.6940	8.8018	0.8122	0.5641	37.4910	277	7965	0.8931	0.3491
857	859	13	144	122979	122836	571	36442	167	6293	27	6293	27	1	30149	0.9448	0.8846	0.1828	33.2025	163	11475	174	-5.8972	613	3.3252	163	55	4	0.1198	0.7048	14.7550	8.8040	0.8129	0.5163	37.9755	163	11086	0.8803	0.3442
859	863	13	144	124127	123984	1147	36787	344	6343	50	6343	50	1	30444	0.9456	0.7971	0.1824	32.8405	163	11586	175	-6.0228	613	-4.2258	31	236	11	0.1200	0.6285	14.8722	8.8111	0.8137	0.5447	37.6135	163	11197	0.8772	0.3410
863	877	13	145	128187	128043	4059	37990	1202	6500	157	6500	157	1	31490	0.9405	0.7179	0.1819	33.6432	227	10369	125	-5.9478	613	-5.8621	29	868	54	0.1225	0.4957	15.1809	8.8409	0.8219	0.5944	40.3285	277	8403	0.8897	0.3661
877	881	13	147	129359	129213	1171	38337	346	6557	57	6557	57	1	31780	0.9423	0.9076	0.1815	33.9350	277	9427	102	-6.0799	613	-3.0233	43	194	6	0.1222	0.4805	15.3139	8.8477	0.8243	0.4727	40.7292	277	8486	0.8856	0.3529
881	883	13	148	129947	129800	587	38511	174	6581	25	6581	25	1	31930	0.9436	0.7934	0.1811	34.6173	277	9471	103	-6.6476	613	3.1053	19	151	19	0.1222	0.8120	15.3769	8.8500	0.8281	0.5340	41.4043	277	8531	0.8920	0.3974
883	887	13	148	131127	130980	1179	38860	348	6637	56	6637	56	1	32223	0.9452	0.8906	0.1807	35.5286	227	10609	129	-5.7863	613	5.2830	53	178	12	0.1212	0.5394	15.5076	8.8568	0.8279	0.5144	41.5903	227	9921	0.8897	0.3593
887	907	13	149	137107	136959	5979	40637	1776	6882	245	6882	245	1	33755	0.9394	0.7652	0.1803	38.0000	227	11123	136	-5.8235	17	-6.9412	17	1776	202	0.1230	0.3837	15.0980	8.8992	0.8330	0.5582	44.0617	227	10435	0.8874	0.3480
907	911	13	152	138319	138168	1211	40996	360	6941	59	6941	59	1	34055	0.9412	0.9111	0.1799	38.0485	227	11231	137	-4.6399	311	3.6471	17	360	46	0.1225	0.5225	15.3054	8.9058	0.8330	0.5245	44.1101	227	10543	0.8866	0.3454
911	919	13	153	140759	140607	2439	41716	719	7049	108	7049	108	1	34667	0.9414	0.8369	0.1795	38.2775	227	11432	139	5.8987	79	5.7931	29	525	42	0.1227	0.4328	15.5436	8.9210	0.8350	0.5337	44.3392	227	10744	0.8757	0.3370
919	929	13	154	143839	143686	3079	42631	914	7168	119	7168	119	1	35463	0.9388	0.7269	0.1791	38.0837	227	11681	141	-5.4118	17	5.7742	31	608	45	0.1235	0.5033	15.5996	8.9405	0.8357	0.5554	44.1454	227	10993	0.8837	0.3455
929	937	13	156	146327	146172	2487	43371	739	7280	112	7280	112	1	36091	0.9392	0.8480	0.1787	37.2159	227	11893	142	-5.3913	23	-5.1268	71	324	4	0.1230	0.4439	15.6728	8.9556	0.8338	0.5328	43.3069	277	9791	0.8836	0.3427
937	941	13	157	147579	147423	1251	43741	369	7333	53	7333	53	1	36408	0.9401	0.8054	0.1783	36.7987	149	14468	231	5.0000	31	4.5882	17	369	48	0.1223	0.6530	15.7869	8.9619	0.8387	0.5374	42.5776	277	9892	0.8920	0.3499
941	947	13	158	149467	149310	1887	44302	562	7419	86	7419	86	1	36883	0.9410	0.8599	0.1780	37.7148	277	10981	117	5.3307	127	-3.9787	47	305	9	0.1225	0.4685	15.9742	8.9726	0.8500	0.5200	44.5018	277	10041	0.9035	0.3545
947	953	13	159	151367	151209	1899	44865	562	7487	68	7487	68	1	37378	0.9397	0.6814	0.1776	38.7112	277	11120	119	5.4646	127	4.2373	59	288	14	0.1239	0.6614	16.1572	8.9831	0.8466	0.5566	45.4982	277	10180	0.8971	0.3502
953	967	13	160	155847	155688	4479	46193	1327	7688	201	7688	201	1	38505	0.9392	0.8548	0.1772	39.1336	277	11477	122	-5.1912	659	-6.2973	37	838	39	0.1228	0.3364	17.1002	9.0101	0.8485	0.5356	45.9206	277	10537	0.8947	0.3456
967	971	13	162	157139	156978	1291	46577	383	7736	48	7736	48	1	38841	0.9392	0.7087	0.1768	38.4549	277	11571	122	-4.7230	491	3.6129	31	254	20	0.1236	0.7224	16.8251	9.0164	0.8549	0.5508	45.2419	277	10631	0.8900	0.3466
971	977	13	163	159087	158925	1947	47158	580	7817	81	7817	81	1	39341	0.9393	0.7914	0.1765	-38.8481	79	20139	471	-5.8199	433	-4.9032	31	386	20	0.1232	0.5356	16.3497	9.0267	0.8435	0.5145	45.1877	277	10777	0.8902	0.3565
977	983	13	164	161047	160884	1959	47738	580	7907	90	7907	90	1	39831	0.9405	0.8811	0.1761	-40.1013	79	20386	476	-6.1304	23	-3.6897	29	416	25	0.1230	0.4873	16.8743	9.0369	0.8508	0.5411	46.0469	277	10935	0.8929	0.3571
983	991	13	165	163679	163515	2631	48519	781	8016	109	8016	109	1	40503	0.9400	0.7941	0.1758	40.1938	227	13371	158	5.3617	47	-4.5484	31	520	29	0.1234	0.4742	17.2770	9.0511	0.8499	0.5274	46.6245	277	11132	0.8904	0.3477
991	997	13	166	165667	165502	1987	49109	591	8087	71	8087	71	1	41022	0.9388	0.6849	0.1754	41.7401	227	13536	161	4.6299	127	5.2581	31	399	31	0.1243	0.6545	17.8527	9.0611	0.8447	0.5676	47.8018	227	12848	0.8871	0.3471
997	1009	13	167	169679	169513	4011	50294	1185	8278	191	8278	191	1	42016	0.9403	0.9208	0.1750	42.5507	227	13898	165	-5.5517	29	-6.3103	29	860	53	0.1229	0.3224	19.8507	9.0830	0.8528	0.5562	48.6123	227	13210	0.9103	0.3487
1009	1013	13	169	171027	170859	1347	50695	401	8332	54	8332	54	1	42363	0.9408	0.7708	0.1747	43.5991	227	14006	167	5.7660	47	4.7468	79	168	9	0.1226	0.6705	20.5560	9.0889	0.8552	0.5381	49.6608	227	13318	0.9080	0.3446
1013	1019	13	170	173059	172890	2031	51297	601	8421	89	8421	89	1	42876	0.9415	0.8493	0.1744	43.1454	227	14171	168	6.2178	101	4.3396	53	309	16	0.1227	0.4947	22.1002	9.0987	0.8528	0.5316	49.2070	227	13483	0.9100	0.3481
1019	1021	13	171	173739	173569	679	51501	205	8450	30	8450	30	1	43051	0.9429	0.8410	0.1740	43.6344	227	14229	169	7.1782	101	4.9310	29	146	15	0.1232	0.7623	16.7512	9.1007	0.8571	0.5138	49.6872	227	13542	0.9091	0.3423
1021	1031	13	171	177159	176989	3419	52514	1012	8587	137	8587	137	1	43927	0.9415	0.7795	0.1737	47.0705	227	14520	175	4.1608	653	-6.7391	23	802	63	0.1232	0.4518	16.4776	9.1183	0.8484	0.5164	53.1233	227	13833	0.8937	0.3447
1031	1033	13	173	177847	177675	687	52717	203	8613	27	8613	27	1	44104	0.9426	0.7673	0.1733	46.6388	227	14569	175	-4.4836	641	4.2759	29	141	14	0.1230	0.8235	16.7081	9.1202	0.8449	0.5129	52.6828	227	13883	0.8975	0.3424
1033	1039	13	173	179919	179747	2071	53333	616	8705	92	8705	92	1	44628	0.9435	0.8633	0.1730	46.1145	227	14742	176	-4.4056	641	-3.4803	127	221	0	0.1233	0.4729	16.8865	9.1299	0.8492	0.5218	52.1586	227	14056	0.8893	0.3374
1039	1049	13	174	183399	183226	3479	54364	1032	8859	154	8859	154	1	45505	0.9438	0.8642	0.1727	45.3568	227	15055	178	-5.6225	641	-7.2985	67	479	7	0.1223	0.3952	17.2742	9.1471	0.8490	0.5281	51.4009	227	14369	0.8943	0.3417
1049	1051	13	176	184099	183924	699	54571	207	8881	23	8881	23	1	45690	0.9443	0.6447	0.1723	45.9163	227	15105	179	4.8298	47	3.8621	29	147	14	0.1229	0.9565	17.1645	9.1490	0.8487	0.5132	51.9515	227	14420	0.8881	0.3403
1051	1061	13	176	187619	187444	3519	55614	1042	9029	148	9029	148	1	46585	0.9438	0.8257	0.1720	48.2731	227	15405	184	4.8016	373	4.2556	223	306	7	0.1229	0.4321	18.4186	9.1660	0.8501	0.5445	54.3084	227	14720	0.9093	0.3573
1061	1063	13	178	188327	188150	707	55823	210	9062	34	9062	34	1	46761	0.9455	0.9430	0.1717	48.6916	227	15471	185	-4.3438	509	3.2174	23	170	18	0.1228	0.6700	18.2578	9.1679	0.8588	0.5148	54.7181	227	14787	0.9049	0.3500
1063	1069	13	178	190459	190282	2131	56455	631	9157	95	9157	95	1	47298	0.9465	0.8786	0.1714	49.0617	227	15656	187	5.5832	547	-5.7442	43	360	11	0.1224	0.4801	18.7898	9.1772	0.8589	0.5316	55.0881	227	14972	0.8979	0.3377
1069	1087	13	179	196927	196749	6467	58376	1920	9422	265	9422	265	1	48954	0.9436	0.8069	0.1710	48.4273	227	16182	191	6.7121	257	7.5517	29	1384	103	0.1214	0.3448	18.4406	9.2088	0.8427	0.5368	54.4537	227	15498	0.9048	0.3391
1087	1091	13	182	198379	198198	1451	58808	431	9490	68	9490	68	1	49318	0.9452	0.9241	0.1707	47.2555	227	16315	191	-5.0259	811	-4.0851	47	237	6	0.1205	0.5179	18.0859	9.2144	0.8464	0.5342	53.2819	227	15631	0.9036	0.3361
1091	1093	13	183	199107	198925	727	59022	214	9518	29	9518	29	1	49504	0.9463	0.7952	0.1704	46.7357	227	16374	191	-5.3401	397	3.3913	23	168	18	0.1209	0.8073	19.8887	9.2162	0.8446	0.5187	52.7533	227	15691	0.9038	0.3646
1093	1097	13	183	200567	200385	1459	59454	431	9577	59	9577	59	1	49877	0.9470	0.8047	0.1701	46.6520	227	16497	192	-5.5164	397	5.0000	19	380	45	0.1206	0.5903	19.5763	9.2216	0.8534	0.5095	52.6696	227	15814	0.9074	0.3413
1097	1103	13	184	202767	202584	2199	60109	654	9653	76	9653	76	1	50456	0.9458	0.6844	0.1698	47.1718	227	16665	194	-6.8161	397	-4.8837	43	363	12	0.1222	0.7033	19.2065	9.2307	0.8553	0.5817	53.1894	227	15982	0.9045	0.3330
1103	1109	13	185	204979	204795	2211	60765	656	9742	89	9742	89	1	51023	0.9459	0.8005	0.1695	47.5066	227	16854	196	-6.1209	397	-3.6452	31	444	25	0.1224	0.5569	19.7361	9.2398	0.8607	0.5459	53.5242	227	16171	0.8951	0.3328
1109	1117	13	186	207947	207762	2967	61646	881	9870	128	9870	128	1	51776	0.9464	0.8588	0.1692	46.3480	227	17099	197	-5.5592	397	6.2162	37	551	36	0.1223	0.4417	19.1113	9.2524	0.8603	0.5205	52.3656	227	16416	0.8940	0.3222
1117	1123	13	187	210187	210001	2239	62308	662	9961	91	9961	91	1	52347	0.9466	0.8140	0.1689	46.6300	227	17294	199	-5.2305	1063	-4.3659	41	397	15	0.1224	0.5143	18.1623	9.2613	0.8662	0.5431	52.6476	227	16611	0.9038	0.3237
1123	1129	13	188	212439	212252	2251	62975	668	10056	95	10056	95	1	52919	0.9472	0.8436	0.1686	44.8943	227	17491	199	-5.5136	331	3.9362	47	354	19	0.1219	0.5022	18.3355	9.2701	0.8551	0.5194	50.9119	227	16808	0.8939	0.3201
1129	1151	13	189	220799	220611	8359	65457	2481	10388	332	10388	332	1	55069	0.9431	0.7952	0.1683	-46.6582	79	27913	660	-5.5106	331	11.5517	29	1790	135	0.1230	0.3519	18.8450	9.3070	0.8620	0.5544	50.6740	227	17516	0.9058	0.3210
1151	1153	13	193	221567	221375	767	65683	227	10408	21	10408	21	1	55275	0.9433	0.5507	0.1680	-47.9114	79	28002	661	5.5676	37	4.7368	19	202	26	0.1242	1.1113	18.8812	9.3087	0.8724	0.5393	52.1542	227	17575	0.9113	0.3217
1153	1163	13	193	225427	225235	3859	66826	1142	10586	178	10586	178	1	56240	0.9446	0.9295	0.1677	-47.5696	79	28502	674	5.1596	727	-7.4839	31	767	42	0.1223	0.3569	19.2094	9.3242	0.8669	0.5262	51.1850	227	17912	0.9112	0.3215
1163	1171	13	195	228539	228345	3111	67750	923	10716	130	10716	130	1	57034	0.9448	0.8413	0.1674	-49.8987	79	28910	682	5.6176	727	-7.2603	73	411	4	0.1226	0.4698	19.4524	9.3363	0.8692	0.5508	50.8502	227	18177	0.9064	0.3186
1171	1181	13	196	232459	232264	3919	68914	1163	10874	158	10874	158	1	58040	0.9442	0.8129	0.1671	-53.1772	79	29395	691	-5.2765	839	7.8605	43	648	38	0.1224	0.4526	19.7498	9.3516	0.8718	0.5317	53.8899	227	18513	0.9223	0.3199
1181	1187	13	198	234827	234630	2367	69619	704	10976	102	10976	102	1	58643	0.9450	0.8684	0.1668	-52.1519	79	29710	700	-5.5025	991	-6.7826	23	561	42	0.1217	0.4957	18.9383	9.3601	0.8603	0.5545	53.9868	227	18729	0.9017	0.3164
1187	1193	13	199	237207	237009	2379	70324	706	11058	82	11058	82	1	59266	0.9441	0.6973	0.1666	-50.6709	79	30007	709	5.3274	113	8.8378	37	447	33	0.1224	0.6719	19.0925	9.3684	0.8601	0.5654	55.2952	227	18921	0.9146	0.3193
1193	1201	13	200	240399	240200	3191	71269	945	11171	113	11171	113	1	60098	0.9427	0.7191	0.1663	50.8722	227	19877	226	-6.3043	23	-4.6596	47	509	17	0.1228	0.5872	18.9196	9.3801	0.8525	0.5882	56.8811	227	19195	0.9073	0.3246
1201	1213	13	201	245227	245027	4827	72701	1432	11365	194	11365	194	1	61336	0.9417	0.8161	0.1660	-52.3165	79	31020	733	5.2348	541	6.4390	41	852	48	0.1226	0.4367	19.2481	9.3983	0.8550	0.5825	57.8246	211	20169	0.9092	0.3189
1213	1217	13	203	246847	246645	1619	73183	481	11433	68	11433	68	1	61750	0.9427	0.8530	0.1657	-52.6329	79	31230	738	-4.6981	1103	-4.0488	41	288	10	0.1219	0.5778	19.3683	9.4033	0.8473	0.5268	56.4028	211	20319	0.9019	0.3238
1217	1223	13	204	249287	249084	2439	73907	724	11531	98	11531	98	1	62376	0.9430	0.8181	0.1655	-50.5063	79	31541	748	-7.6957	23	-5.0690	29	523	31	0.1214	0.5343	19.5377	9.4115	0.8470	0.5516	55.4123	211	20529	0.9036	0.3316
1223	1229	13	205	251739	251535	2451	74632	724	11633	102	11633	102	1	62999	0.9436	0.8529	0.1652	-54.5823	79	31860	752	-5.7391	23	-6.0597	67	337	4	0.1209	0.4952	19.7189	9.4196	0.8464	0.5200	54.2891	211	20753	0.9065	0.3450
1229	1231	13	206	252559	252354	819	74875	244	11667	35	11667	35	1	63208	0.9448	0.8698	0.1649	-56.1139	79	31960	753	-6.8696	23	-4.6170	47	132	1	0.1209	0.7704	19.7765	9.4213	0.8537	0.5501	53.5972	211	20826	0.9058	0.3385
1231	1237	13	206	255027	254822	2467	75609	733	11769	102	11769	102	1	63840	0.9454	0.8452	0.1646	-57.9873	79	32271	759	-5.6957	23	-4.3253	83	304	3	0.1209	0.5025	19.9526	9.4294	0.8538	0.5171	-55.3544	79	32167	0.9079	0.3396
1237	1249	13	207	259999	259793	4971	77084	1474	11961	192	11961	192	1	65123	0.9440	0.7924	0.1644	-56.6835	79	32891	776	7.0314	541	5.2093	43	834	44	0.1211	0.4202	20.2879	9.4471	0.8566	0.5268	55.4171	211	21478	0.9062	0.3325
1249	1259	13	209	264179	263971	4179	78323	1240	12132	171	12132	171	1	66191	0.9438	0.8403	0.1641	-52.2278	79	33426	794	8.4510	541	-7.1887	53	641	17	0.1201	0.4260	20.5893	9.4614	0.8363	0.5592	54.1986	277	18947	0.8990	0.3280
1259	1277	13	211	271787	271577	7607	80579	2255	12439	307	12439	307	1	68140	0.9421	0.8309	0.1639	-55.7342	79	34394	815	6.1109	541	-6.0000	29	1624	106	0.1207	0.3290	21.1262	9.4882	0.8405	0.5294	55.7488	211	22498	0.8964	0.3221
1277	1279	13	214	272639	272426	851	80829	252	12476	38	12476	38	1	68353	0.9435	0.9217	0.1636	-56.4430	79	34501	817	6.1867	541	4.6761	71	118	8	0.1206	0.7206	21.1905	9.4898	0.8439	0.5267	56.0000	211	22577	0.8978	0.3200
1279	1283	13	214	274347	274134	1707	81338	508	12535	59	12535	59	1	68803	0.9435	0.7110	0.1633	-56.9367	79	34718	822	-6.1765	17	-6.7647	17	508	53	0.1214	0.7348	21.2904	9.4945	0.8456	0.5323	56.6066	211	22724	0.8955	0.3180
1283	1289	13	215	276919	276705	2571	82102	763	12630	95	12630	95	1	69472	0.9432	0.7634	0.1631	-56.9873	79	35036	830	-6.6953	991	5.2703	37	476	31	0.1217	0.5917	21.4547	9.5023	0.8444	0.5356	56.5024	211	22946	0.8941	0.3171
1289	1291	13	216	277779	277564	859	82355	253	12659	30	12659	30	1	69696	0.9440	0.7282	0.1628	-57.7215	79	35144	832	6.5453	541	3.6610	59	128	8	0.1218	0.9026	21.5123	9.5038	0.8482	0.5266	56.7915	211	23021	0.9038	0.3845
1291	1297	13	216	280367	280152	2587	83123	768	12771	112	12771	112	1	70352	0.9450	0.8970	0.1626	-59.7468	79	35461	838	4.9764	127	5.6471	17	768	96	0.1211	0.4588	21.7053	9.5115	0.8424	0.5203	58.7630	211	23235	0.8963	0.3315
1297	1301	13	217	282099	281883	1731	83634	510	12831	60	12831	60	1	70803	0.9451	0.7247	0.1623	-61.1646	79	35675	842	6.2607	211	3.9175	97	198	8	0.1217	0.7280	21.8103	9.5161	0.8412	0.5369	-58.5823	79	35573	0.8948	0.3433
1301	1303	13	218	282967	282750	867	83892	258	12862	32	12862	32	1	71030	0.9459	0.7652	0.1621	-60.8481	79	35781	845	5.8661	127	-3.5946	37	159	5	0.1219	0.8557	21.8645	9.5176	0.8430	0.5335	58.6967	211	23453	0.8900	0.3347
1303	1307	13	218	284707	284490	1739	84409	516	12944	82	12944	82	1	71465	0.9476	0.9820	0.1618	-59.8481	79	36018	852	-6.1965	229	-4.5479	73	239	2	0.1211	0.4846	21.0135	9.5223	0.8430	0.5228	59.1896	211	23612	0.8872	0.3300
1307	1319	13	219	289959	289741	5251	85967	1557	13154	210	13154	210	1	72813	0.9469	0.8347	0.1616	-60.5570	79	36678	868	6.9961	257	-5.8037	107	578	5	0.1211	0.3975	20.6218	9.5390	0.8521	0.5264	-58.0000	79	36577	0.8860	0.3208
1319	1321	13	221	290839	290619	879	86226	260	13183	30	13183	30	1	73043	0.9476	0.7152	0.1613	-58.1646	79	36781	873	5.9805	257	2.6657	353	59	3	0.1213	0.8501	20.6703	9.5405	0.8541	0.5088	58.1469	211	24144	0.8907	0.3501
1321	1327	13	221	293487	293267	2647	87015	788	13285	102	13285	102	1	73730	0.9477	0.8035	0.1611	-55.5949	79	37114	884	-5.9042	1201	-4.0943	53	400	11	0.1213	0.5619	20.8316	9.5481	0.8530	0.5484	59.0237	211	24368	0.8856	0.3279
1327	1361	13	222	308719	308498	15231	91532	4517	13887	602	13887	602	1	77645	0.9432	0.8285	0.1609	51.7773	211	26293	301	7.6887	257	-10.3817	131	1597	14	0.1223	0.2808	20.7053	9.5972	0.8529	0.5628	57.4171	211	25698	0.8919	0.3068
1361	1367	13	228	311447	311220	2727	92341	810	13998	111	13998	111	1	78343	0.9438	0.8532	0.1606	54.4645	211	26537	306	7.3930	257	-4.2069	29	583	36	0.1220	0.5011	20.5702	9.6045	0.8571	0.5306	60.1043	211	25942	0.8895	0.3046
1367	1373	13	229	314187	313959	2739	93153	812	14104	106	14104	106	1	79049	0.9440	0.8139	0.1604	53.1454	227	26202	284	10.0739	257	-6.4839	31	550	29	0.1215	0.5429	20.2615	9.6118	0.8553	0.5450	59.1101	227	25525	0.9002	0.3212
1373	1381	13	230	317859	317630	3671	94241	1087	14231	127	14231	127	1	80010	0.9429	0.7295	0.1602	52.1374	211	27099	309	6.6070	257	5.6279	43	610	34	0.1221	0.5563	20.7298	9.6220	0.8582	0.5372	57.7773	211	26504	0.9041	0.3189
1381	1399	13	231	326199	325969	8339	96717	2475	14555	324	14555	324	1	82162	0.9410	0.8186	0.1599	-56.2278	79	41247	988	-6.4651	43	-6.3038	79	1039	20	0.1218	0.3667	21.2047	9.6465	0.8550	0.5603	60.0881	227	26549	0.9117	0.3189
1399	1409	13	234	330879	330646	4679	98104	1386	14729	174	14729	174	1	83375	0.9402	0.7862	0.1597	-55.1392	79	41836	1004	5.9620	263	6.4746	59	694	30	0.1224	0.4642	21.4581	9.6593	0.8597	0.5449	60.6696	227	26937	0.9161	0.3168
1409	1423	13	236	337487	337252	6607	100067	1963	14994	265	14994	265	1	85073	0.9396	0.8466	0.1595	-57.3038	79	42672	1023	-6.1724	29	-7.5854	41	1160	49	0.1221	0.3604	21.8500	9.6777	0.8458	0.5259	61.5330	227	27520	0.9055	0.3155
1423	1427	13	238	339387	339150	1899	100629	561	15071	77	15071	77	1	85558	0.9405	0.8619	0.1592	-59.3797	79	42912	1027	-5.8145	523	4.3363	113	207	8	0.1223	0.5623	21.1820	9.6818	0.8506	0.5050	62.8152	211	28399	0.9037	0.3144
1427	1429	13	239	340339	340101	951	100910	281	15103	33	15103	33	1	85807	0.9412	0.7385	0.1590	-58.3924	79	43031	1031	-5.8891	523	2.5989	349	70	3	0.1225	0.8813	21.1675	9.6832	0.8544	0.5271	63.0284	211	28482	0.9087	0.3212
1429	1433	13	239	342247	342009	1907	101477	566	15174	71	15174	71	1	86303	0.9417	0.7900	0.1588	-57.3671	79	43267	1038	6.5204	1297	4.3191	47	298	17	0.1227	0.6304	21.2684	9.6874	0.8543	0.5058	62.5308	211	28640	0.9117	0.3342
1433	1439	13	240	345119	344880	2871	102330	852	15289	115	15289	115	1	87041	0.9422	0.8512	0.1586	-56.7848	79	43639	1048	5.6576	257	-5.3051	59	422	9	0.1224	0.5144	21.4310	9.6944	0.8553	0.5251	62.1611	211	28890	0.9111	0.3278
1439	1447	13	241	348967	348727	3847	103471	1141	15436	147	15436	147	1	88035	0.9421	0.8136	0.1584	59.3555	211	29819	342	7.4456	1297	6.9245	53	585	29	0.1226	0.5152	21.6398	9.7041	0.8573	0.5479	64.9858	211	29225	0.9134	0.3238
1447	1451	13	242	350899	350658	1931	104042	570	15492	56	15492	56	1	88550	0.9416	0.6213	0.1581	59.9621	211	29966	344	6.5652	1297	5.7568	37	356	25	0.1229	0.8551	21.7225	9.7082	0.8530	0.5545	65.5924	211	29372	0.9122	0.3569
1451	1453	13	243	351867	351625	967	104329	287	15527	36	15527	36	1	88802	0.9425	0.7943	0.1579	59.1280	211	30054	344	7.1226	1297	4.4468	47	154	11	0.1228	0.8226	21.7715	9.7096	0.8489	0.5307	64.7488	211	29461	0.9085	0.3419
1453	1459	13	243	354779	354537	2911	105194	865	15630	103	15630	103	1	89564	0.9422	0.7551	0.1577	61.6161	211	30319	349	-5.9446	397	-5.9149	47	468	14	0.1231	0.6455	21.9187	9.7165	0.8519	0.5696	67.2370	211	29726	0.9076	0.3327
1459	1471	13	244	360639	360396	5859	106929	1736	15859	229	15859	229	1	91070	0.9418	0.8376	0.1575	59.7820	211	30829	352	-6.1330	1361	-6.6842	19	1536	155	0.1229	0.3823	22.0473	9.7315	0.8532	0.5220	65.4028	211	30236	0.9123	0.3240
1471	1481	13	246	365559	365314	4919	108390	1460	16033	174	16033	174	1	92357	0.9406	0.7578	0.1573	58.7915	211	31250	355	-5.9245	331	10.0811	37	905	59	0.1235	0.5308	22.2974	9.7437	0.8504	0.5638	64.4123	211	30657	0.9109	0.3330
1481	1483	13	248	366547	366300	987	108684	295	16065	33	16065	33	1	92619	0.9412	0.7123	0.1571	59.0616	211	31327	356	6.4071	1297	-3.3684	19	260	24	0.1236	0.8364	22.3419	9.7450	0.8476	0.5074	64.6730	211	30735	0.9048	0.3297
1483	1487	13	248	368527	368280	1979	109272	587	16135	70	16135	70	1	93137	0.9414	0.7603	0.1568	58.5355	211	31488	357	7.5004	1297	4.3684	19	519	59	0.1235	0.6566	22.1630	9.7491	0.8500	0.5106	64.1469	211	30896	0.9040	0.3284
1487	1489	13	249	369519	369271	991	109565	294	16164	30	16164	30	1	93401	0.9419	0.6515	0.1566	58.7299	211	31573	358	7.0486	1297	-3.8140	43	168	4	0.1239	0.9296	23.0543	9.7504	0.8487	0.5101	64.3318	211	30982	0.9008	0.3295
1489	1493	13	249	371507	371259	1987	110154	588	16245	81	16245	81	1	93909	0.9428	0.8807	0.1564	59.0047	211	31755	360	7.1403	1297	-5.0000	59	295	5	0.1238	0.5914	22.7697	9.7544	0.8458	0.5450	64.6066	211	31164	0.8969	0.3449
1493	1499	13	250	374499	374250	2991	111041	886	16371	126	16371	126	1	94670	0.9438	0.9104	0.1562	57.5213	211	32017	361	5.7726	1297	5.1967	61	421	19	0.1236	0.4588	23.3454	9.7611	0.8531	0.5246	63.1232	211	31426	0.9044	0.3275
1499	1511	13	251	380519	380269	6019	112826	1785	16595	224	16595	224	1	96231	0.9428	0.8044	0.1560	58.7346	211	32522	367	6.0200	1297	7.0189	53	927	42	0.1237	0.4257	24.5485	9.7757	0.8552	0.5417	64.3365	211	31931	0.9114	0.3263
1511	1523	13	253	386587	386335	6067	114629	1803	16812	217	16812	217	1	97817	0.9414	0.7725	0.1558	60.7867	211	33044	374	6.2398	1297	7.1642	67	832	32	0.1237	0.4586	23.7413	9.7903	0.8571	0.5508	66.3886	211	32453	0.9092	0.3244
1523	1531	13	255	390659	390405	4071	115833	1204	16965	153	16965	153	1	98868	0.9413	0.8167	0.1556	58.3460	211	33407	375	5.8207	887	-7.1148	61	583	12	0.1238	0.5070	24.1876	9.7994	0.8572	0.5462	63.9479	211	32816	0.9041	0.3219
1531	1543	13	256	396807	396552	6147	117658	1824	17196	231	17196	231	1	100462	0.9406	0.8150	0.1554	58.1611	211	33954	380	6.7057	887	5.0934	257	502	9	0.1243	0.3917	24.3907	9.8137	0.8577	0.5028	64.1843	293	28394	0.9171	0.3256
1543	1549	13	258	399899	399642	3091	118573	916	17305	109	17305	109	1	101268	0.9404	0.7668	0.1552	59.6114	211	34223	384	6.6426	887	7.5738	61	440	22	0.1246	0.6113	23.9767	9.8202	0.8645	0.5570	65.2133	211	33632	0.9187	0.3241
1549	1553	13	259	401967	401709	2067	119187	613	17378	73	17378	73	1	101809	0.9407	0.7684	0.1550	-63.8354	79	50751	1221	7.2582	887	-4.4051	79	253	2	0.1248	0.6874	21.6161	9.8240	0.8601	0.5401	64.5166	211	33811	0.9220	0.3450
1553	1559	13	260	405079	404820	3111	120110	922	17489	111	17489	111	1	102621	0.9407	0.7778	0.1548	-61.1392	79	51158	1234	-5.2535	1499	-6.8491	53	473	11	0.1251	0.5819	22.5229	9.8305	0.8594	0.5410	67.8294	293	29032	0.9137	0.3376
1559	1567	13	261	409247	408987	4167	121347	1236	17628	139	17628	139	1	103719	0.9397	0.7275	0.1546	58.7645	293	30360	266	5.3878	887	7.2881	59	611	28	0.1258	0.5914	22.6145	9.8394	0.8648	0.5728	65.7611	293	29335	0.9203	0.3359
1567	1571	13	262	411339	411078	2091	121969	621	17704	76	17704	76	1	104265	0.9401	0.7927	0.1544	57.6451	293	30524	266	-5.7338	1499	-3.0845	71	287	5	0.1259	0.6598	22.7133	9.8433	0.8713	0.5442	64.6416	293	29499	0.9277	0.3444
1571	1579	13	263	415539	415277	4199	123215	1246	17850	146	17850	146	1	105365	0.9395	0.7599	0.1542	57.3857	223	35191	373	-6.0654	1361	-7.2439	41	743	29	0.1263	0.5336	22.9031	9.8522	0.8723	0.5407	63.5188	293	29810	0.9254	0.3426
1579	1583	13	264	417647	417384	2107	123839	625	17922	72	17922	72	1	105917	0.9397	0.7481	0.1540	-59.4684	79	52751	1276	-6.9824	1361	-4.9189	37	387	16	0.1260	0.7327	22.8160	9.8559	0.8645	0.5630	64.3857	293	29976	0.9231	0.3437
1583	1597	13	265	425067	424803	7419	126041	2201	18182	260	18182	260	1	107859	0.9379	0.7680	0.1538	-61.1899	79	53688	1298	-6.2182	1361	7.0825	97	869	25	0.1264	0.4329	22.9716	9.8723	0.8704	0.5636	65.5290	293	30541	0.9333	0.3438
1597	1601	13	267	427199	426933	2131	126673	631	18262	80	18262	80	1	108411	0.9385	0.8253	0.1536	-59.7468	79	53947	1306	-7.1470	1361	4.2542	59	317	15	0.1264	0.6398	23.0739	9.8760	0.8683	0.5395	64.7121	257	32933	0.9291	0.3527
1601	1607	13	268	430407	430140	3207	127625	951	18384	122	18384	122	1	109241	0.9389	0.8362	0.1534	-61.0000	79	54352	1315	6.5567	97	5.7586	29	685	53	0.1261	0.5327	22.2318	9.8823	0.8664	0.5400	63.7304	293	30951	0.9295	0.3514
1607	1609	13	269	431479	431211	1071	127940	316	18426	43	18426	43	1	109514	0.9399	0.8880	0.1532	-63.3165	79	54483	1316	6.0619	97	4.3226	31	212	18	0.1261	0.7492	22.9322	9.8835	0.8678	0.5111	64.0350	257	33277	0.9300	0.3470
1609	1613	13	269	433627	433359	2147	128582	641	18501	75	18501	75	1	110081	0.9402	0.7645	0.1530	-62.9241	79	54744	1323	-5.9522	1361	5.1379	29	462	37	0.1265	0.6823	23.3397	9.8873	0.8668	0.5238	64.5418	251	33817	0.9289	0.3625
1613	1619	13	270	436859	436590	3231	129537	955	18625	124	18625	124	1	110912	0.9407	0.8495	0.1529	-64.3797	79	55157	1332	7.1611	211	-5.5172	29	689	42	0.1269	0.5049	23.9702	9.8934	0.8677	0.5112	64.7488	211	36846	0.9240	0.3471
1619	1621	13	271	437939	437669	1079	129859	322	18657	33	18657	33	1	111202	0.9411	0.6713	0.1527	-62.9241	79	55297	1337	-6.3492	859	3.7199	457	64	4	0.1274	0.9272	23.8605	9.8947	0.8720	0.5167	63.9052	211	36935	0.9264	0.3763
1621	1627	13	271	441187	440917	3247	130824	965	18779	122	18779	122	1	112045	0.9414	0.8292	0.1525	-61.4557	79	55713	1349	-5.8080	599	-7.0870	23	760	59	0.1273	0.5553	23.4386	9.9008	0.8709	0.5537	66.5139	251	34448	0.9291	0.3450
1627	1637	13	272	446627	446356	5439	132437	1613	18984	205	18984	205	1	113453	0.9413	0.8346	0.1523	-65.7468	79	56396	1362	-6.3516	859	8.5205	73	711	28	0.1276	0.4563	24.7902	9.9119	0.8809	0.5374	66.9602	251	34894	0.9232	0.3371
1637	1657	13	274	457607	457334	10979	135696	3258	19381	397	19381	397	1	116315	0.9390	0.8011	0.1521	-67.8101	79	57781	1395	-6.4751	863	-8.3043	23	2568	215	0.1271	0.3624	24.4458	9.9350	0.8785	0.5533	65.7171	251	35803	0.9332	0.3357
1657	1663	13	277	460927	460651	3319	136681	984	19501	120	19501	120	1	117180	0.9392	0.8028	0.1519	-71.2911	79	58195	1402	-6.2759	29	-5.8276	29	708	43	0.1267	0.5686	24.0381	9.9410	0.8794	0.5463	-68.9114	79	58101	0.9336	0.3404
1663	1667	13	278	463147	462870	2219	137337	656	19581	80	19581	80	1	117756	0.9397	0.8037	0.1517	-70.4051	79	58476	1410	-5.7602	859	-4.8293	41	386	14	0.1265	0.6865	24.7473	9.9446	0.8814	0.5503	-68.0253	79	58382	0.9312	0.3366
1667	1669	13	279	464259	463981	1111	137665	328	19615	35	19615	35	1	118050	0.9402	0.7041	0.1516	-68.1772	79	58625	1416	-6.0382	863	3.5493	71	158	8	0.1266	0.9280	25.6234	9.9457	0.8801	0.5383	66.3426	251	36352	0.9317	0.3366
1669	1693	13	279	477707	477429	13447	141656	3991	20099	484	20099	484	1	121557	0.9373	0.8012	0.1514	-64.8101	79	60309	1462	-5.9130	23	14.7458	59	1984	82	0.1265	0.3384	26.0000	9.9731	0.8762	0.5575	64.7291	251	37433	0.9285	0.3335
1693	1697	13	283	479967	479685	2259	142325	670	20168	69	20168	69	1	122157	0.9373	0.6812	0.1512	-64.0000	79	60593	1470	-6.5172	29	3.2677	127	237	7	0.1270	0.7850	23.1714	9.9767	0.8758	0.5470	65.3268	257	37223	0.9237	0.3601
1697	1699	13	284	481099	480816	1131	142658	334	20202	35	20202	35	1	122456	0.9377	0.6939	0.1510	-63.3671	79	60726	1474	-7.0435	23	2.5957	47	174	10	0.1272	0.9000	23.8091	9.9778	0.8766	0.5082	64.7276	257	37300	0.9244	0.3499
1699	1709	13	284	486779	486496	5679	144347	1688	20388	186	20388	186	1	123959	0.9364	0.7305	0.1508	-62.4937	79	61442	1493	-6.9130	23	7.9535	43	947	52	0.1279	0.5331	24.0283	9.9884	0.8768	0.5616	66.0856	257	37768	0.9289	0.3443
1709	1721	13	286	493639	493354	6859	146380	2033	20627	239	20627	239	1	125753	0.9353	0.7803	0.1507	-65.0886	79	62295	1512	-6.6127	457	6.8780	41	1212	66	0.1281	0.4851	24.2813	10.0012	0.8775	0.5939	67.4833	509	26854	0.9299	0.3393
1721	1723	13	288	494787	494500	1147	146719	339	20673	47	20673	47	1	126046	0.9363	0.9213	0.1505	-61.5823	79	62433	1519	-6.0963	457	4.1724	29	244	21	0.1278	0.7456	24.3367	10.0024	0.8806	0.5279	68.1768	509	26932	0.9326	0.3600
1723	1733	13	288	500547	500260	5759	148431	1711	20893	220	20893	220	1	127538	0.9365	0.8554	0.1503	59.9494	257	39713	369	-6.5886	457	-5.8966	29	1231	79	0.1272	0.4161	24.2519	10.0128	0.8792	0.5212	68.7505	509	27295	0.9285	0.3442
1733	1741	13	290	505179	504890	4631	149801	1370	21053	160	21053	160	1	128748	0.9361	0.7779	0.1501	62.1790	257	40069	374	-5.5842	457	-6.3820	89	551	6	0.1276	0.5247	24.4376	10.0208	0.8786	0.5355	68.6621	509	27572	0.9258	0.3368
1741	1747	13	291	508667	508377	3487	150838	1037	21168	115	21168	115	1	129670	0.9358	0.7395	0.1500	61.9300	257	40358	376	-6.8892	397	-6.4124	97	408	2	0.1281	0.6293	24.5723	10.0266	0.8773	0.5490	68.2568	257	39545	0.9250	0.3424
1747	1753	13	292	512167	511876	3499	151878	1040	21304	136	21304	136	1	130574	0.9364	0.8730	0.1498	62.6031	257	40657	379	6.0700	257	7.0732	41	634	38	0.1283	0.4828	24.5874	10.0323	0.8810	0.5130	68.9300	257	39844	0.9250	0.3360
1753	1759	13	293	515679	515387	3511	152914	1037	21458	154	21458	154	1	131456	0.9379	0.9926	0.1496	61.2218	257	40963	380	-5.7572	523	-4.1186	59	505	13	0.1273	0.4109	24.5655	10.0380	0.8852	0.5250	67.9980	509	28250	0.9316	0.3347
1759	1777	13	294	526287	525994	10607	156064	3149	21826	368	21826	368	1	134238	0.9358	0.7820	0.1494	62.7315	257	41797	388	-6.9934	457	7.9355	31	2109	144	0.1275	0.3876	24.8164	10.0572	0.8834	0.5394	69.0584	257	40984	0.9306	0.3324
1777	1783	13	297	529847	529551	3559	157121	1056	21944	118	21944	118	1	135177	0.9356	0.7485	0.1493	63.5681	257	42075	391	-5.8905	1361	5.9565	23	840	79	0.1281	0.6480	24.9505	10.0629	0.8905	0.5652	69.8949	257	41262	0.9346	0.3298
1783	1787	13	298	532227	531930	2379	157827	705	22037	93	22037	93	1	135790	0.9364	0.8847	0.1491	64.9416	257	42284	394	-6.7090	457	-7.2609	23	555	41	0.1278	0.6070	24.8047	10.0662	0.8881	0.5458	71.2685	257	41471	0.9340	0.3482
1787	1789	13	299	533419	533121	1191	158177	350	22084	48	22084	48	1	136093	0.9374	0.9207	0.1489	65.1323	257	42388	395	-5.8472	1021	4.0000	23	276	28	0.1275	0.7123	24.8576	10.0673	0.8905	0.5169	71.4514	257	41576	0.9336	0.3400
1789	1801	13	299	540599	540301	7179	160310	2133	22360	276	22360	276	1	137950	0.9375	0.8697	0.1488	65.4708	257	42987	400	7.5191	131	7.1967	61	1031	41	0.1271	0.3820	25.0252	10.0796	0.8916	0.5394	71.7899	257	42175	0.9346	0.3296
1801	1811	13	301	546619	546319	6019	162093	1782	22564	204	22564	204	1	139529	0.9367	0.7703	0.1486	68.7432	257	43466	407	5.5770	617	5.9677	31	1194	83	0.1272	0.5013	25.2253	10.0895	0.8920	0.5550	75.0623	257	42654	0.9376	0.3293
1811	1823	13	303	553887	553585	7267	164252	2158	22823	259	22823	259	1	141429	0.9360	0.8085	0.1485	70.2062	257	44049	413	5.6460	887	-6.5135	37	1360	67	0.1274	0.4329	25.5159	10.1017	0.8876	0.5366	76.5253	257	43237	0.9310	0.3279
1823	1831	13	305	558759	558455	4871	165697	1446	22989	166	22989	166	1	142708	0.9356	0.7742	0.1483	71.3191	257	44420	417	5.8209	67	-3.9070	43	815	34	0.1274	0.5371	25.5303	10.1093	0.8827	0.5305	77.6381	257	43608	0.9314	0.3276
1831	1847	13	306	568567	568262	9807	168603	2907	23349	360	23349	360	1	145254	0.9349	0.8360	0.1481	69.1323	257	45215	421	5.8507	911	11.8108	37	1835	111	0.1267	0.3526	25.9334	10.1256	0.8872	0.5239	75.4514	257	44403	0.9317	0.3245
1847	1861	13	309	577219	576911	8651	171173	2570	23651	302	23651	302	1	147522	0.9338	0.7942	0.1480	67.6848	257	45915	425	-5.5904	1289	9.0377	53	1324	59	0.1271	0.4162	26.2732	10.1397	0.8817	0.5391	74.0039	257	45103	0.9304	0.3252
1861	1867	13	311	580947	580637	3727	172277	1103	23770	119	23770	119	1	148507	0.9335	0.7299	0.1478	68.3191	257	46219	428	-5.3012	601	4.7586	29	801	60	0.1271	0.6265	26.4064	10.1450	0.8757	0.5422	74.6381	257	45407	0.9277	0.3306
1867	1871	13	312	583439	583128	2491	173014	736	23856	86	23856	86	1	149158	0.9339	0.7914	0.1476	67.7315	257	46423	429	-6.1729	457	4.5652	23	580	55	0.1273	0.6766	26.5042	10.1482	0.8792	0.5460	74.0506	257	45611	0.9323	0.3409
1871	1873	13	313	584687	584375	1247	173387	373	23897	42	23897	42	1	149490	0.9345	0.7634	0.1475	66.9222	257	46527	429	7.5213	211	3.4043	47	202	12	0.1273	0.8631	26.5497	10.1493	0.8780	0.5256	73.2335	257	45716	0.9299	0.3353
1873	1877	13	313	587187	586875	2499	174128	741	23985	88	23985	88	1	150143	0.9349	0.8061	0.1473	66.3969	257	46723	430	-5.7119	1607	-5.1351	37	465	20	0.1274	0.6377	25.6507	10.1525	0.8741	0.5236	72.7082	257	45912	0.9255	0.3385
1877	1879	13	314	588439	588126	1251	174497	369	24030	46	24030	46	1	150467	0.9357	0.8470	0.1472	66.6109	257	46824	431	-6.1711	1607	-3.2553	47	194	5	0.1274	0.7435	25.7018	10.1535	0.8735	0.5103	72.9144	257	46014	0.9258	0.3335
1879	1889	13	314	594719	594406	6279	176361	1864	24257	227	24257	227	1	152104	0.9355	0.8283	0.1470	66.6109	257	47338	435	-7.4910	1607	-8.1739	23	1474	120	0.1270	0.4608	25.8466	10.1631	0.8753	0.5559	72.9144	257	46528	0.9251	0.3274
1889	1901	13	316	602299	601984	7579	178611	2250	24529	272	24529	272	1	154082	0.9351	0.8231	0.1469	67.7471	257	47963	441	7.2990	97	5.6390	277	604	10	0.1273	0.4307	26.1364	10.1747	0.8759	0.5478	74.0506	257	47153	0.9277	0.3266
1901	1907	13	318	606107	605790	3807	179742	1131	24680	151	24680	151	1	155062	0.9359	0.9100	0.1467	65.2879	257	48279	441	-6.6988	1607	4.3373	83	484	16	0.1272	0.4436	26.1302	10.1800	0.8777	0.5098	72.8919	509	33876	0.9246	0.3217
1907	1913	13	319	609927	609609	3819	180873	1132	24815	135	24815	135	1	156058	0.9361	0.8137	0.1466	63.4204	383	41475	280	-6.1064	1607	-6.0526	19	998	99	0.1270	0.5628	26.2732	10.1852	0.8758	0.5419	72.9528	509	34115	0.9243	0.3216
1913	1931	13	320	621459	621140	11531	184293	3419	25237	422	25237	422	1	159056	0.9354	0.8431	0.1464	63.0705	383	42308	284	-6.4783	23	-12.6744	43	1928	77	0.1267	0.3511	26.4688	10.2029	0.8836	0.5529	73.0570	509	34852	0.9297	0.3185
1931	1933	13	323	622747	622425	1287	184674	382	25279	43	25279	43	1	159395	0.9360	0.7697	0.1463	64.5265	509	37532	212	-6.8734	229	5.5373	67	183	11	0.1269	0.8311	26.5139	10.2039	0.8822	0.5151	74.7269	509	34936	0.9299	0.3396
1933	1949	13	323	633099	632777	10351	187745	3070	25630	351	25630	351	1	162115	0.9344	0.7826	0.1461	66.1120	241	51440	493	5.7960	593	-8.3451	113	1093	11	0.1277	0.4196	26.8841	10.2194	0.8799	0.5644	74.2240	509	35573	0.9352	0.3209
1949	1951	13	326	634399	634074	1299	188128	384	25672	43	25672	43	1	162456	0.9350	0.7672	0.1459	65.2822	241	51540	493	-7.2038	211	5.9268	41	227	17	0.1278	0.8434	26.9282	10.2204	0.8809	0.5125	73.9332	509	35647	0.9346	0.3197
1951	1973	13	326	648787	648462	14387	192398	4269	26192	520	26192	520	1	166206	0.9337	0.8354	0.1458	67.0545	367	45131	313	4.7086	1321	8.6792	53	2208	92	0.1271	0.3232	26.4809	10.2418	0.8819	0.5482	76.2947	509	36573	0.9312	0.3177
1973	1979	13	330	652739	652410	3951	193572	1173	26324	132	26324	132	1	167248	0.9337	0.7726	0.1457	68.5722	367	45403	316	5.3919	541	-7.1698	53	614	16	0.1273	0.6022	26.6842	10.2469	0.8783	0.5523	76.7466	367	43903	0.9281	0.3162
1979	1987	13	331	658027	657697	5287	195139	1566	26532	208	26532	208	1	168607	0.9344	0.9128	0.1455	67.5778	379	45181	306	5.5989	541	7.5056	89	645	22	0.1265	0.4202	26.8961	10.2539	0.8726	0.5347	77.0354	509	37148	0.9301	0.3171
1987	1993	13	332	662007	661676	3979	196321	1181	26650	118	26650	118	1	169671	0.9339	0.6874	0.1454	68.8684	509	39990	226	-7.0227	397	-5.2349	149	390	0	0.1276	0.7034	27.0167	10.2590	0.8745	0.5732	79.0648	509	37395	0.9303	0.3228
1993	1997	13	333	664667	664335	2659	197112	790	26736	86	26736	86	1	170376	0.9341	0.7497	0.1452	68.2279	509	40153	226	-6.0076	397	-5.9412	17	790	87	0.1275	0.7128	26.8299	10.2620	0.8784	0.5434	78.4244	509	37558	0.9334	0.3221
1997	1999	13	334	665999	665666	1331	197505	393	26777	42	26777	42	1	170728	0.9346	0.7367	0.1451	67.9136	509	40233	226	5.6547	223	-3.6957	23	307	23	0.1276	0.8585	26.8721	10.2630	0.8799	0.5193	78.1061	509	37639	0.9345	0.3426
1999	2003	13	334	668667	668334	2667	198294	789	26870	93	26870	93	1	171424	0.9350	0.8133	0.1449	68.2417	509	40404	227	-6.1370	883	-4.8060	67	362	6	0.1274	0.6301	26.8467	10.2659	0.8763	0.5294	78.4342	509	37810	0.9366	0.3405
2003	2011	13	335	674019	673685	5351	199882	1587	27075	205	27075	205	1	172807	0.9356	0.8922	0.1448	-68.3969	131	69718	996	-5.1982	1009	8.0282	71	709	28	0.1266	0.4315	27.0632	10.2729	0.8710	0.5277	78.0668	509	38158	0.9373	0.3281
2011	2017	13	336	678047	677712	4027	201078	1195	27215	140	27215	140	1	173863	0.9358	0.8100	0.1446	70.1372	379	46591	316	6.4173	127	-4.8686	137	402	1	0.1269	0.5699	27.2113	10.2779	0.8703	0.5391	79.1002	509	38404	0.9380	0.3223
2017	2027	13	337	684787	684451	6739	203080	2001	27452	237	27452	237	1	175628	0.9356	0.8197	0.1445	68.1591	509	41443	231	5.0759	593	5.7534	73	885	30	0.1266	0.4445	27.2206	10.2868	0.8709	0.5502	78.3517	509	38849	0.9330	0.3216
2027	2029	13	339	686139	685801	1351	203480	401	27493	42	27493	42	1	175987	0.9360	0.7256	0.1443	70.0343	379	47179	319	5.2298	1297	4.5957	47	221	14	0.1268	0.9012	27.2613	10.2878	0.8723	0.5328	79.0295	509	38931	0.9385	0.3228
2029	2039	13	339	692919	692581	6779	205490	2009	27722	229	27722	229	1	177768	0.9355	0.7905	0.1442	69.5963	379	47641	321	5.3797	877	-7.5254	59	989	26	0.1270	0.4924	27.4883	10.2966	0.8721	0.5456	77.9235	379	46063	0.9314	0.3212
2039	2053	13	341	702467	702127	9547	208324	2833	28052	330	28052	330	1	180272	0.9347	0.8086	0.1441	71.1172	367	48973	338	-6.1304	23	-6.5246	61	1358	38	0.1269	0.4055	27.5154	10.3094	0.8712	0.5372	79.2807	367	47475	0.9315	0.3220
2053	2063	13	343	709327	708985	6859	210360	2035	28287	235	28287	235	1	182073	0.9343	0.8024	0.1439	-72.3551	107	78557	1396	-8.1739	23	-7.5421	107	778	7	0.1271	0.4694	27.7469	10.3181	0.8638	0.5536	79.2927	509	40391	0.9281	0.3255
2063	2069	13	345	713459	713115	4131	211586	1225	28421	134	28421	134	1	183165	0.9342	0.7608	0.1438	-72.0280	107	79021	1405	-6.7097	31	-6.0930	43	690	26	0.1275	0.5935	27.8784	10.3229	0.8667	0.5232	80.0027	367	48260	0.9347	0.3241
2069	2081	13	346	721759	721414	8299	214044	2459	28690	269	28690	269	1	185354	0.9331	0.7616	0.1436	75.6076	367	50351	350	-7.5217	23	11.8710	31	1645	118	0.1281	0.5038	27.1471	10.3335	0.8686	0.5940	83.7711	367	48853	0.9357	0.3300
2081	2083	13	348	723147	722800	1387	214458	414	28738	49	28738	49	1	185720	0.9338	0.8248	0.1435	76.0736	367	50449	351	-5.5217	23	4.2658	79	187	9	0.1280	0.7802	27.1962	10.3345	0.8711	0.5098	84.2316	367	48952	0.9364	0.3481
2083	2087	13	348	725927	725580	2779	215280	822	28820	82	28820	82	1	186460	0.9338	0.6958	0.1434	76.0000	367	50646	352	-8.0000	23	6.1860	43	469	28	0.1281	0.7816	27.6716	10.3374	0.8679	0.5549	84.1580	367	49149	0.9398	0.3381
2087	2089	13	349	727319	726971	1391	215695	415	28867	48	28867	48	1	186828	0.9344	0.8075	0.1432	75.4441	367	50748	352	-6.0870	23	-5.9512	41	245	6	0.1281	0.8154	27.7177	10.3383	0.8687	0.5272	83.5967	367	49252	0.9374	0.3536
2089	2099	13	349	734299	733951	6979	217767	2072	29106	239	29106	239	1	188661	0.9340	0.8061	0.1431	74.7629	367	51240	354	-6.2609	23	-6.8814	59	1029	28	0.1282	0.4532	27.9472	10.3469	0.8677	0.5284	82.9155	367	49744	0.9386	0.3296
2099	2111	13	351	742719	742369	8419	220264	2496	29394	288	29394	288	1	190870	0.9335	0.8071	0.1430	74.4060	367	51856	357	6.3506	887	9.7015	67	1149	44	0.1285	0.4467	28.0076	10.3574	0.8665	0.5592	84.0295	509	42494	0.9338	0.3262
2111	2113	13	353	744127	743775	1407	220679	416	29446	53	29446	53	1	191233	0.9343	0.8920	0.1428	75.8283	367	51962	359	5.7086	1297	-7.2162	37	263	7	0.1283	0.7338	28.0572	10.3583	0.8641	0.5256	83.9755	367	50467	0.9312	0.3258
2113	2129	13	353	755439	755087	11311	224036	3356	29823	377	29823	377	1	194213	0.9329	0.7873	0.1427	75.3760	367	52779	363	6.8740	127	-8.2414	29	2425	159	0.1285	0.4025	28.4202	10.3725	0.8627	0.5520	84.0718	557	41755	0.9317	0.3317
2129	2131	13	356	756859	756504	1419	224455	419	29867	45	29867	45	1	194588	0.9334	0.7534	0.1426	75.8256	367	52880	364	5.8859	1297	-4.6512	43	229	6	0.1288	0.8589	28.4631	10.3734	0.8641	0.5260	83.9673	367	51386	0.9327	0.3512
2131	2137	13	356	761127	760772	4267	225723	1268	30000	133	30000	133	1	195723	0.9332	0.7365	0.1424	75.1853	367	53181	365	5.9306	1297	-6.6716	67	592	11	0.1289	0.6477	28.5908	10.3781	0.8633	0.5620	84.8618	557	42092	0.9335	0.3355
2137	2141	13	357	763979	763623	2851	226570	846	30102	102	30102	102	1	196468	0.9337	0.8474	0.1423	75.1117	367	53378	366	-6.5420	2083	9.6226	53	434	26	0.1288	0.6374	28.6889	10.3809	0.8640	0.5283	84.2621	557	42259	0.9351	0.3386
2141	2143	13	358	765407	765050	1427	226992	422	30147	46	30147	46	1	196845	0.9343	0.7668	0.1422	75.3084	509	46495	258	-5.9472	2083	-3.4324	37	267	11	0.1290	0.8501	28.7318	10.3818	0.8630	0.5223	85.4774	509	43907	0.9335	0.3341
2143	2153	13	358	772567	772210	7159	229117	2124	30381	234	30381	234	1	198736	0.9337	0.7757	0.1420	76.7166	367	54001	371	5.6235	409	8.0984	61	1034	42	0.1289	0.4980	28.5162	10.3902	0.8620	0.5657	86.6778	509	44365	0.9331	0.3342
2153	2161	13	360	778319	777960	5751	230822	1705	30571	190	30571	190	1	200251	0.9334	0.7854	0.1419	79.4060	367	54425	376	5.7835	97	7.9565	23	1346	125	0.1292	0.5251	28.6945	10.3967	0.8601	0.5308	87.5422	367	52932	0.9382	0.3285
2161	2179	13	361	791339	790979	13019	234684	3862	31009	438	31009	438	1	203675	0.9321	0.8000	0.1418	79.3597	367	55351	381	5.1126	1297	13.2881	59	1909	78	0.1293	0.3913	29.1084	10.4124	0.8647	0.5623	87.4959	367	53858	0.9416	0.3265
2179	2203	13	364	808867	808504	17527	239886	5201	31580	571	31580	571	1	208306	0.9295	0.7752	0.1416	81.6131	367	56589	390	6.1253	439	11.4906	53	2690	113	0.1296	0.3704	29.2281	10.4334	0.8589	0.5831	89.7583	509	46635	0.9350	0.3255
2203	2207	13	368	811807	811440	2939	240756	870	31681	101	31681	101	1	209075	0.9300	0.8204	0.1415	80.8468	509	49412	275	-5.0966	2111	3.8828	239	253	6	0.1296	0.6509	29.3216	10.4361	0.8577	0.5425	91.0157	509	46824	0.9338	0.3250
2207	2213	13	369	816227	815859	4419	242067	1311	31818	137	31818	137	1	210249	0.9298	0.7392	0.1414	81.8447	367	57097	393	6.7278	1297	-7.2791	43	737	27	0.1298	0.6413	29.4484	10.4406	0.8567	0.5526	90.9587	509	47093	0.9312	0.3262
2213	2221	13	370	822139	821770	5911	243821	1753	32032	214	32032	214	1	211789	0.9301	0.8643	0.1412	83.3815	367	57549	397	7.0231	1297	-7.0526	19	1549	156	0.1297	0.4386	29.6483	10.4469	0.8612	0.5141	91.5177	367	56056	0.9356	0.3267
2221	2237	13	371	834027	833657	11887	247351	3529	32419	387	32419	387	1	214932	0.9288	0.7771	0.1411	85.2161	509	50845	285	-8.7826	23	-7.3944	71	1576	37	0.1300	0.4171	30.0111	10.4604	0.8620	0.5481	95.3851	509	48257	0.9431	0.3293
2237	2239	13	374	835519	835146	1491	247790	440	32466	48	32466	48	1	215324	0.9293	0.7738	0.1410	84.8821	509	50930	285	7.3654	509	5.3380	71	201	11	0.1301	0.8566	30.0555	10.4613	0.8617	0.5261	95.0472	509	48343	0.9433	0.3293
2239	2243	13	374	838507	838134	2987	248677	886	32556	90	32556	90	1	216121	0.9294	0.7211	0.1409	85.1945	509	51105	286	-7.8226	1871	4.9355	31	590	43	0.1303	0.7426	30.1425	10.4639	0.8579	0.5242	95.3595	509	48518	0.9433	0.3557
2243	2251	13	375	844499	844125	5991	250456	1779	32734	178	32734	178	1	217722	0.9287	0.7109	0.1407	84.7014	509	51485	287	6.8900	509	-7.7742	31	1190	69	0.1309	0.6169	30.3091	10.4702	0.8624	0.5546	94.8664	509	48898	0.9471	0.3381
2251	2267	13	376	856547	856172	12047	254029	3573	33120	386	33120	386	1	220909	0.9272	0.7683	0.1406	83.1008	367	59986	410	-6.5436	1871	-8.3186	113	1261	14	0.1319	0.4249	30.6719	10.4835	0.8668	0.5566	91.9823	509	49632	0.9468	0.3335
2267	2269	13	379	858059	857681	1511	254476	447	33166	47	33166	47	1	221310	0.9277	0.7484	0.1405	82.5286	367	60091	410	6.5929	1297	6.0943	53	236	15	0.1321	0.9193	30.7154	10.4843	0.8713	0.5345	91.6090	509	49727	0.9480	0.3328
2269	2273	13	379	861087	860709	3027	255375	898	33275	109	33275	109	1	222100	0.9283	0.8648	0.1404	84.3188	367	60313	413	7.2066	1297	5.8421	19	790	89	0.1320	0.6004	29.8181	10.4870	0.8671	0.5263	92.4441	367	58822	0.9440	0.3381
2273	2281	13	380	867159	866780	6071	257179	1803	33477	202	33477	202	1	223702	0.9282	0.7989	0.1402	84.9373	367	60750	416	8.4248	1297	4.5570	79	768	24	0.1320	0.5039	30.0125	10.4931	0.8666	0.5498	93.0627	367	59259	0.9465	0.3451
2281	2287	13	381	871727	871347	4567	258531	1352	33615	138	33615	138	1	224916	0.9279	0.7285	0.1401	85.9842	379	60264	404	8.3400	1297	6.9565	23	1070	100	0.1325	0.6401	30.1430	10.4975	0.8741	0.5389	94.2744	379	58693	0.9500	0.3412
2287	2293	13	382	876307	875926	4579	259892	1360	33775	160	33775	160	1	226117	0.9283	0.8404	0.1400	86.2216	379	60598	406	6.2413	1297	-4.7241	29	982	63	0.1324	0.5287	30.2938	10.5019	0.8768	0.5462	94.5119	379	59027	0.9495	0.3409
2293	2297	13	383	879367	878985	3059	260799	908	33870	95	33870	95	1	226929	0.9285	0.7480	0.1399	87.1187	379	60807	408	-5.8724	1019	5.7757	107	333	12	0.1327	0.7096	30.3864	10.5045	0.8777	0.5373	95.4090	379	59236	0.9508	0.3394
2297	2309	13	384	888579	888196	9211	263531	2731	34172	302	34172	302	1	229359	0.9279	0.7913	0.1398	85.6887	379	61457	410	-6.7007	1871	8.4138	29	1966	144	0.1329	0.4505	30.6742	10.5140	0.8798	0.5560	93.9789	379	59886	0.9519	0.3376
2309	2311	13	386	890119	889734	1539	263986	455	34222	51	34222	51	1	229764	0.9284	0.8027	0.1396	86.0976	379	61569	411	-6.1871	1871	-3.6897	29	329	19	0.1329	0.8585	30.7233	10.5149	0.8794	0.5311	94.3826	379	59999	0.9507	0.3736
2311	2333	13	386	907147	906762	17027	269040	5053	34777	555	34777	555	1	234263	0.9265	0.7873	0.1395	85.7018	379	62781	417	5.6138	593	13.6780	59	2517	99	0.1337	0.3860	30.0969	10.5330	0.8854	0.5727	93.9868	379	61211	0.9467	0.3360
2333	2339	13	390	911819	911430	4671	270425	1384	34956	179	34956	179	1	235469	0.9273	0.9279	0.1394	86.4823	367	63953	435	6.2268	97	-5.3239	71	615	12	0.1332	0.4573	30.2518	10.5373	0.8860	0.5200	94.6022	367	62463	0.9469	0.3312
2339	2341	13	391	913379	912989	1559	270887	462	34998	43	34998	43	1	235889	0.9277	0.6683	0.1393	85.9210	367	64056	435	-6.1395	853	-3.7391	23	365	28	0.1334	0.9726	30.0026	10.5381	0.8882	0.5372	94.0354	367	62567	0.9458	0.3315
2341	2347	13	391	918067	917677	4687	272280	1393	35156	158	35156	158	1	237124	0.9279	0.8151	0.1392	86.6438	379	63550	422	-7.1193	1039	-9.0851	47	754	23	0.1335	0.5632	30.1380	10.5424	0.8876	0.5355	94.9235	379	61981	0.9461	0.3322
2347	2351	13	392	921199	920808	3131	273205	924	35269	113	35269	113	1	237936	0.9285	0.8796	0.1390	86.8147	367	64626	439	-6.8999	1039	5.0690	29	666	51	0.1332	0.5729	30.2349	10.5449	0.8893	0.5113	94.9292	367	63137	0.9463	0.3303
2351	2357	13	393	925907	925515	4707	274603	1397	35418	149	35418	149	1	239185	0.9285	0.7678	0.1389	89.0163	367	64956	443	-6.5910	1039	-4.4198	131	486	3	0.1335	0.5893	30.2847	10.5492	0.8916	0.5346	97.1308	367	63467	0.9461	0.3291
2357	2371	13	394	936939	936546	11031	277875	3271	35793	375	35793	375	1	242082	0.9280	0.8260	0.1388	90.6621	367	65755	449	-6.0337	1871	-8.8966	29	2362	154	0.1334	0.4016	30.5809	10.5602	0.8942	0.5426	98.7766	367	64266	0.9537	0.3316
2371	2377	13	396	941687	941292	4747	279287	1412	35945	152	35945	152	1	243342	0.9281	0.7762	0.1387	88.8365	367	66090	449	-6.8261	23	5.7670	103	527	16	0.1334	0.6034	30.7117	10.5644	0.8933	0.5353	96.9510	367	64601	0.9540	0.3327
2377	2381	13	397	944859	944463	3171	280227	940	36038	93	36038	93	1	244189	0.9281	0.7140	0.1386	90.5831	367	66320	452	-6.2725	1879	-4.1887	53	482	14	0.1337	0.7635	30.7911	10.5669	0.8951	0.5450	98.6975	367	64831	0.9514	0.3319
2381	2383	13	398	946447	946050	1587	280699	472	36085	48	36085	48	1	244614	0.9285	0.7345	0.1384	91.9782	367	66431	454	-6.0524	1871	3.6897	29	338	27	0.1340	0.8903	30.8321	10.5678	0.8932	0.5280	100.0872	367	64943	0.9493	0.3504
2383	2389	13	398	951219	950822	4771	282111	1412	36230	145	36230	145	1	245881	0.9284	0.7424	0.1383	90.1471	367	66767	454	5.9792	1297	5.4608	293	372	8	0.1344	0.6304	30.9569	10.5720	0.8942	0.5585	98.2561	367	65279	0.9473	0.3340
2389	2393	13	399	954407	954009	3187	283059	947	36343	113	36343	113	1	246716	0.9289	0.8633	0.1382	89.8719	367	67001	455	-6.5751	1871	-4.4037	109	349	2	0.1344	0.6022	31.0560	10.5745	0.8972	0.5149	97.9809	367	65513	0.9511	0.3424
2393	2399	13	400	959199	958800	4791	284479	1419	36494	151	36494	151	1	247985	0.9289	0.7705	0.1381	92.9918	367	67346	460	-7.0930	1871	-6.2584	89	590	7	0.1350	0.6004	31.1875	10.5786	0.9015	0.5502	101.1008	367	65858	0.9564	0.3409
2399	2411	13	401	968819	968419	9619	287333	2853	36814	320	36814	320	1	250519	0.9285	0.8129	0.1380	94.2480	367	68033	465	-7.1438	1871	10.8140	43	1595	85	0.1348	0.4298	30.6911	10.5878	0.8973	0.5403	102.3569	367	66545	0.9514	0.3359
2411	2417	13	403	973647	973245	4827	288765	1433	36970	156	36970	156	1	251795	0.9286	0.7896	0.1379	95.3351	367	68384	468	-7.6745	1871	7.5211	71	656	26	0.1352	0.5656	30.8212	10.5919	0.9005	0.5300	103.4441	367	66896	0.9457	0.3328
2417	2423	13	404	978487	978084	4839	290200	1435	37130	160	37130	160	1	253070	0.9288	0.8094	0.1378	93.4387	367	68732	468	-8.2084	1871	7.9474	19	1264	141	0.1350	0.5493	30.8005	10.5961	0.8991	0.5294	101.5477	367	67244	0.9432	0.3308
2423	2437	13	405	989827	989423	11339	293564	3363	37519	389	37519	389	1	256045	0.9285	0.8404	0.1376	92.9210	367	69561	472	6.3184	1297	11.2069	29	2433	179	0.1350	0.3937	31.0476	10.6068	0.8983	0.5491	101.0300	367	68073	0.9521	0.3354
2437	2441	13	407	993079	992673	3251	294531	966	37623	104	37623	104	1	256908	0.9288	0.7828	0.1375	93.5967	367	69804	474	5.8940	887	-6.7073	41	568	21	0.1351	0.6967	31.1336	10.6092	0.8991	0.5449	101.7057	367	68316	0.9509	0.3333
2441	2447	13	408	997967	997560	4887	295982	1450	37774	151	37774	151	1	258208	0.9287	0.7578	0.1374	93.7984	367	70134	476	6.4834	211	4.6873	307	355	7	0.1352	0.6171	30.9496	10.6133	0.9020	0.5340	101.9074	367	68646	0.9534	0.3350
2447	2459	13	409	1007779	1007371	9811	298890	2909	38109	335	38109	335	1	260781	0.9286	0.8387	0.1373	92.8692	367	70855	479	-7.4976	1871	-9.2353	17	2909	333	0.1347	0.4195	31.1475	10.6223	0.8976	0.5465	100.9782	367	69367	0.9531	0.3323
2459	2467	13	411	1014347	1013937	6567	300839	1949	38318	209	38318	209	1	262521	0.9284	0.7816	0.1372	92.2207	367	71341	481	6.9753	1213	-6.7391	23	1538	127	0.1350	0.5333	31.1655	10.6280	0.8948	0.5381	100.3297	367	69853	0.9497	0.3326
2467	2473	13	412	1019287	1018876	4939	302304	1465	38494	176	38494	176	1	263810	0.9289	0.8764	0.1371	90.2425	367	71704	481	7.7590	967	-7.6897	29	1054	65	0.1346	0.4989	30.5954	10.6320	0.8977	0.5253	98.3515	367	70216	0.9526	0.3360
2473	2477	13	413	1022587	1022175	3299	303282	977	38615	121	38615	121	1	264667	0.9296	0.9042	0.1370	90.8801	367	71954	483	7.1623	887	-4.2124	113	351	2	0.1345	0.5791	31.2293	10.6344	0.8977	0.5276	98.9891	367	70466	0.9520	0.3313
2477	2503	13	414	1044167	1043754	21579	309686	6404	39326	711	39326	711	1	270360	0.9279	0.8112	0.1369	90.8507	509	64172	343	6.7227	887	-11.3671	79	2740	58	0.1350	0.3265	30.8059	10.6545	0.8977	0.5252	101.0000	509	61589	0.9503	0.3286
2503	2521	13	418	1059239	1058822	15071	314157	4473	39791	465	39791	465	1	274366	0.9262	0.7602	0.1368	91.4823	367	74596	498	-6.9289	2081	9.8136	59	2218	85	0.1354	0.4299	31.1828	10.6681	0.8992	0.5499	101.4244	509	62499	0.9494	0.3266
2521	2531	13	421	1067659	1067239	8419	316654	2496	40054	263	40054	263	1	276600	0.9257	0.7711	0.1366	95.0926	367	75218	505	-6.4663	1231	-6.5316	79	1048	20	0.1358	0.5211	31.7763	10.6752	0.9032	0.5592	103.2016	367	73730	0.9521	0.3286
2531	2539	13	423	1074419	1073997	6759	318656	2003	40252	198	40252	198	1	278404	0.9252	0.7240	0.1365	93.5749	367	75680	506	-7.2174	23	7.7848	79	838	29	0.1362	0.6061	31.9334	10.6807	0.9030	0.5461	102.6876	509	63450	0.9532	0.3284
2539	2543	13	424	1077807	1077384	3387	319663	1007	40362	110	40362	110	1	279301	0.9255	0.8007	0.1364	92.6699	509	66254	353	7.2266	887	-6.4865	37	638	28	0.1361	0.6847	32.0214	10.6831	0.9000	0.5406	102.8193	509	63671	0.9529	0.3364
2543	2549	13	425	1082899	1082475	5091	321171	1507	40530	168	40530	168	1	280641	0.9257	0.8178	0.1363	91.4597	509	66562	353	7.8264	887	-7.2530	83	633	8	0.1360	0.5534	32.1555	10.6870	0.9002	0.5355	101.6090	509	63979	0.9547	0.3347
2549	2551	13	426	1084599	1084174	1699	321678	507	40590	61	40590	61	1	281088	0.9264	0.8833	0.1362	91.0196	509	66674	353	7.6832	887	-3.8696	23	401	31	0.1359	0.7432	32.2055	10.6878	0.9008	0.5161	101.1650	509	64092	0.9537	0.3665
2551	2557	13	426	1089707	1089282	5107	323193	1515	40763	173	40763	173	1	282430	0.9267	0.8390	0.1361	91.7466	509	66998	355	6.6097	761	6.4783	23	1202	111	0.1360	0.5490	32.3435	10.6917	0.9027	0.5461	101.8919	509	64416	0.9551	0.3383
2557	2579	13	427	1108539	1108113	18831	328779	5585	41340	577	41340	577	1	287439	0.9245	0.7597	0.1360	93.8619	449	71871	414	-6.9831	2539	8.5532	47	2995	136	0.1371	0.4077	32.8036	10.7080	0.9040	0.5681	103.2027	449	69774	0.9570	0.3300
2579	2591	13	431	1118879	1118449	10339	331847	3069	41661	321	41661	321	1	290186	0.9238	0.7697	0.1359	94.8285	449	72552	418	-7.3998	2539	7.2174	23	2424	218	0.1378	0.4754	32.6625	10.7166	0.9048	0.5536	104.1693	449	70455	0.9591	0.3285
2591	2593	13	433	1120607	1120175	1727	332358	511	41714	54	41714	54	1	290644	0.9243	0.7782	0.1358	95.3163	449	72667	419	-6.8023	2539	-8.6957	23	399	26	0.1379	0.8562	32.7048	10.7173	0.9043	0.5285	104.6526	449	70571	0.9595	0.3459
2593	2609	13	433	1134479	1134047	13871	336472	4114	42145	431	42145	431	1	294327	0.9231	0.7721	0.1357	94.2717	449	73575	422	7.4920	1069	10.5843	89	1665	48	0.1384	0.4174	32.6863	10.7288	0.9077	0.5300	103.8114	509	67236	0.9579	0.3333
2609	2617	13	436	1141447	1141012	6967	338541	2068	42357	212	42357	212	1	296184	0.9228	0.7561	0.1356	92.9018	509	70267	369	-6.6727	2539	7.9512	41	1231	68	0.1386	0.5716	32.8515	10.7342	0.9079	0.5519	103.0432	509	67686	0.9604	0.3360
2617	2621	13	437	1144939	1144503	3491	339576	1034	42473	116	42473	116	1	297103	0.9232	0.8281	0.1355	94.0824	449	74291	425	-6.4880	2539	5.2903	31	693	50	0.1386	0.6703	32.3077	10.7365	0.9081	0.5423	103.4187	449	72195	0.9572	0.3417
2621	2633	13	438	1155447	1155010	10507	342694	3119	42815	342	42815	342	1	299879	0.9229	0.8100	0.1354	95.9777	449	74988	430	-5.9441	2539	-8.5190	79	1324	25	0.1384	0.4203	32.2105	10.7449	0.9063	0.5316	105.3140	449	72892	0.9576	0.3344
2633	2647	13	440	1167767	1167328	12319	346350	3655	43217	402	43217	402	1	303133	0.9224	0.8131	0.1353	96.2539	449	75824	434	8.7980	683	-8.9310	29	2638	173	0.1382	0.4192	32.8272	10.7547	0.9067	0.5407	105.5902	449	73728	0.9576	0.3321
2647	2657	13	442	1176607	1176166	8839	348974	2623	43505	288	43505	288	1	305469	0.9223	0.8123	0.1352	95.5724	449	76426	436	7.1142	683	12.9302	43	1485	82	0.1380	0.4799	32.3545	10.7615	0.9058	0.5639	104.9087	449	74330	0.9584	0.3343
2657	2659	13	444	1178379	1177936	1771	349496	523	43548	44	43548	44	1	305948	0.9225	0.6229	0.1351	96.0958	449	76533	437	-7.1290	31	-3.6316	19	462	45	0.1382	1.0106	32.7798	10.7623	0.9084	0.5213	105.4276	449	74438	0.9596	0.3340
2659	2663	13	444	1181927	1181484	3547	350552	1055	43660	112	43660	112	1	306892	0.9228	0.7866	0.1350	98.0490	449	76768	440	-5.8409	1163	-5.6415	53	547	15	0.1381	0.6904	32.8641	10.7645	0.9064	0.5341	107.3808	449	74673	0.9606	0.3339
2663	2671	13	445	1189039	1188595	7111	352659	2107	43885	225	43885	225	1	308774	0.9227	0.7918	0.1349	98.9510	449	77239	443	-6.7442	43	-5.2389	113	748	8	0.1383	0.5155	33.0335	10.7698	0.9071	0.5448	108.2829	449	75144	0.9586	0.3312
2671	2677	13	446	1194387	1193942	5347	354248	1590	44062	177	44062	177	1	310186	0.9230	0.8260	0.1348	99.2673	449	77617	445	6.3753	397	-9.4324	37	1007	45	0.1381	0.5797	33.1425	10.7735	0.9070	0.5574	108.5991	449	75522	0.9632	0.3338
2677	2683	13	447	1199747	1199301	5359	355837	1589	44225	163	44225	163	1	311612	0.9229	0.7618	0.1347	98.6682	449	77976	446	-6.7515	1879	-8.7595	79	662	8	0.1382	0.6254	33.2674	10.7772	0.9073	0.5469	108.0000	449	75881	0.9626	0.3446
2683	2687	13	448	1203327	1202880	3579	356899	1061	44344	119	44344	119	1	312555	0.9234	0.8335	0.1346	99.5768	449	78221	448	-6.8819	1879	-4.9070	43	600	23	0.1381	0.6379	33.3584	10.7795	0.9046	0.5262	108.9087	449	76126	0.9586	0.3420
2687	2689	13	449	1205119	1204671	1791	357430	531	44399	56	44399	56	1	313031	0.9238	0.7843	0.1345	100.0557	449	78338	449	6.8358	1297	3.6712	73	231	10	0.1382	0.8423	33.3998	10.7802	0.9085	0.5277	109.3831	449	76244	0.9592	0.3401
2689	2693	13	449	1208707	1208259	3587	358494	1063	44512	113	44512	113	1	313982	0.9241	0.7912	0.1344	99.9955	449	78576	450	-6.5796	1879	6.7419	31	717	53	0.1383	0.6635	33.4855	10.7824	0.9082	0.5271	109.3229	449	76482	0.9583	0.3386
2693	2699	13	450	1214099	1213650	5391	360092	1597	44682	170	44682	170	1	315410	0.9242	0.7929	0.1343	101.4187	449	78930	453	-6.2805	1879	-6.1148	61	766	19	0.1384	0.5925	33.6141	10.7862	0.9056	0.5377	110.7461	449	76836	0.9554	0.3370
2699	2707	13	451	1221307	1220857	7207	362232	2141	44914	232	44914	232	1	317318	0.9242	0.8077	0.1342	100.3875	449	79386	454	7.2424	887	8.1910	89	837	27	0.1382	0.5151	33.7909	10.7913	0.9048	0.5518	109.7149	449	77292	0.9544	0.3396
2707	2711	13	452	1224919	1224468	3611	363302	1069	45032	118	45032	118	1	318270	0.9246	0.8234	0.1341	100.3096	449	79628	455	7.7810	1297	-6.3721	43	610	22	0.1381	0.6434	33.8819	10.7935	0.9046	0.5283	109.6370	449	77534	0.9547	0.3457
2711	2713	13	453	1226727	1226275	1807	363841	539	45085	54	45085	54	1	318756	0.9250	0.7479	0.1340	99.7929	449	79744	455	7.6144	887	5.5672	67	249	13	0.1383	0.8962	33.9218	10.7943	0.9054	0.5270	109.1158	449	77651	0.9554	0.3417
2713	2719	13	453	1232159	1231707	5431	365450	1609	45251	166	45251	166	1	320199	0.9250	0.7707	0.1339	100.2606	449	80088	457	6.4688	1297	6.7660	47	875	44	0.1383	0.6110	34.0474	10.7980	0.9032	0.5368	109.5835	449	77995	0.9544	0.3374
2719	2729	13	454	1241239	1240786	9079	368144	2694	45548	297	45548	297	1	322596	0.9249	0.8242	0.1338	98.5479	449	80697	458	6.3490	1063	7.8630	73	1173	40	0.1381	0.4479	34.2730	10.8046	0.9043	0.5261	107.8708	449	78604	0.9560	0.3347
2729	2731	13	456	1243059	1242604	1819	368681	537	45609	62	45609	62	1	323072	0.9255	0.8637	0.1337	98.9777	449	80825	459	7.4865	1297	-7.4865	37	342	11	0.1379	0.7836	34.3212	10.8053	0.9013	0.5277	108.2962	449	78733	0.9520	0.3641
2731	2741	13	456	1252179	1251724	9119	371389	2707	45902	293	45902	293	1	325487	0.9253	0.8103	0.1336	98.0554	379	87349	559	6.3107	1297	-10.4658	73	1185	22	0.1383	0.4736	34.5446	10.8119	0.9052	0.5474	106.5390	449	79352	0.9553	0.3384
2741	2749	13	458	1259499	1259042	7319	373560	2171	46146	244	46146	244	1	327414	0.9255	0.8420	0.1335	97.3219	379	87867	561	6.9630	1297	-8.6757	37	1363	65	0.1382	0.4886	34.7311	10.8170	0.9034	0.5449	106.3742	449	79838	0.9513	0.3327
2749	2753	13	459	1263167	1262709	3667	374649	1089	46268	122	46268	122	1	328381	0.9259	0.8399	0.1334	97.9866	449	82170	464	7.2837	1297	-5.0563	71	499	9	0.1381	0.6293	34.8259	10.8192	0.9045	0.5140	107.3051	449	80078	0.9540	0.3391
2753	2767	13	460	1276047	1275588	12879	378471	3821	46682	414	46682	414	1	331789	0.9255	0.8129	0.1333	100.0624	449	83051	470	10.3901	1297	-9.0690	29	2756	181	0.1381	0.4177	35.1448	10.8286	0.9067	0.5534	109.3808	449	80959	0.9568	0.3349
2767	2777	13	462	1285287	1284826	9239	381213	2741	46978	296	46978	296	1	334235	0.9253	0.8108	0.1332	97.3764	449	83654	470	8.1619	1297	-11.1321	53	1408	42	0.1382	0.4769	34.3727	10.8351	0.9050	0.5311	106.6949	449	81562	0.9516	0.3312
2777	2789	13	464	1296419	1295956	11131	384513	3300	47351	373	47351	373	1	337162	0.9253	0.8493	0.1331	96.3166	379	90521	574	11.0732	1297	-10.4138	29	2384	154	0.1380	0.4060	34.6608	10.8430	0.9050	0.5313	105.2739	449	82330	0.9526	0.3308
2789	2791	13	466	1298279	1297814	1859	385064	552	47412	62	47412	62	1	337652	0.9258	0.8446	0.1330	-96.8561	139	130233	1777	10.2236	1297	4.3158	19	491	56	0.1378	0.7539	34.7074	10.8437	0.9055	0.5070	104.7394	449	82450	0.9542	0.3300
2791	2797	13	466	1303867	1303402	5587	386724	1659	47607	195	47607	195	1	339117	0.9263	0.8845	0.1329	97.7817	449	84910	476	8.6638	1297	-6.4151	53	859	26	0.1375	0.4913	34.8556	10.8473	0.9046	0.5144	107.0958	449	82819	0.9535	0.3267
2797	2801	13	467	1307599	1307133	3731	387831	1107	47725	118	47725	118	1	340106	0.9266	0.8027	0.1328	97.6102	449	85173	477	7.9568	1297	-10.4839	31	736	37	0.1375	0.6626	34.9466	10.8494	0.9014	0.5289	106.9243	449	83082	0.9479	0.3266
2801	2803	13	468	1309467	1309000	1867	388384	553	47780	56	47780	56	1	340604	0.9270	0.7631	0.1327	97.0846	449	85291	477	8.1041	1297	-4.5172	29	399	23	0.1376	0.8619	34.9887	10.8501	0.9049	0.5234	106.3942	449	83201	0.9506	0.3263
2803	2819	13	468	1324459	1323992	14991	392830	4446	48249	469	48249	469	1	344581	0.9262	0.7955	0.1326	99.6347	449	86290	484	8.0076	397	-7.5354	127	1558	17	0.1379	0.4076	34.8782	10.8608	0.9007	0.5433	108.9443	449	84200	0.9428	0.3260
2819	2833	13	471	1337647	1337177	13187	396744	3913	48673	424	48673	424	1	348071	0.9258	0.8177	0.1325	101.5991	449	87196	490	7.0299	1303	10.3913	23	3089	279	0.1377	0.4170	35.1876	10.8700	0.9037	0.5533	110.9087	449	85106	0.9447	0.3269
2833	2837	13	473	1341427	1340955	3779	397865	1121	48789	116	48789	116	1	349076	0.9260	0.7814	0.1324	100.5523	449	87431	490	8.4842	1297	-7.5366	41	667	25	0.1378	0.6955	35.2721	10.8721	0.9048	0.5354	109.8619	449	85341	0.9440	0.3258
2837	2843	13	474	1347107	1346634	5679	399549	1684	48978	189	48978	189	1	350571	0.9263	0.8481	0.1323	100.8062	449	87823	492	8.1587	397	6.6203	79	726	25	0.1374	0.5637	35.6788	10.8756	0.9051	0.5568	110.1158	449	85733	0.9435	0.3297
2843	2851	13	475	1354699	1354225	7591	401799	2249	49192	214	49192	214	1	352607	0.9258	0.7196	0.1322	100.7082	449	88294	494	7.4179	1297	-8.1519	79	954	16	0.1377	0.6122	35.2533	10.8806	0.9066	0.5554	110.0178	449	86204	0.9434	0.3274
2851	2857	13	476	1360407	1359932	5707	403495	1695	49361	169	49361	169	1	354134	0.9258	0.7545	0.1321	99.9666	449	88685	495	8.8026	1297	6.0638	47	915	45	0.1380	0.6268	35.2215	10.8841	0.9060	0.5559	109.2762	449	86595	0.9413	0.3262
2857	2861	13	477	1364219	1363743	3811	404623	1127	49499	138	49499	138	1	355124	0.9264	0.9273	0.1321	99.7817	449	88951	496	7.2577	97	-6.8421	19	996	98	0.1377	0.5776	35.3200	10.8862	0.9095	0.5380	109.0913	449	86861	0.9418	0.3243
2861	2879	13	478	1381439	1380962	17219	409736	5112	50056	557	50056	557	1	359680	0.9258	0.8257	0.1320	99.7261	449	90086	501	7.0883	1303	12.9322	59	2539	99	0.1372	0.3628	35.1161	10.8980	0.9036	0.5257	109.0356	449	87996	0.9411	0.3253
2879	2887	13	481	1389127	1388647	7687	412016	2281	50275	219	50275	219	1	361741	0.9253	0.7281	0.1319	101.4633	449	90594	505	-6.7941	1321	-5.6238	101	890	12	0.1375	0.5986	35.2711	10.9029	0.9049	0.5448	110.7728	449	88504	0.9427	0.3273
2887	2897	13	482	1398767	1398286	9639	414873	2857	50580	305	50580	305	1	364293	0.9252	0.8101	0.1318	-102.2878	139	140271	1916	-6.9130	23	-8.2609	23	2257	188	0.1376	0.5015	35.4858	10.9091	0.9030	0.5635	108.8953	449	89150	0.9454	0.3267
2897	2903	13	484	1404567	1404084	5799	416596	1722	50770	190	50770	190	1	365826	0.9254	0.8379	0.1317	-104.7482	139	140859	1922	-6.6337	1619	-7.0943	53	877	26	0.1376	0.5576	35.6198	10.9125	0.9017	0.5358	107.2266	503	84950	0.9439	0.3297
2903	2909	13	485	1410379	1409895	5811	418321	1724	50945	175	50945	175	1	367376	0.9254	0.7714	0.1316	-104.9784	139	141431	1930	-6.7647	1619	-6.0690	29	1248	80	0.1376	0.6000	35.7432	10.9160	0.9015	0.5411	107.7793	503	85314	0.9453	0.3279
2909	2917	13	486	1418147	1417662	7767	420624	2304	51199	254	51199	254	1	369425	0.9256	0.8383	0.1315	-103.2158	139	142212	1943	6.2534	509	-9.6774	31	1545	90	0.1374	0.4801	35.9214	10.9208	0.9010	0.5271	108.3356	587	80614	0.9476	0.3252
2917	2927	13	487	1427887	1427401	9739	423512	2887	51520	321	51520	321	1	371992	0.9257	0.8461	0.1314	-104.2878	139	143190	1956	7.9057	509	-8.3014	73	1252	26	0.1373	0.4498	36.1487	10.9269	0.9032	0.5614	109.2913	587	81214	0.9456	0.3238
2927	2939	13	489	1439619	1439131	11731	426994	3483	51905	385	51905	385	1	375089	0.9256	0.8417	0.1313	101.2525	503	89722	458	6.5667	1297	8.3448	29	2518	182	0.1369	0.4170	35.5879	10.9344	0.9036	0.5583	111.8586	587	81928	0.9429	0.3225
2939	2953	13	491	1453367	1452877	13747	431070	4076	52340	435	52340	435	1	378730	0.9252	0.8132	0.1312	-102.0360	139	145744	1995	-5.7612	67	-9.4337	83	1678	31	0.1370	0.4299	35.8869	10.9433	0.8992	0.5550	110.9523	587	82781	0.9403	0.3224
2953	2957	13	493	1457307	1456815	3939	432239	1168	52452	112	52452	112	1	379787	0.9253	0.7312	0.1311	100.7356	503	90858	462	7.4788	1297	-7.4595	37	730	32	0.1371	0.7390	35.9643	10.9453	0.8998	0.5348	111.1652	587	83012	0.9412	0.3304
2957	2963	13	494	1463227	1462734	5919	433996	1757	52634	182	52634	182	1	381362	0.9254	0.7904	0.1311	-101.2374	139	146731	2010	-6.8261	857	-8.6341	41	1038	42	0.1372	0.5835	36.0891	10.9487	0.8954	0.5350	111.9353	587	83373	0.9372	0.3249
2963	2969	13	495	1469159	1468665	5931	435756	1759	52818	184	52818	184	1	382938	0.9255	0.7987	0.1310	-102.5252	139	147307	2017	-6.4118	17	-4.9412	17	1759	202	0.1372	0.5669	37.1261	10.9520	0.8975	0.5231	110.7462	587	83722	0.9414	0.3228
2969	2971	13	496	1471139	1470644	1979	436342	586	52877	60	52877	60	1	383465	0.9259	0.7823	0.1309	-102.4748	139	147512	2020	-6.4382	89	-7.2903	31	392	18	0.1374	0.8541	38.0153	10.9527	0.9005	0.5391	110.2828	587	83858	0.9432	0.3225
2971	2999	13	496	1498999	1498504	27859	444609	8267	53751	874	53751	874	1	390858	0.9243	0.8083	0.1308	104.1925	587	88874	407	-6.7296	1583	-14.9672	61	3964	115	0.1372	0.3248	38.4196	10.9708	0.8941	0.5459	115.4361	587	85574	0.9423	0.3202
2999	3001	13	501	1500999	1500499	1999	445199	591	53804	54	53804	54	1	391395	0.9246	0.6991	0.1307	104.7905	587	88992	408	-6.4750	1583	-5.5294	17	591	64	0.1373	0.9185	36.8927	10.9715	0.8958	0.5328	116.0307	587	85693	0.9430	0.3202
3001	3011	13	501	1511019	1510519	10019	448171	2971	54102	298	54102	298	1	394069	0.9242	0.7679	0.1306	103.7121	587	89602	409	-6.2299	1583	-8.2388	67	1348	32	0.1375	0.5565	37.1004	10.9775	0.8933	0.5723	114.9523	587	86303	0.9485	0.3237
3011	3019	13	503	1519059	1518557	8039	450557	2386	54356	254	54356	254	1	396201	0.9242	0.8155	0.1305	103.0020	503	94815	480	-7.8696	23	-7.3364	107	874	9	0.1374	0.5167	37.2760	10.9821	0.8922	0.5435	113.2726	587	86796	0.9458	0.3221
3019	3023	13	504	1523087	1522584	4027	451752	1194	54480	124	54480	124	1	397272	0.9245	0.7961	0.1304	-104.2950	139	152712	2093	-7.7826	23	5.4634	41	708	40	0.1374	0.6723	37.3624	10.9841	0.8921	0.5413	113.9841	503	92556	0.9490	0.3225
3023	3037	13	505	1537227	1536723	14139	455948	4195	54909	429	54909	429	1	401039	0.9238	0.7845	0.1304	106.3260	503	95991	488	-5.7771	1741	9.6216	37	2634	152	0.1379	0.4508	37.6613	10.9927	0.8922	0.5587	116.3738	503	93464	0.9469	0.3269
3037	3041	13	507	1541279	1540773	4051	457152	1203	55023	114	55023	114	1	402129	0.9239	0.7274	0.1303	-105.3813	139	154525	2118	6.3969	257	5.3316	193	354	9	0.1381	0.7410	37.7415	10.9947	0.8899	0.5316	115.6559	587	88151	0.9449	0.3338
3041	3049	13	508	1549399	1548892	8119	459558	2407	55286	263	55286	263	1	404272	0.9241	0.8393	0.1302	106.7598	587	91936	420	7.3264	239	9.3256	43	1369	73	0.1380	0.4735	37.9232	10.9992	0.8916	0.5235	118.0000	587	88637	0.9433	0.3248
3049	3061	13	509	1561619	1561111	12219	463186	3628	55680	394	55680	394	1	407506	0.9240	0.8347	0.1301	-108.5899	139	156555	2144	6.6122	887	10.8525	61	1743	68	0.1377	0.4252	38.1995	11.0065	0.8907	0.5547	116.3254	587	89422	0.9443	0.3281
3061	3067	13	511	1567747	1567237	6127	465004	1817	55869	189	55869	189	1	409135	0.9241	0.8000	0.1300	-107.3094	139	157161	2154	7.2918	257	9.4110	73	788	31	0.1377	0.6133	37.3325	11.0097	0.8932	0.5501	115.0647	587	89792	0.9460	0.3259
3067	3079	13	512	1580039	1579528	12291	468651	3646	56246	377	56246	377	1	412405	0.9237	0.7958	0.1299	-109.5180	139	158357	2169	6.8991	109	10.2623	61	1761	68	0.1377	0.4700	37.5958	11.0169	0.8861	0.5620	117.5109	503	96196	0.9439	0.3224
3079	3083	13	514	1584147	1583634	4107	469870	1219	56355	109	56355	109	1	413515	0.9237	0.6886	0.1298	108.1283	421	106486	614	6.4789	2063	6.1739	23	964	90	0.1379	0.7978	36.8226	11.0188	0.8878	0.5326	116.9929	421	104620	0.9448	0.3399
3083	3089	13	515	1590319	1589805	6171	471697	1827	56532	177	56532	177	1	415165	0.9236	0.7466	0.1298	-110.2086	139	159378	2183	7.2062	257	6.7586	29	1323	98	0.1380	0.6355	36.9383	11.0221	0.8848	0.5430	117.0831	421	105022	0.9435	0.3284
3089	3109	13	516	1610979	1610464	20659	477830	6132	57198	666	57198	666	1	420632	0.9231	0.8375	0.1297	-112.2662	139	161467	2211	7.5930	887	-8.7761	67	2840	76	0.1378	0.3551	37.3760	11.0343	0.8881	0.5464	117.7416	449	103328	0.9454	0.3247
3109	3119	13	519	1621359	1620841	10379	480910	3079	57529	331	57529	331	1	423381	0.9231	0.8295	0.1296	-113.2446	139	162508	2225	-8.4241	1877	9.2069	29	2230	163	0.1376	0.4599	37.5187	11.0401	0.8841	0.5496	117.5390	449	104047	0.9451	0.3227
3119	3121	13	521	1623439	1622919	2079	481523	614	57596	68	57596	68	1	423927	0.9235	0.8551	0.1295	-111.2518	139	162717	2230	-8.0773	1877	-3.5075	67	285	5	0.1374	0.7388	37.5624	11.0407	0.8835	0.5077	116.9287	449	104184	0.9456	0.3228
3121	3137	13	521	1640127	1639607	16687	486478	4954	58129	533	58129	533	1	428349	0.9232	0.8313	0.1294	-117.2518	139	164385	2248	-8.3570	1877	12.3770	61	2398	91	0.1372	0.4014	37.9126	11.0503	0.8838	0.5738	118.4418	421	108525	0.9491	0.3235
3137	3163	13	524	1667427	1666904	27299	494576	8098	58922	793	58922	793	1	435654	0.9211	0.7571	0.1293	110.7553	421	112248	644	6.3539	1297	14.9701	67	3753	127	0.1379	0.3949	37.4415	11.0662	0.8896	0.5665	119.6152	421	110383	0.9599	0.3295
3163	3167	13	528	1671647	1671120	4219	495825	1250	59057	135	59057	135	1	436768	0.9214	0.8355	0.1293	110.3397	421	112546	645	7.9176	2003	6.4554	101	482	16	0.1377	0.6478	37.5308	11.0681	0.8904	0.5394	119.1995	421	110681	0.9604	0.3349
3167	3169	13	529	1673759	1673231	2111	496452	628	59127	71	59127	71	1	437325	0.9219	0.8752	0.1292	109.6746	421	112686	645	7.2916	2003	4.1176	17	628	78	0.1377	0.7357	37.7338	11.0687	0.8913	0.5109	118.5297	421	110822	0.9586	0.3312
3169	3181	13	529	1686459	1685931	12699	500221	3768	59514	387	59514	387	1	440707	0.9216	0.7955	0.1291	112.8307	449	110492	605	-6.7506	2081	-8.5725	131	1282	11	0.1378	0.4642	38.1025	11.0757	0.8936	0.5501	122.3380	503	103030	0.9626	0.3279
3181	3187	13	531	1692827	1692297	6367	502109	1888	59723	209	59723	209	1	442386	0.9219	0.8580	0.1290	112.9866	449	110906	607	-6.5651	2081	-7.4390	41	1116	47	0.1375	0.5247	37.7653	11.0788	0.8943	0.5265	122.2784	449	108820	0.9619	0.3323
3187	3191	13	532	1697079	1696548	4251	503370	1260	59846	123	59846	123	1	443524	0.9221	0.7571	0.1289	113.3112	421	114236	656	-6.3559	1877	5.7419	31	841	60	0.1375	0.6897	37.5578	11.0807	0.8952	0.5197	122.1663	421	112372	0.9623	0.3302
3191	3203	13	533	1709867	1709335	12787	507165	3795	60243	397	60243	397	1	446922	0.9218	0.8118	0.1289	114.8597	449	112057	614	-6.3996	1877	8.9367	79	1622	50	0.1373	0.4335	37.8697	11.0876	0.8948	0.5471	124.1514	449	109971	0.9587	0.3280
3203	3209	13	535	1716279	1715745	6411	509066	1901	60460	217	60460	217	1	448606	0.9222	0.8864	0.1288	115.9176	449	112493	617	-8.2593	509	6.8224	107	705	20	0.1372	0.5177	38.5225	11.0907	0.8954	0.5308	125.2094	449	110407	0.9575	0.3256
3209	3217	13	536	1724847	1724312	8567	511609	2543	60699	239	60699	239	1	450910	0.9219	0.7303	0.1287	119.4365	449	113050	623	-6.6953	2081	8.7021	47	1370	67	0.1374	0.5833	39.1001	11.0950	0.8958	0.5531	128.7283	449	110964	0.9570	0.3260
3217	3221	13	537	1729139	1728603	4291	512882	1273	60827	128	60827	128	1	452055	0.9221	0.7818	0.1286	121.1403	449	113341	626	-6.9188	2081	4.9730	37	796	48	0.1375	0.7123	38.8938	11.0969	0.8984	0.5453	130.4321	449	111255	0.9585	0.3281
3221	3229	13	538	1737739	1737202	8599	515431	2548	61073	246	61073	246	1	454358	0.9218	0.7511	0.1285	121.5746	449	113917	629	-6.5349	43	10.9672	61	1221	51	0.1377	0.5786	38.4700	11.1012	0.8949	0.5627	130.8664	449	111831	0.9558	0.3321
3229	3251	13	539	1761499	1760961	23759	522484	7052	61792	719	61792	719	1	460692	0.9206	0.7937	0.1285	122.4699	449	115512	637	8.4179	457	-9.6207	29	5084	341	0.1379	0.3650	38.2731	11.1142	0.8932	0.5403	131.7617	449	113426	0.9554	0.3261
3251	3253	13	543	1763667	1763125	2167	523126	643	61853	62	61853	62	1	461273	0.9210	0.7511	0.1284	123.7884	449	115665	639	6.6083	457	4.8028	71	291	13	0.1381	0.9051	38.3109	11.1148	0.8944	0.5277	133.0757	449	113580	0.9545	0.3259
3253	3257	13	543	1768007	1767465	4339	524414	1287	61978	125	61978	125	1	462436	0.9211	0.7570	0.1283	125.4833	449	115958	642	-7.0019	2081	-4.9823	113	451	3	0.1382	0.7163	38.3890	11.1167	0.8948	0.5348	134.7706	449	113873	0.9560	0.3327
3257	3259	13	544	1770179	1769636	2171	525056	642	62052	75	62052	75	1	463004	0.9217	0.9111	0.1282	124.7706	449	116118	642	7.1619	457	5.2069	29	461	37	0.1380	0.7235	38.4348	11.1173	0.8973	0.5094	134.0535	449	114034	0.9584	0.3297
3259	3271	13	544	1783239	1782696	13059	528930	3874	62464	412	62464	412	1	466466	0.9216	0.8299	0.1281	125.9443	449	116977	647	7.3652	397	-7.0141	71	1740	42	0.1381	0.4183	38.6900	11.1240	0.8984	0.5282	135.2272	449	114893	0.9553	0.3237
3271	3299	13	546	1813899	1813354	30659	538029	9098	63392	928	63392	928	1	474637	0.9200	0.7965	0.1281	124.7416	449	119043	655	9.3485	1297	12.5738	61	4344	155	0.1383	0.3531	38.7600	11.1405	0.8970	0.5798	134.0245	449	116959	0.9581	0.3245
3299	3301	13	551	1816099	1815549	2199	538680	651	63467	76	63467	76	1	475213	0.9205	0.9121	0.1280	125.0646	449	119195	656	8.3446	1297	5.2658	79	266	12	0.1381	0.7430	38.3193	11.1411	0.8956	0.5217	134.3430	449	117112	0.9555	0.3369
3301	3307	13	551	1822707	1822157	6607	540642	1962	63661	194	63661	194	1	476981	0.9206	0.7730	0.1279	124.1269	449	119630	657	-9.0703	1877	-7.8235	17	1962	223	0.1383	0.6331	38.5707	11.1441	0.8976	0.5542	133.4053	449	117547	0.9565	0.3276
3307	3313	13	552	1829327	1828776	6619	542605	1963	63843	182	63843	182	1	478762	0.9204	0.7253	0.1278	125.1759	449	120068	660	-8.1620	1877	-5.7978	89	792	12	0.1384	0.6653	38.5559	11.1471	0.8965	0.5597	134.4543	449	117985	0.9573	0.3352
3313	3319	13	553	1835959	1835407	6631	544572	1966	64024	181	64024	181	1	480548	0.9202	0.7206	0.1278	127.2472	449	120501	664	-7.2579	1877	7.0492	61	944	38	0.1387	0.6705	38.6686	11.1501	0.8966	0.5533	136.5256	449	118418	0.9563	0.3349
3319	3323	13	554	1840387	1839834	4427	545886	1314	64141	117	64141	117	1	481745	0.9203	0.6974	0.1277	126.0490	449	120770	664	-7.6580	1877	7.1325	83	534	20	0.1389	0.7961	38.7411	11.1519	0.9016	0.5374	135.3274	449	118687	0.9596	0.3311
3323	3329	13	555	1847039	1846485	6651	547858	1971	64358	217	64358	217	1	483500	0.9206	0.8628	0.1276	124.0267	449	121224	664	-7.7592	1877	-10.0690	29	1422	88	0.1389	0.5181	38.8774	11.1549	0.9004	0.5316	133.3051	449	119141	0.9578	0.3294
3329	3331	13	556	1849259	1848704	2219	548517	660	64422	65	64422	65	1	484095	0.9210	0.7723	0.1275	123.3452	449	121377	664	7.3711	97	6.0189	53	344	19	0.1389	0.8821	38.9189	11.1555	0.8976	0.5304	132.6192	449	119295	0.9557	0.3310
3331	3343	13	556	1862607	1862052	13347	552479	3961	64843	421	64843	421	1	487636	0.9209	0.8339	0.1274	122.3140	449	122282	667	-6.9745	2081	-9.9130	23	3127	262	0.1388	0.4175	39.1827	11.1621	0.9033	0.5376	131.5880	449	120200	0.9591	0.3299
3343	3347	13	558	1867067	1866510	4459	553798	1319	64976	133	64976	133	1	488822	0.9211	0.7916	0.1274	122.9599	449	122586	669	9.0324	1297	5.8209	67	609	24	0.1389	0.7013	39.2676	11.1639	0.9020	0.5467	132.2339	449	120504	0.9586	0.3307
3347	3359	13	559	1880479	1879921	13411	557780	3982	65380	404	65380	404	1	492400	0.9208	0.7970	0.1273	121.9465	449	123487	672	-6.6087	23	-8.1124	89	1607	28	0.1390	0.4604	39.5234	11.1705	0.9033	0.5448	131.2205	449	121405	0.9587	0.3306
3359	3361	13	561	1882719	1882159	2239	558442	662	65445	66	65445	66	1	492997	0.9212	0.7837	0.1272	122.3140	449	123629	673	7.7320	97	5.3832	107	247	10	0.1391	0.8430	39.5649	11.1711	0.9020	0.5162	131.5835	449	121548	0.9564	0.3578
3361	3371	13	561	1893939	1893379	11219	561774	3331	65758	313	65758	313	1	496016	0.9206	0.7390	0.1271	123.0134	449	124370	677	-7.0588	17	8.2683	41	1983	105	0.1395	0.5470	39.7612	11.1764	0.9056	0.5712	132.2829	449	122289	0.9630	0.3346
3371	3373	13	563	1896187	1895625	2247	562437	664	65827	70	65827	70	1	496610	0.9211	0.8296	0.1271	123.3942	449	124509	678	5.8050	2267	4.6087	23	522	50	0.1396	0.7939	39.8040	11.1770	0.9038	0.5126	132.6592	449	122429	0.9571	0.3324
3373	3389	13	563	1914219	1913657	18031	567787	5349	66366	539	66366	539	1	501421	0.9204	0.7935	0.1270	-124.9262	149	189001	2412	-6.6661	2531	-6.8121	149	1774	17	0.1397	0.4141	39.7080	11.1859	0.9036	0.5461	132.3229	449	123627	0.9570	0.3292
3389	3391	13	566	1916479	1915914	2259	568457	670	66430	65	66430	65	1	502027	0.9207	0.7644	0.1269	-125.0134	149	189231	2415	-6.1956	2531	-5.1739	23	531	41	0.1397	0.8567	39.7475	11.1865	0.9032	0.5198	132.6414	449	123780	0.9592	0.3437
3391	3407	13	566	1934607	1934042	18127	573835	5378	66984	554	66984	554	1	506851	0.9203	0.8121	0.1268	-122.7987	149	191003	2441	7.6338	71	-9.7108	83	2229	44	0.1397	0.4117	40.0808	11.1953	0.9078	0.5544	131.1849	449	125005	0.9605	0.3278
3407	3413	13	569	1941427	1940859	6819	575858	2023	67169	185	67169	185	1	508689	0.9201	0.7214	0.1268	120.8842	449	127542	689	7.0154	1297	6.6047	43	1148	60	0.1400	0.6541	40.1920	11.1982	0.9075	0.5457	130.1448	449	125463	0.9594	0.3280
3413	3433	13	570	1964247	1963678	22819	582629	6771	67862	693	67862	693	1	514767	0.9193	0.8078	0.1267	-130.3289	149	193948	2473	-7.2217	2161	-13.9718	71	3052	72	0.1399	0.3748	39.7668	11.2093	0.9072	0.5557	134.4583	563	116412	0.9613	0.3294
3433	3449	13	573	1982599	1982027	18351	588071	5443	68380	518	68380	518	1	519691	0.9183	0.7516	0.1266	-132.4899	149	195748	2495	-7.0234	683	-10.2881	59	2693	81	0.1402	0.4523	40.0709	11.2181	0.9049	0.5656	136.8820	449	128216	0.9616	0.3320
3449	3457	13	576	1991807	1991232	9207	590805	2733	68660	280	68660	280	1	522145	0.9183	0.8096	0.1265	-131.5302	149	196645	2508	-6.7885	2161	-7.6871	163	871	3	0.1404	0.5279	39.8144	11.2221	0.9087	0.5516	135.1381	449	128832	0.9625	0.3320
3457	3461	13	577	1996419	1995843	4611	592174	1368	68805	145	68805	145	1	523369	0.9187	0.8381	0.1265	-132.7584	149	197109	2513	-7.0555	2161	-5.4932	73	602	11	0.1402	0.6098	39.8991	11.2239	0.9065	0.5107	135.7795	449	129137	0.9613	0.3377
3461	3463	13	578	1998727	1998150	2307	592858	685	68872	68	68872	68	1	523986	0.9190	0.7853	0.1264	-134.7785	149	197334	2514	-6.7439	617	6.0704	71	317	15	0.1403	0.8264	39.9380	11.2244	0.9064	0.5101	138.0935	449	129291	0.9598	0.3347
3463	3467	13	578	2003347	2002770	4619	594228	1369	69020	148	69020	148	1	525208	0.9194	0.8558	0.1263	-134.9262	149	197792	2520	7.6885	1297	-6.3115	61	650	15	0.1404	0.6027	40.0244	11.2262	0.9079	0.5288	137.6771	449	129609	0.9602	0.3379
3467	3469	13	579	2005659	2005081	2311	594914	686	69081	62	69081	62	1	525833	0.9197	0.7158	0.1263	-134.1342	149	198031	2524	6.6307	1297	-5.5472	53	359	8	0.1404	0.9234	40.0597	11.2267	0.9066	0.5230	137.0089	449	129759	0.9583	0.3359
3469	3491	13	579	2031179	2030601	25519	602486	7572	69838	757	69838	757	1	532648	0.9186	0.7923	0.1262	-137.7584	149	200536	2554	-6.6047	43	-9.3178	107	2799	43	0.1408	0.3793	40.4999	11.2388	0.9112	0.5537	136.3519	449	131478	0.9588	0.3302
3491	3499	13	583	2040499	2039917	9319	605251	2764	70129	291	70129	291	1	535122	0.9188	0.8348	0.1261	-138.9597	149	201445	2565	6.7201	3323	6.4348	23	2180	196	0.1407	0.5136	40.6703	11.2428	0.9086	0.5396	-135.1611	149	201162	0.9587	0.3298
3499	3511	13	584	2054519	2053936	14019	609410	4158	70545	416	70545	416	1	538865	0.9184	0.7938	0.1260	-133.7383	149	202844	2589	6.2170	3323	-7.8554	83	1737	34	0.1407	0.4621	40.9174	11.2491	0.9078	0.5601	131.3552	563	122071	0.9648	0.3351
3511	3517	13	586	2061547	2060962	7027	611495	2085	70751	206	70751	206	1	540744	0.9185	0.7843	0.1260	-135.8523	149	203523	2596	-7.5882	17	5.7746	71	931	32	0.1408	0.5802	40.3025	11.2519	0.9104	0.5309	133.2695	449	133517	0.9638	0.3333
3517	3527	13	587	2073287	2072701	11739	614979	3484	71105	354	71105	354	1	543874	0.9184	0.8071	0.1259	-134.1210	157	199478	2407	6.2453	53	7.1176	17	3484	417	0.1408	0.4651	40.2462	11.2570	0.9051	0.5288	133.2309	563	123232	0.9616	0.3360
3527	3529	13	589	2075639	2075051	2351	615677	698	71177	73	71177	73	1	544500	0.9188	0.8312	0.1258	-133.4698	149	204910	2617	-6.1156	1601	-4.0602	83	293	3	0.1407	0.8226	40.2891	11.2576	0.9069	0.5336	132.6874	563	123385	0.9643	0.3477
3529	3533	13	589	2080347	2079759	4707	617072	1394	71320	143	71320	143	1	545752	0.9191	0.8157	0.1258	-133.6711	149	205372	2623	-5.8582	1601	-5.0870	23	1105	91	0.1408	0.6635	40.4194	11.2593	0.9087	0.5332	134.6615	449	134776	0.9652	0.3376
3533	3539	13	590	2087419	2086830	7071	619171	2098	71522	202	71522	202	1	547649	0.9191	0.7661	0.1257	-135.5436	149	206033	2630	6.6109	2357	8.4138	29	1502	112	0.1408	0.6273	40.5339	11.2621	0.9063	0.5520	134.6080	449	135237	0.9607	0.3378
3539	3541	13	591	2089779	2089189	2359	619870	700	71572	51	71572	51	1	548298	0.9192	0.5800	0.1256	-132.8280	157	201025	2428	6.0178	2357	-4.8113	53	366	9	0.1410	1.0996	40.5628	11.2627	0.9061	0.5290	135.6083	577	122437	0.9614	0.3407
3541	3547	13	591	2096867	2096277	7087	621974	2103	71769	197	71769	197	1	550205	0.9191	0.7462	0.1255	-133.4013	157	201698	2436	6.0131	457	-6.7595	79	899	16	0.1411	0.6279	40.6325	11.2655	0.9088	0.5404	136.1075	577	122870	0.9680	0.3447
3547	3557	13	592	2108707	2108116	11839	625486	3511	72126	357	72126	357	1	553360	0.9190	0.8104	0.1255	-136.8658	149	208143	2657	5.4001	2647	-8.0169	59	1741	51	0.1412	0.4803	40.8496	11.2706	0.9084	0.5538	135.5078	577	123620	0.9647	0.3402
3557	3559	13	594	2111079	2110486	2371	626190	704	72180	55	72180	55	1	554010	0.9192	0.6230	0.1254	-136.8993	149	208369	2660	6.8660	97	4.2105	19	625	70	0.1413	1.0029	40.8822	11.2712	0.9087	0.5197	136.0468	577	123753	0.9647	0.3394
3559	3571	13	594	2125339	2124746	14259	630420	4230	72610	430	72610	430	1	557810	0.9190	0.8111	0.1253	-135.7315	149	209772	2680	-5.9817	1697	12.6452	31	2842	196	0.1412	0.4447	41.1427	11.2773	0.9089	0.5539	137.0243	577	124625	0.9616	0.3354
3571	3581	13	596	2137259	2136664	11919	633955	3535	72975	365	72975	365	1	560980	0.9190	0.8243	0.1253	-138.4094	149	210940	2693	6.0011	2647	9.7711	83	1462	45	0.1410	0.4672	41.3652	11.2824	0.9094	0.5501	137.4627	577	125364	0.9622	0.3342
3581	3583	13	598	2139647	2139050	2387	634662	708	73045	71	73045	71	1	561617	0.9194	0.8011	0.1252	-139.7383	149	211188	2695	6.4669	2647	-4.3243	37	450	20	0.1410	0.8019	41.4091	11.2829	0.9089	0.5173	136.9428	577	125514	0.9614	0.3354
3583	3593	13	598	2151607	2151010	11959	638212	3549	73381	336	73381	336	1	564831	0.9190	0.7567	0.1251	-134.8188	149	212386	2716	6.1573	89	-7.7674	43	2016	86	0.1411	0.5576	41.4756	11.2879	0.9049	0.5702	139.4402	577	126236	0.9597	0.3352
3593	3607	13	600	2168407	2167808	16799	643196	4984	73854	473	73854	473	1	569342	0.9182	0.7589	0.1250	-135.6980	149	214016	2737	-7.8691	2207	9.3051	59	2469	93	0.1414	0.4517	40.9080	11.2952	0.9067	0.5478	139.9463	577	127244	0.9609	0.3376
3607	3613	13	602	2175627	2175026	7219	645338	2141	74069	215	74069	215	1	571269	0.9184	0.8035	0.1250	-138.1611	149	214721	2744	-7.8101	2207	-12.4098	61	1019	21	0.1413	0.5886	40.8700	11.2979	0.9053	0.5372	140.4419	577	127678	0.9593	0.3408
3613	3617	13	603	2180447	2179845	4819	646766	1428	74200	131	74200	131	1	572566	0.9185	0.7344	0.1249	-135.7248	149	215210	2753	6.3287	1223	7.6418	67	682	28	0.1414	0.7719	41.0739	11.2996	0.9051	0.5539	140.3813	577	127984	0.9577	0.3376
3617	3623	13	604	2187687	2187084	7239	648917	2150	74404	204	74404	204	1	574513	0.9184	0.7600	0.1248	-136.2685	149	215921	2762	5.6533	2221	7.2903	31	1437	100	0.1416	0.6410	41.1879	11.3023	0.9079	0.5606	139.7903	577	128443	0.9616	0.3448
3623	3631	13	605	2197359	2196755	9671	651782	2865	74677	273	74677	273	1	577105	0.9183	0.7637	0.1248	-138.0067	149	216870	2773	-6.6957	23	-10.4348	23	2259	186	0.1418	0.5591	41.3402	11.3062	0.9089	0.5474	139.7002	577	129046	0.9620	0.3420
3631	3637	13	606	2204627	2204022	7267	653940	2158	74902	225	74902	225	1	579038	0.9185	0.8361	0.1247	-142.5772	149	217583	2778	-7.3478	23	11.3171	41	1285	74	0.1418	0.5493	41.4647	11.3090	0.9058	0.5245	140.1196	577	129502	0.9551	0.3378
3637	3643	13	607	2211907	2211301	7279	656101	2161	75105	203	75105	203	1	580996	0.9185	0.7537	0.1246	-141.2282	149	218302	2789	-6.7440	2707	-6.8356	73	943	19	0.1419	0.6427	41.4657	11.3117	0.9072	0.5665	139.5182	577	129964	0.9557	0.3377
3643	3659	13	608	2231379	2230772	19471	661878	5777	75695	590	75695	590	1	586183	0.9181	0.8199	0.1246	-139.9866	149	220221	2816	7.2749	211	-10.9518	83	2405	47	0.1417	0.4004	41.7858	11.3199	0.9052	0.5549	144.2043	563	133092	0.9570	0.3357
3659	3671	13	611	2246039	2245429	14659	666225	4346	76133	438	76133	438	1	590092	0.9179	0.8095	0.1245	-143.5570	149	221679	2832	-7.8785	683	7.9007	151	1442	27	0.1416	0.4534	41.8664	11.3259	0.9024	0.5410	143.9112	563	134019	0.9533	0.3344
3671	3673	13	613	2248487	2247875	2447	666953	729	76213	81	76213	81	1	590740	0.9183	0.8930	0.1244	-143.8456	149	221924	2835	-10.0102	683	-5.7647	17	729	80	0.1416	0.7494	41.6578	11.3265	0.9040	0.5248	143.3037	563	134190	0.9536	0.3339
3673	3677	13	613	2253387	2252775	4899	668406	1452	76350	137	76350	137	1	592056	0.9185	0.7587	0.1244	-141.9933	149	222382	2843	-6.5624	3371	7.7826	23	1141	107	0.1416	0.7048	41.7327	11.3281	0.9026	0.5185	143.2700	563	134481	0.9514	0.3332
3677	3691	13	614	2270579	2269966	17191	673505	5098	76857	507	76857	507	1	596648	0.9181	0.8001	0.1243	-138.7181	149	224075	2869	-6.9412	1871	-9.2335	167	1606	10	0.1416	0.4383	42.0115	11.3352	0.9015	0.5555	144.3481	563	135585	0.9578	0.3377
3691	3697	13	616	2277967	2277352	7387	675698	2192	77062	205	77062	205	1	598636	0.9181	0.7528	0.1242	-140.3691	149	224794	2877	7.9030	2887	7.1277	47	1172	57	0.1418	0.6266	42.1241	11.3379	0.9019	0.5333	143.7282	563	136041	0.9550	0.3400
3697	3701	13	617	2282899	2282283	4931	677160	1461	77214	152	77214	152	1	599946	0.9184	0.8379	0.1242	-141.6644	149	225263	2882	6.8902	2887	-6.8824	17	1461	165	0.1417	0.6177	42.2072	11.3395	0.9032	0.5198	143.6448	563	136346	0.9554	0.3367
3701	3709	13	618	2292779	2292162	9879	680096	2935	77500	286	77500	286	1	602596	0.9183	0.7852	0.1241	-144.4698	149	226217	2892	-6.5251	617	9.0690	29	2116	155	0.1416	0.5628	42.3646	11.3433	0.9037	0.5430	144.4423	563	136966	0.9564	0.3394
3709	3719	13	619	2305159	2304541	12379	683764	3667	77859	359	77859	359	1	605905	0.9181	0.7893	0.1240	-142.6174	149	227420	2910	6.9823	113	-7.3575	179	1106	5	0.1416	0.4994	41.5630	11.3481	0.9073	0.5540	143.7496	563	137724	0.9590	0.3407
3719	3727	13	621	2315087	2314467	9927	686713	2949	78164	305	78164	305	1	608549	0.9182	0.8343	0.1240	-141.8926	149	228409	2924	5.8879	2837	11.5738	61	1416	58	0.1415	0.5161	42.0350	11.3519	0.9058	0.5534	146.3553	577	136358	0.9579	0.3375
3727	3733	13	622	2322547	2321926	7459	688924	2211	78372	208	78372	208	1	610552	0.9182	0.7593	0.1239	-142.7261	157	223311	2702	-6.6369	1873	-6.8761	113	784	7	0.1416	0.6304	42.1468	11.3546	0.9047	0.5504	147.7886	577	136810	0.9562	0.3373
3733	3739	13	623	2330019	2329397	7471	691142	2217	78591	219	78591	219	1	612551	0.9183	0.7977	0.1238	-142.5973	149	229877	2943	-8.3043	23	6.5660	53	1151	50	0.1416	0.5880	42.2646	11.3572	0.9027	0.5366	147.1872	577	137272	0.9551	0.3360
3739	3761	13	624	2357519	2356896	27499	699298	8156	79412	821	79412	821	1	619886	0.9176	0.8134	0.1238	-141.3893	149	232618	2981	-5.7144	1873	-9.4595	37	5133	268	0.1419	0.3511	42.7077	11.3684	0.9070	0.5358	147.2808	577	138976	0.9619	0.3326
3761	3767	13	628	2365047	2364420	7527	701532	2234	79628	216	79628	216	1	621904	0.9176	0.7817	0.1237	-140.8662	157	227404	2756	6.2236	1297	-6.0282	71	995	22	0.1421	0.5983	42.8250	11.3711	0.9089	0.5408	146.7244	577	139425	0.9615	0.3358
3767	3769	13	629	2367559	2366931	2511	702276	744	79705	78	79705	78	1	622571	0.9180	0.8480	0.1236	-142.9490	157	227646	2757	7.0825	97	-5.1724	29	539	32	0.1420	0.7865	42.8664	11.3716	0.9094	0.5222	146.1629	577	139587	0.9601	0.3342
3769	3779	13	629	2380139	2379511	12579	706010	3734	80110	405	80110	405	1	625900	0.9183	0.8778	0.1236	-143.1720	157	228841	2772	6.9621	211	-6.9324	281	974	0	0.1418	0.4041	42.5325	11.3764	0.9089	0.5173	145.4246	577	140377	0.9537	0.3303
3779	3793	13	631	2397807	2397177	17667	711250	5240	80632	522	80632	522	1	630618	0.9180	0.8066	0.1235	-147.6879	157	230530	2789	-6.4895	2707	-8.7561	41	3111	143	0.1420	0.4108	43.9953	11.3833	0.9125	0.5320	151.6568	577	141464	0.9579	0.3306
3793	3797	13	633	2402867	2402235	5059	712753	1503	80772	140	80772	140	1	631981	0.9181	0.7546	0.1234	-147.8408	157	231013	2795	-6.5999	2707	7.8387	31	1010	73	0.1421	0.6911	44.7929	11.3848	0.9116	0.5211	152.5685	577	141778	0.9553	0.3298
3797	3803	13	634	2410467	2409834	7599	715005	2253	80966	194	80966	194	1	634039	0.9179	0.6980	0.1234	-146.8981	157	231724	2805	-7.2638	2707	9.1695	59	1116	47	0.1423	0.7133	45.4982	11.3875	0.9127	0.5676	154.9983	577	142231	0.9565	0.3306
3803	3821	13	635	2433339	2432705	22871	721791	6785	81633	667	81633	667	1	640158	0.9172	0.7973	0.1233	-144.2675	157	233951	2836	-7.5817	3299	-14.9104	67	3146	79	0.1425	0.4052	46.5564	11.3964	0.9108	0.5625	154.0312	577	143664	0.9605	0.3307
3821	3823	13	638	2435887	2435250	2547	722547	756	81702	70	81702	70	1	640845	0.9175	0.7513	0.1232	143.4055	577	147018	653	-7.8360	2707	-7.4211	19	669	63	0.1425	0.9002	43.2411	11.3969	0.9115	0.5254	154.4939	577	143819	0.9601	0.3306
3823	3833	13	638	2448647	2448010	12759	726335	3787	82059	357	82059	357	1	644276	0.9172	0.7653	0.1232	-146.6115	157	235391	2852	-7.6347	2707	-8.1801	211	1074	2	0.1426	0.5260	43.2697	11.4016	0.9076	0.5523	152.8284	577	144588	0.9546	0.3297
3833	3847	13	640	2466567	2465928	17919	731650	5315	82563	504	82563	504	1	649087	0.9166	0.7703	0.1231	-145.4204	157	237103	2875	-7.5615	2707	10.7324	71	2388	78	0.1428	0.4608	43.5376	11.4084	0.9104	0.5620	153.9497	577	145707	0.9610	0.3324
3847	3851	13	642	2471699	2471058	5131	733171	1521	82713	150	82713	150	1	650458	0.9169	0.8015	0.1230	-146.5101	149	243802	3126	-6.6853	2707	7.6747	83	636	23	0.1428	0.6878	43.6172	11.4099	0.9113	0.5260	152.8787	577	146016	0.9624	0.3326
3851	3853	13	643	2474267	2473625	2567	733933	762	82802	90	82802	90	1	651131	0.9174	0.9604	0.1230	-147.9866	149	244061	3128	-5.3955	397	5.0000	41	451	27	0.1427	0.6575	43.6646	11.4105	0.9118	0.5080	153.3033	577	146182	0.9622	0.3419
3853	3863	13	643	2487127	2486485	12859	737748	3815	83155	353	83155	353	1	654593	0.9170	0.7528	0.1229	-147.9128	149	245322	3145	-5.8824	17	-10.5581	43	2162	90	0.1429	0.5333	43.5279	11.4151	0.9058	0.5721	154.5130	577	146987	0.9562	0.3332
3863	3877	13	645	2505187	2504543	18059	743106	5357	83719	564	83719	564	1	659387	0.9170	0.8570	0.1229	-147.8591	149	247106	3169	7.2268	97	10.3871	31	3590	242	0.1426	0.3762	43.5274	11.4218	0.9071	0.5269	155.4679	577	148154	0.9577	0.3376
3877	3881	13	647	2510359	2509713	5171	744640	1533	83877	158	83877	158	1	660763	0.9173	0.8394	0.1228	-149.8389	149	247626	3174	-5.6210	2633	-5.2759	29	1106	71	0.1425	0.6113	42.9121	11.4234	0.9080	0.5095	155.3380	577	148480	0.9578	0.3421
3881	3889	13	648	2520719	2520072	10359	747716	3076	84192	315	84192	315	1	663524	0.9175	0.8344	0.1227	-150.4362	149	248639	3187	6.3162	1303	11.1566	83	1280	42	0.1423	0.4842	43.3868	11.4270	0.9069	0.5366	156.1196	577	149120	0.9588	0.3352
3889	3907	13	649	2544107	2543459	23387	754653	6937	84841	649	84841	649	1	669812	0.9165	0.7627	0.1227	-150.0064	157	244528	2965	7.1443	97	9.1395	43	3910	191	0.1425	0.4326	43.4208	11.4357	0.9086	0.5553	154.1664	577	150549	0.9623	0.3351
3907	3911	13	652	2549319	2548668	5211	756200	1546	84993	152	84993	152	1	671207	0.9167	0.8019	0.1226	-150.3376	157	245025	2971	7.2275	211	7.6265	83	638	23	0.1426	0.6806	43.5081	11.4373	0.9085	0.5293	154.0225	577	150879	0.9597	0.3350
3911	3917	13	653	2557147	2556495	7827	758525	2324	85230	237	85230	237	1	673295	0.9170	0.8322	0.1225	-151.8662	157	245773	2979	-6.3386	1583	-8.0270	37	1462	71	0.1425	0.5717	43.6299	11.4398	0.9094	0.5534	154.2964	577	151377	0.9611	0.3367
3917	3919	13	654	2559759	2559106	2611	759296	772	85310	81	85310	81	1	673986	0.9173	0.8567	0.1225	-152.9873	157	246018	2981	-5.9871	2707	-3.8710	31	525	30	0.1424	0.7869	43.6708	11.4403	0.9109	0.5174	153.7106	577	151546	0.9615	0.3354
3919	3923	13	654	2564987	2564334	5227	760849	1552	85469	159	85469	159	1	675380	0.9176	0.8369	0.1224	-151.3694	157	246519	2989	-7.1345	2707	8.5890	73	672	27	0.1424	0.6394	43.7528	11.4418	0.9091	0.5264	153.6049	577	151865	0.9611	0.3369
3923	3929	13	655	2572839	2572185	7851	763177	2328	85702	233	85702	233	1	677475	0.9178	0.8180	0.1224	-153.5796	157	247242	2996	-7.8545	2707	8.1854	151	741	18	0.1422	0.5796	43.7367	11.4444	0.9086	0.5433	153.9029	577	152356	0.9602	0.3360
3929	3931	13	656	2575459	2574804	2619	763953	776	85763	62	85763	62	1	678190	0.9180	0.6533	0.1223	-152.8662	157	247500	3000	-8.4278	2707	5.2558	43	446	26	0.1424	1.0175	43.7678	11.4449	0.9103	0.5296	153.3726	577	152509	0.9599	0.3352
3931	3943	13	656	2591207	2590552	15747	768628	4675	86239	476	86239	476	1	682389	0.9179	0.8330	0.1222	-156.9745	157	249000	3015	-6.8235	17	13.2295	61	2250	87	0.1426	0.4294	44.0112	11.4505	0.9112	0.5433	155.9827	577	153487	0.9576	0.3335
3943	3947	13	658	2596467	2595810	5259	770188	1559	86401	162	86401	162	1	683787	0.9183	0.8506	0.1222	-156.5096	157	249513	3022	6.1305	383	-6.1613	31	1041	61	0.1426	0.6340	44.0944	11.4520	0.9100	0.5307	157.7938	577	153830	0.9545	0.3374
3947	3967	13	659	2622847	2622189	26379	778014	7825	87171	770	87171	770	1	690843	0.9176	0.8059	0.1221	-155.4331	157	252019	3055	6.5049	307	13.1622	37	4918	279	0.1425	0.3732	44.4894	11.4616	0.9127	0.5512	158.1300	577	155464	0.9600	0.3306
3967	3989	13	662	2652019	2651358	29171	786670	8656	88004	833	88004	833	1	698666	0.9166	0.7885	0.1220	-153.1656	157	254824	3093	7.1140	307	14.7931	29	6238	445	0.1426	0.3726	44.3680	11.4722	0.9107	0.5394	155.8527	577	157275	0.9569	0.3292
3989	4001	13	666	2667999	2667334	15979	791410	4740	88457	453	88457	453	1	702953	0.9163	0.7835	0.1220	-150.4777	157	256340	3115	7.0662	3673	-9.2432	37	2983	152	0.1429	0.4806	44.3505	11.4777	0.9124	0.5610	155.4211	577	158265	0.9561	0.3282
4001	4003	13	668	2670667	2670000	2667	792198	789	88525	69	88525	69	1	703673	0.9166	0.7173	0.1219	-151.5987	157	256585	3117	6.6371	3673	4.2734	139	259	8	0.1430	0.9075	44.3846	11.4782	0.9122	0.5185	155.8700	577	158424	0.9552	0.3286
4003	4007	13	668	2676007	2675340	5339	793785	1586	88674	149	88674	149	1	705111	0.9167	0.7709	0.1219	-150.2611	157	257108	3125	6.7729	3673	-7.5882	17	1586	179	0.1430	0.7087	44.4598	11.4797	0.9127	0.5404	156.7574	577	158745	0.9544	0.3343
4007	4013	13	669	2684027	2683359	8019	796163	2379	88896	222	88896	222	1	707267	0.9167	0.7662	0.1218	-149.1592	157	257885	3136	7.4781	3673	-11.2581	31	1585	91	0.1430	0.6132	44.5721	11.4822	0.9106	0.5392	158.0277	577	159244	0.9554	0.3363
4013	4019	13	670	2692059	2691390	8031	798547	2383	89143	247	89143	247	1	709404	0.9170	0.8514	0.1217	-149.9554	157	258654	3145	7.1800	3673	8.4340	53	1234	55	0.1430	0.5575	44.6974	11.4847	0.9123	0.5411	157.2218	577	159765	0.9576	0.3386
4019	4021	13	671	2694739	2694069	2679	799343	796	89210	68	89210	68	1	710133	0.9172	0.7021	0.1217	-152.2038	157	258909	3146	6.7465	3673	4.6129	31	533	39	0.1431	0.9437	44.3941	11.4852	0.9121	0.5279	156.6742	577	159923	0.9555	0.3372
4021	4027	13	671	2702787	2702117	8047	801729	2386	89427	217	89427	217	1	712302	0.9172	0.7478	0.1216	-152.9873	157	259677	3155	6.4473	3673	-7.5517	29	1719	111	0.1432	0.6139	44.5021	11.4876	0.9117	0.5193	159.0104	577	160403	0.9546	0.3348
4027	4049	13	672	2732399	2731728	29611	810514	8784	90264	837	90264	837	1	720250	0.9162	0.7839	0.1216	-149.6815	157	262479	3194	7.4828	29	11.7209	43	4951	242	0.1434	0.3795	44.8968	11.4980	0.9120	0.5558	157.7400	577	162212	0.9567	0.3312
4049	4051	13	676	2735099	2734424	2699	811312	800	90344	81	90344	81	1	720968	0.9165	0.8334	0.1215	-147.0318	157	262742	3200	-6.4911	2087	-5.6552	29	575	34	0.1434	0.8245	44.9366	11.4985	0.9106	0.5264	157.1438	577	162384	0.9552	0.3308
4051	4057	13	676	2743207	2742532	8107	813721	2408	90599	255	90599	255	1	723122	0.9169	0.8720	0.1214	145.2981	577	166090	721	-6.7997	2087	-6.0233	43	1355	57	0.1432	0.5039	44.7518	11.5010	0.9116	0.5160	156.3657	577	162897	0.9550	0.3324
4057	4073	13	677	2764887	2764211	21679	820152	6431	91224	625	91224	625	1	728928	0.9164	0.8007	0.1214	148.5806	577	167451	729	6.6495	97	-10.4595	37	4023	207	0.1433	0.4217	44.9712	11.5084	0.9117	0.5624	159.6482	577	164258	0.9599	0.3344
4073	4079	13	680	2773039	2772360	8151	822568	2416	91483	259	91483	259	1	731085	0.9167	0.8837	0.1213	148.7851	577	167969	731	-6.5912	1409	-8.3191	47	1300	47	0.1432	0.5090	45.0988	11.5108	0.9126	0.5238	159.8527	577	164776	0.9591	0.3324
4079	4091	13	681	2789379	2788699	16339	827418	4849	91938	455	91938	455	1	735480	0.9164	0.7738	0.1213	-147.5669	157	267965	3266	-7.3913	23	-8.9016	61	2315	67	0.1433	0.4931	45.3236	11.5162	0.9102	0.5609	158.3380	577	165790	0.9611	0.3323
4091	4093	13	683	2792107	2791425	2727	828227	810	92023	86	92023	86	1	736204	0.9168	0.8760	0.1212	-148.9809	157	268233	3268	-6.6238	1409	-6.1148	61	400	7	0.1433	0.7254	45.1204	11.5167	0.9112	0.5084	158.7556	577	165958	0.9597	0.3315
4093	4099	13	683	2800299	2799617	8191	830657	2429	92234	211	92234	211	1	738423	0.9166	0.7171	0.1211	-146.9809	157	269018	3280	-7.0731	1409	6.8679	53	1249	54	0.1435	0.6743	45.2243	11.5192	0.9101	0.5398	158.0433	577	166452	0.9613	0.3355
4099	4111	13	684	2816719	2816036	16419	835528	4872	92701	467	92701	467	1	742827	0.9163	0.7917	0.1211	-149.7516	157	270570	3297	6.8122	229	7.6456	79	2068	60	0.1436	0.4635	44.7042	11.5245	0.9120	0.5405	158.6014	577	167445	0.9624	0.3372
4111	4127	13	686	2838687	2838002	21967	842045	6516	93354	653	93354	653	1	748691	0.9161	0.8281	0.1210	-152.1210	157	272640	3321	6.1206	257	-10.4807	181	1944	11	0.1434	0.3885	45.4167	11.5318	0.9103	0.5410	155.9185	577	168796	0.9613	0.3334
4127	4129	13	689	2841439	2840751	2751	842862	818	93425	72	93425	72	1	749437	0.9163	0.7277	0.1210	-152.5732	157	272911	3324	6.7626	257	-5.5122	41	482	18	0.1435	0.9337	45.4512	11.5323	0.9137	0.5297	155.3224	577	168968	0.9630	0.3330
4129	4133	13	689	2846947	2846259	5507	844496	1633	93588	163	93588	163	1	750908	0.9166	0.8256	0.1209	-156.4522	157	273451	3327	-7.4706	17	-9.4483	29	1181	72	0.1435	0.6697	45.5305	11.5337	0.9142	0.5400	156.1404	577	169309	0.9625	0.3319
4133	4139	13	690	2855219	2854530	8271	846948	2452	93818	230	93818	230	1	753130	0.9166	0.7762	0.1208	-157.2994	157	274224	3336	-6.5558	457	9.1395	43	1373	73	0.1436	0.6168	45.6424	11.5361	0.9134	0.5393	154.4419	577	169799	0.9609	0.3313
4139	4153	13	691	2874567	2873877	19347	852690	5742	94386	568	94386	568	1	758304	0.9164	0.8190	0.1208	-153.4140	157	276117	3364	9.2802	257	10.7788	113	2103	48	0.1435	0.4229	45.9217	11.5424	0.9117	0.5410	153.1785	577	171029	0.9609	0.3374
4153	4157	13	693	2880107	2879415	5539	854332	1641	94534	148	94534	148	1	759798	0.9165	0.7470	0.1207	-155.1911	157	276649	3369	7.5019	257	8.1277	47	890	46	0.1437	0.7253	45.9942	11.5439	0.9123	0.5407	153.9723	577	171377	0.9633	0.3417
4157	4159	13	694	2882879	2882186	2771	855154	822	94622	89	94622	89	1	760532	0.9170	0.8973	0.1207	-155.5414	157	276912	3372	8.1051	257	5.3913	23	651	62	0.1436	0.7264	46.0370	11.5443	0.9127	0.5127	154.3588	577	171554	0.9624	0.3376
4159	4177	13	694	2907887	2907194	25007	862573	7418	95316	694	95316	694	1	767257	0.9162	0.7757	0.1206	-154.7452	157	279283	3403	6.6679	3637	9.1507	73	3243	98	0.1438	0.4132	46.1963	11.5525	0.9120	0.5506	158.0797	577	173077	0.9615	0.3325
4177	4201	13	697	2941399	2940703	33511	872518	9944	96276	960	96276	960	1	776242	0.9153	0.8008	0.1206	-150.8122	197	258544	2474	6.0738	1801	-12.6729	107	3674	56	0.1436	0.3587	45.6442	11.5635	0.9115	0.5562	157.7626	577	175188	0.9658	0.3332
4201	4211	13	701	2955419	2954719	14019	876675	4158	96683	407	96683	407	1	779992	0.9152	0.8123	0.1205	-152.7707	157	283838	3463	-6.6774	31	-9.2302	139	1406	11	0.1435	0.4763	46.0286	11.5678	0.9098	0.5377	159.6534	577	176085	0.9644	0.3333
4211	4217	13	703	2963847	2963145	8427	879177	2502	96946	263	96946	263	1	782231	0.9156	0.8728	0.1204	-155.2675	157	284662	3471	-7.3948	1231	-6.2474	97	982	14	0.1435	0.5396	46.1542	11.5701	0.9132	0.5392	158.7678	577	176629	0.9682	0.3354
4217	4219	13	704	2966659	2965956	2811	880008	832	97030	85	97030	85	1	782978	0.9159	0.8487	0.1204	-151.7325	157	284934	3478	-6.8486	2939	-4.3373	83	346	4	0.1434	0.7754	46.1942	11.5706	0.9121	0.5082	158.1889	577	176796	0.9665	0.3340
4219	4229	13	704	2980739	2980036	14079	884187	4178	97437	407	97437	407	1	786750	0.9158	0.8096	0.1203	-152.5605	157	286255	3494	6.2865	541	8.9720	107	1553	38	0.1434	0.4673	46.2120	11.5749	0.9108	0.5189	159.1906	577	177661	0.9662	0.3351
4229	4231	13	706	2983559	2982854	2819	885023	836	97518	82	97518	82	1	787505	0.9162	0.8156	0.1203	-150.8854	157	286516	3499	-6.3529	17	5.4478	67	387	17	0.1434	0.8080	46.2509	11.5753	0.9109	0.5151	158.6014	577	177831	0.9644	0.3453
4231	4241	13	706	2997679	2996974	14119	889211	4188	97931	413	97931	413	1	791280	0.9162	0.8203	0.1202	-152.3121	157	287884	3515	-6.2381	3881	-9.9726	73	1824	40	0.1433	0.4768	46.4472	11.5796	0.9087	0.5513	158.4575	577	178738	0.9631	0.3339
4241	4243	13	708	3000507	2999800	2827	890049	838	98009	79	98009	79	1	792040	0.9165	0.7846	0.1202	-154.8153	157	288159	3516	-6.6699	3881	-6.3617	47	455	13	0.1433	0.8590	46.4847	11.5801	0.9103	0.5233	158.8232	577	178921	0.9657	0.3453
4243	4253	13	708	3014667	3013960	14159	894254	4204	98386	377	98386	377	1	795868	0.9161	0.7467	0.1201	-158.1421	197	264979	2532	7.0702	541	-10.1124	89	1696	28	0.1436	0.5513	46.3757	11.5843	0.9094	0.5625	157.7903	577	179796	0.9652	0.3380
4253	4259	13	710	3023179	3022470	8511	896776	2522	98611	225	98611	225	1	798165	0.9160	0.7432	0.1200	-159.6650	197	265720	2538	-6.5608	2707	-9.5410	61	1206	30	0.1438	0.6231	46.4817	11.5866	0.9117	0.5275	157.9809	577	180318	0.9645	0.3355
4259	4261	13	711	3026019	3025309	2839	897616	841	98692	82	98692	82	1	798924	0.9164	0.8126	0.1200	-158.1218	197	265962	2542	6.8889	2521	4.4595	37	528	33	0.1438	0.7942	46.5204	11.5871	0.9104	0.5120	157.3847	577	180490	0.9638	0.3460
4261	4271	13	711	3040239	3039529	14219	901836	4219	99082	390	99082	390	1	802754	0.9161	0.7708	0.1199	-154.3885	157	291972	3565	5.8210	257	9.5506	89	1711	48	0.1439	0.5307	46.5065	11.5913	0.9070	0.5539	156.3276	577	181372	0.9604	0.3366
4271	4273	13	713	3043087	3042375	2847	902684	848	99170	89	99170	89	1	803514	0.9165	0.8755	0.1199	-153.2995	197	267457	2562	-6.0648	2731	4.2258	31	570	41	0.1437	0.7496	46.5482	11.5918	0.9080	0.5108	156.7140	577	181549	0.9610	0.3460
4273	4283	13	713	3057347	3056635	14259	906912	4228	99580	410	99580	410	1	807332	0.9164	0.8093	0.1198	-153.5605	157	293634	3587	7.3191	257	-8.7660	47	2274	88	0.1437	0.4804	46.0768	11.5960	0.9090	0.5331	156.7132	659	171764	0.9615	0.3369
4283	4289	13	715	3065919	3065205	8571	909453	2540	99821	241	99821	241	1	809632	0.9165	0.7923	0.1198	-155.7389	157	294433	3595	-5.9269	2707	7.4468	47	1376	66	0.1438	0.6048	46.6127	11.5983	0.9099	0.5365	158.1533	659	172278	0.9617	0.3356
4289	4297	13	716	3077367	3076652	11447	912852	3398	100132	311	100132	311	1	812720	0.9163	0.7646	0.1197	-153.9898	197	270480	2592	-7.4381	2707	9.9032	31	2280	157	0.1440	0.5739	46.7579	11.6016	0.9099	0.5523	157.0197	659	172981	0.9589	0.3327
4297	4327	13	717	3120487	3119771	43119	925645	12792	101354	1222	101354	1222	1	824291	0.9151	0.7984	0.1196	-158.0000	197	274224	2626	-7.1414	2539	10.2913	127	4490	81	0.1439	0.3322	47.3294	11.6151	0.9073	0.5459	158.1958	659	175559	0.9575	0.3291
4327	4337	13	722	3134927	3134206	14439	929930	4285	101795	441	101795	441	1	828135	0.9153	0.8606	0.1196	-151.0761	197	275512	2646	-8.5167	2539	-10.4795	73	1879	41	0.1436	0.4355	47.5363	11.6192	0.9069	0.5330	156.5432	659	176433	0.9594	0.3297
4337	4339	13	724	3137819	3137096	2891	930786	857	101876	82	101876	82	1	828910	0.9156	0.8004	0.1195	-151.6244	197	275763	2648	-7.1910	2539	5.7808	73	373	16	0.1437	0.8504	47.5741	11.6197	0.9078	0.5226	156.0303	659	176602	0.9601	0.3294
4339	4349	13	724	3152299	3151576	14479	935084	4297	102294	418	102294	418	1	832790	0.9156	0.8141	0.1195	-151.5178	197	277033	2661	-7.5766	2539	9.5517	29	3095	223	0.1438	0.4854	47.1732	11.6238	0.9092	0.5464	158.3900	659	177472	0.9585	0.3308
4349	4357	13	726	3163907	3163182	11607	938528	3444	102614	320	102614	320	1	835914	0.9155	0.7780	0.1194	-150.6497	197	278031	2672	-7.2895	2539	-8.9574	47	1832	69	0.1438	0.5461	47.3212	11.6270	0.9117	0.5341	158.3869	659	178132	0.9610	0.3315
4357	4363	13	727	3172627	3171901	8719	941114	2586	102865	251	102865	251	1	838249	0.9156	0.8131	0.1194	-150.3553	197	278790	2680	-7.3265	2539	-9.2759	29	1860	119	0.1439	0.5769	47.4374	11.6293	0.9104	0.5333	160.8604	659	178635	0.9608	0.3327
4363	4373	13	728	3187187	3186460	14559	945435	4320	103283	418	103283	418	1	842152	0.9156	0.8109	0.1193	-151.3096	197	280066	2692	6.1033	397	9.6024	83	1801	53	0.1438	0.4611	47.3449	11.6335	0.9109	0.5279	160.1958	659	179513	0.9585	0.3310
4373	4391	13	730	3213479	3212750	26291	953233	7797	103994	711	103994	711	1	849239	0.9147	0.7646	0.1193	-153.3756	197	282338	2713	6.2130	4093	-12.2553	47	4189	166	0.1444	0.4321	47.6718	11.6412	0.9117	0.5563	160.8312	877	160565	0.9573	0.3299
4391	4397	13	733	3222267	3221535	8787	955841	2608	104241	247	104241	247	1	851600	0.9148	0.7945	0.1192	-152.1218	197	283101	2722	5.9387	4093	7.5319	47	1421	68	0.1444	0.5972	47.4794	11.6435	0.9130	0.5441	159.8331	701	177061	0.9578	0.3292
4397	4409	13	734	3239879	3239146	17611	961067	5226	104757	516	104757	516	1	856310	0.9148	0.8286	0.1192	-155.7157	197	284637	2734	-6.0699	3761	11.4433	97	2064	54	0.1443	0.4235	47.7149	11.6485	0.9148	0.5316	161.5975	877	161983	0.9609	0.3289
4409	4421	13	736	3257539	3256804	17659	966305	5237	105229	472	105229	472	1	861076	0.9143	0.7567	0.1191	-152.6447	197	286206	2753	6.0655	2777	-11.9551	89	2134	36	0.1444	0.5080	47.9299	11.6535	0.9143	0.5573	161.5165	577	194877	0.9615	0.3278
4421	4423	13	738	3260487	3259750	2947	967178	874	105307	79	105307	79	1	861871	0.9146	0.7593	0.1190	-154.1320	197	286451	2754	-6.5749	2129	-4.5135	37	546	25	0.1444	0.8438	47.9658	11.6539	0.9136	0.5050	161.9307	577	195046	0.9600	0.3291
4423	4441	13	738	3287079	3286342	26591	975067	7888	106042	735	106042	735	1	869025	0.9139	0.7831	0.1190	-155.9188	197	288794	2776	-8.4041	2707	11.1739	23	6231	553	0.1447	0.4229	48.3020	11.6616	0.9152	0.5717	166.0884	701	180827	0.9614	0.3291
4441	4447	13	741	3295967	3295227	8887	977703	2638	106276	234	106276	234	1	871427	0.9139	0.7458	0.1189	-154.6548	197	289556	2785	-8.3517	2707	7.0645	31	1766	121	0.1449	0.6357	48.4090	11.6638	0.9150	0.5356	166.6819	701	181320	0.9624	0.3291
4447	4451	13	742	3301899	3301158	5931	979465	1761	106444	168	106444	168	1	873021	0.9141	0.8024	0.1189	154.1812	701	186052	685	-7.6535	2707	6.7196	107	657	19	0.1449	0.6594	48.4855	11.6652	0.9155	0.5214	166.6976	701	181665	0.9619	0.3284
4451	4457	13	743	3310807	3310065	8907	982106	2641	106687	243	106687	243	1	875419	0.9141	0.7743	0.1188	-156.9442	197	290865	2796	8.3627	397	7.1724	29	1897	138	0.1449	0.6145	48.5976	11.6674	0.9126	0.5370	169.2026	701	182189	0.9591	0.3361
4457	4463	13	744	3319727	3318984	8919	984752	2645	106911	224	106911	224	1	877841	0.9140	0.7130	0.1188	157.2653	701	187074	691	-8.5597	2707	7.3243	37	1659	97	0.1450	0.6773	48.7001	11.6697	0.9134	0.5562	169.7817	701	182687	0.9599	0.3329
4463	4481	13	745	3346559	3345815	26831	992714	7962	107680	769	107680	769	1	885034	0.9136	0.8135	0.1187	160.8031	701	188638	699	-6.4422	2707	-13.1351	37	5016	258	0.1449	0.3844	48.4295	11.6773	0.9110	0.5402	173.3195	701	184251	0.9575	0.3301
4481	4483	13	748	3349547	3348800	2987	993601	888	107756	77	107756	77	1	885845	0.9138	0.7307	0.1187	161.3324	701	188803	700	-7.0975	2707	-5.2553	47	476	15	0.1450	0.9258	48.4641	11.6777	0.9135	0.5307	173.8459	701	184417	0.9594	0.3302
4483	4493	13	748	3364507	3363760	14959	998037	4436	108199	443	108199	443	1	889838	0.9139	0.8419	0.1186	161.8445	701	189675	703	-7.1089	101	-11.9655	29	3204	209	0.1448	0.4577	48.2708	11.6817	0.9134	0.5351	174.3581	701	185289	0.9582	0.3311
4493	4507	13	750	3385507	3384758	20999	1004268	6230	108763	564	108763	564	1	895505	0.9134	0.7635	0.1186	163.3752	701	190891	708	6.9568	509	11.3151	73	2726	86	0.1450	0.4709	47.9215	11.6875	0.9143	0.5632	175.8887	701	186505	0.9627	0.3349
4507	4513	13	752	3394527	3393776	9019	1006944	2675	109019	256	109019	256	1	897925	0.9135	0.8075	0.1185	163.8802	701	191415	710	6.7973	2777	9.4528	53	1366	61	0.1450	0.5947	48.0380	11.6897	0.9152	0.5492	176.3937	701	187029	0.9643	0.3367
4513	4517	13	753	3400547	3399795	6019	1008732	1787	109199	180	109199	180	1	899533	0.9138	0.8503	0.1185	162.8730	701	191768	710	-7.4803	887	7.1446	83	741	25	0.1450	0.6227	48.1194	11.6911	0.9143	0.5253	175.3866	701	187382	0.9644	0.3385
4517	4519	13	754	3403559	3402806	3011	1009622	890	109269	71	109269	71	1	900353	0.9140	0.6737	0.1184	163.3852	701	191939	711	-7.4870	887	-6.2759	29	642	38	0.1451	0.9806	48.3812	11.6915	0.9134	0.5287	175.8959	701	187554	0.9622	0.3363
4519	4523	13	754	3409587	3408834	6027	1011412	1790	109455	186	109455	186	1	901957	0.9143	0.8779	0.1184	163.3409	701	192305	712	6.2720	3673	-6.4177	79	767	13	0.1450	0.5899	48.4640	11.6928	0.9163	0.5126	175.8516	701	187920	0.9672	0.3405
4523	4547	13	755	3445867	3445113	36279	1022176	10763	110448	993	110448	993	1	911728	0.9133	0.7798	0.1183	166.3609	701	194401	721	-8.2095	2707	14.2278	79	4573	130	0.1454	0.3797	48.9041	11.7030	0.9162	0.5586	178.8716	701	190016	0.9656	0.3333
4547	4549	13	759	3448899	3448141	3031	1023075	900	110524	77	110524	77	1	912551	0.9135	0.7235	0.1183	166.9187	701	194556	722	7.9213	3673	4.6792	53	459	22	0.1455	0.8925	48.9378	11.7034	0.9164	0.5179	179.4265	701	190172	0.9643	0.3329
4549	4561	13	759	3467119	3466361	18219	1028481	5405	111057	533	111057	533	1	917424	0.9135	0.8343	0.1182	166.8545	701	195630	725	-9.8678	2707	-11.2128	47	2919	113	0.1455	0.4340	48.8485	11.7082	0.9161	0.5368	179.3623	701	191246	0.9617	0.3306
4561	4567	13	761	3476247	3475487	9127	1031189	2709	111305	248	111305	248	1	919884	0.9136	0.7748	0.1182	166.3823	701	196146	726	-8.8685	2707	7.1935	31	1826	125	0.1455	0.6297	48.9576	11.7104	0.9163	0.5508	178.8902	701	191762	0.9609	0.3300
4567	4583	13	762	3500647	3499886	24399	1038429	7240	112001	696	112001	696	1	926428	0.9133	0.8140	0.1181	166.3110	701	197573	730	8.5608	3673	-10.0935	139	2439	25	0.1456	0.4061	49.2420	11.7170	0.9134	0.5529	178.8188	701	193189	0.9579	0.3288
4583	4591	13	765	3512879	3512115	12231	1042056	3627	112363	362	112363	362	1	929693	0.9134	0.8455	0.1180	166.2568	701	198293	732	-8.8973	2707	10.9718	71	1634	57	0.1455	0.4987	49.2721	11.7200	0.9165	0.5421	178.7646	701	193909	0.9638	0.3311
4591	4597	13	766	3522067	3521302	9187	1044782	2725	112613	250	112613	250	1	932169	0.9135	0.7775	0.1180	167.7903	701	198807	735	-8.9113	2707	8.9434	53	1406	62	0.1456	0.6039	49.3822	11.7222	0.9158	0.5337	180.2981	701	194423	0.9607	0.3305
4597	4603	13	767	3531267	3530501	9199	1047513	2730	112870	257	112870	257	1	934643	0.9136	0.7982	0.1179	169.2439	701	199349	738	-7.4706	2161	-10.6129	31	1823	107	0.1457	0.5967	49.4948	11.7244	0.9166	0.5452	181.7518	701	194965	0.9593	0.3292
4603	4621	13	768	3558939	3558172	27671	1055720	8208	113626	756	113626	756	1	942094	0.9129	0.7813	0.1179	168.6733	701	200951	742	-7.2553	47	-9.3239	71	3668	94	0.1459	0.4294	49.4348	11.7318	0.9154	0.5749	181.1812	701	196567	0.9632	0.3289
4621	4637	13	771	3583627	3582857	24687	1063047	7327	114317	691	114317	691	1	948730	0.9126	0.8003	0.1178	169.5021	701	202413	747	8.2232	3257	-11.3220	59	3638	112	0.1460	0.4262	49.1329	11.7382	0.9143	0.5733	182.0100	701	198029	0.9592	0.3283
4637	4639	13	774	3586719	3585946	3091	1063960	914	114394	78	114394	78	1	949566	0.9128	0.7245	0.1178	170.0228	701	202581	748	-7.6814	1877	-5.2973	37	579	26	0.1460	0.9475	49.3397	11.7387	0.9143	0.5293	182.5278	701	198198	0.9589	0.3286
4639	4643	13	774	3592907	3592134	6187	1065798	1837	114580	186	114580	186	1	951218	0.9131	0.8600	0.1177	169.9729	701	202949	749	-7.3933	2161	-5.1176	17	1837	211	0.1460	0.6059	49.4199	11.7400	0.9152	0.5241	182.4779	701	198566	0.9612	0.3277
4643	4649	13	775	3602199	3601425	9291	1068555	2756	114843	263	114843	263	1	953712	0.9132	0.8108	0.1177	169.3524	701	203517	750	-6.9449	2161	-6.0693	101	1064	15	0.1460	0.5953	49.5342	11.7421	0.9163	0.5484	181.8573	701	199134	0.9610	0.3323
4649	4651	13	776	3605299	3604524	3099	1069474	919	114919	77	114919	77	1	954555	0.9134	0.7122	0.1176	168.9130	701	203671	750	-7.1654	2207	5.4507	71	410	17	0.1461	0.9374	49.5678	11.7425	0.9167	0.5134	181.4151	701	199289	0.9604	0.3557
4651	4657	13	776	3614607	3613832	9307	1072233	2759	115155	236	115155	236	1	957078	0.9133	0.7274	0.1176	168.4322	701	204190	751	-8.1928	2707	9.8790	157	873	21	0.1461	0.6664	49.6700	11.7447	0.9166	0.5469	180.9344	701	199808	0.9592	0.3372
4657	4663	13	777	3623927	3623151	9319	1074999	2765	115423	268	115423	268	1	959576	0.9135	0.8246	0.1175	167.8488	701	204745	752	-7.9088	2161	-7.0896	67	1276	31	0.1462	0.5595	49.7861	11.7468	0.9173	0.5278	180.3509	701	200363	0.9596	0.3334
4663	4673	13	778	3639487	3638710	15559	1079615	4616	115842	419	115842	419	1	963773	0.9133	0.7726	0.1175	168.2668	701	205650	755	-7.6468	2707	-8.0896	67	2147	56	0.1463	0.5227	49.8142	11.7507	0.9159	0.5623	180.7689	701	201268	0.9589	0.3325
4673	4679	13	780	3648839	3648060	9351	1082389	2774	116089	247	116089	247	1	966300	0.9133	0.7582	0.1174	169.7546	701	206180	758	-7.6963	2707	6.0061	163	896	17	0.1464	0.6256	49.9204	11.7528	0.9165	0.5368	182.2568	701	201798	0.9590	0.3299
4679	4691	13	781	3667579	3666799	18739	1087950	5562	116599	510	116599	510	1	971351	0.9130	0.7811	0.1174	170.6191	701	207279	762	-7.8050	2707	-16.1277	47	3011	112	0.1466	0.4837	50.0752	11.7575	0.9153	0.5596	183.1213	701	202897	0.9560	0.3277
4691	4703	13	783	3686367	3685585	18787	1093523	5572	117099	500	117099	500	1	976424	0.9126	0.7648	0.1173	171.5235	701	208364	766	-6.9224	2707	-12.6098	41	3313	149	0.1468	0.5124	50.1177	11.7622	0.9139	0.5673	184.0257	701	203982	0.9575	0.3298
4703	4721	13	785	3714639	3713855	28271	1101912	8388	117865	766	117865	766	1	984047	0.9120	0.7786	0.1173	168.8217	701	210012	768	7.9935	3673	-10.5512	127	2956	36	0.1471	0.4312	49.8480	11.7694	0.9185	0.5701	181.3238	701	205630	0.9637	0.3318
4721	4723	13	788	3717787	3717000	3147	1102846	935	117954	90	117954	90	1	984892	0.9123	0.8210	0.1172	-169.5183	191	333058	3318	8.4849	3673	4.3023	43	531	29	0.1470	0.8012	49.9699	11.7699	0.9176	0.5145	180.8074	701	205811	0.9622	0.3311
4723	4729	13	788	3727239	3726452	9451	1105651	2804	118225	271	118225	271	1	987426	0.9124	0.8247	0.1172	-167.1780	191	333885	3329	-7.9632	4261	-8.1748	103	1039	12	0.1471	0.5663	50.0852	11.7720	0.9186	0.5312	179.2154	701	206369	0.9640	0.3334
4729	4733	13	789	3733547	3732759	6307	1107520	1870	118400	175	118400	175	1	989120	0.9126	0.7989	0.1171	-168.1257	191	334453	3334	7.9398	3673	8.4468	47	1000	51	0.1470	0.6732	50.1593	11.7732	0.9175	0.5153	178.2083	701	206722	0.9635	0.3321
4733	4751	13	790	3761999	3761210	28451	1115961	8440	119212	812	119212	812	1	996749	0.9123	0.8217	0.1171	-168.7539	191	336996	3360	8.3436	3673	-14.7931	29	6087	405	0.1469	0.3683	50.4174	11.7804	0.9176	0.5368	176.4094	701	208404	0.9613	0.3288
4751	4759	13	793	3774679	3773887	12679	1119724	3762	119549	337	119549	337	1	1000175	0.9122	0.7654	0.1170	-170.7120	191	338138	3370	9.2946	3673	-10.8852	61	1796	48	0.1471	0.5756	50.5599	11.7834	0.9174	0.5485	176.3153	701	209138	0.9625	0.3303
4759	4783	13	794	3812847	3812054	38167	1131049	11325	120591	1042	120591	1042	1	1010458	0.9113	0.7865	0.1170	-172.4293	191	341549	3404	7.1260	3697	14.0345	29	8163	577	0.1474	0.3742	50.9580	11.7930	0.9206	0.5518	178.0585	701	211331	0.9685	0.3300
4783	4787	13	798	3819227	3818430	6379	1132940	1890	120776	185	120776	185	1	1012164	0.9116	0.8370	0.1169	-172.3455	191	342114	3410	7.1031	3697	-6.7391	23	1492	123	0.1474	0.6007	51.0361	11.7942	0.9216	0.5038	177.2790	577	229854	0.9665	0.3291
4787	4789	13	799	3822419	3821621	3191	1133888	948	120851	76	120851	76	1	1013037	0.9118	0.6858	0.1169	-170.2251	191	342389	3415	8.5902	3697	5.4706	17	948	117	0.1475	0.9747	51.0678	11.7947	0.9213	0.5327	178.6702	661	216256	0.9662	0.3294
4789	4793	13	799	3828807	3828009	6387	1135781	1892	121045	194	121045	194	1	1014736	0.9121	0.8776	0.1168	-171.1309	191	342953	3420	7.5661	3697	7.7904	167	602	15	0.1473	0.6068	51.1498	11.7959	0.9205	0.5295	179.4841	661	216648	0.9646	0.3288
4793	4799	13	800	3838399	3837600	9591	1138628	2846	121327	282	121327	282	1	1017301	0.9123	0.8484	0.1168	-170.4315	197	337011	3251	8.0011	3673	5.8691	191	872	15	0.1472	0.5447	51.2694	11.7980	0.9187	0.5343	178.0572	577	231072	0.9634	0.3311
4799	4801	13	801	3841599	3840799	3199	1139577	950	121420	94	121420	94	1	1018157	0.9126	0.8475	0.1167	-170.2234	197	337286	3254	-7.8871	4261	-6.4627	67	451	7	0.1471	0.7937	51.3087	11.7984	0.9174	0.5165	177.3536	577	231275	0.9615	0.3300
4801	4813	13	801	3860827	3860027	19227	1145283	5705	121931	511	121931	511	1	1023352	0.9123	0.7675	0.1167	-175.2995	197	338968	3266	-7.5654	4261	8.3562	73	2469	76	0.1473	0.5014	51.5259	11.8030	0.9202	0.5566	179.1594	577	232485	0.9658	0.3307
4813	4817	13	803	3867247	3866445	6419	1147184	1902	122100	169	122100	169	1	1025084	0.9124	0.7617	0.1166	-177.9746	197	339527	3269	-6.4576	4261	-5.0244	41	1128	50	0.1473	0.7157	51.5977	11.8042	0.9202	0.5416	179.8602	701	214555	0.9678	0.3305
4817	4831	13	804	3889759	3888956	22511	1153864	6680	122733	633	122733	633	1	1031131	0.9122	0.8127	0.1166	-180.0051	197	341500	3287	6.1889	4283	-13.0822	73	2923	67	0.1472	0.4264	51.3218	11.8096	0.9156	0.5466	178.1198	701	215866	0.9628	0.3296
4831	4861	13	806	3938219	3937414	48459	1168242	14377	124108	1375	124108	1375	1	1044134	0.9115	0.8206	0.1166	-179.8173	197	345717	3330	7.3435	457	13.8033	61	6899	240	0.1472	0.3230	51.8550	11.8216	0.9170	0.5590	180.4246	577	237313	0.9630	0.3280
4861	4871	13	811	3954439	3953629	16219	1173055	4815	124575	467	124575	467	1	1048480	0.9115	0.8325	0.1165	-180.2437	197	347138	3344	-6.5449	1303	8.7377	61	2326	85	0.1471	0.4599	52.0292	11.8253	0.9174	0.5366	179.9029	577	238329	0.9630	0.3267
4871	4877	13	813	3964187	3963375	9747	1175944	2888	124835	260	124835	260	1	1051109	0.9116	0.7731	0.1165	-182.6396	197	347965	3350	-7.5005	1063	8.5254	59	1430	57	0.1471	0.6178	52.1387	11.8273	0.9181	0.5363	179.8614	577	238918	0.9640	0.3276
4877	4889	13	814	3983719	3982906	19531	1181741	5796	125350	515	125350	515	1	1056391	0.9112	0.7633	0.1164	-184.7665	197	349652	3365	-6.8772	1303	13.6197	71	2605	87	0.1473	0.5053	52.3558	11.8319	0.9139	0.5498	181.5735	701	221315	0.9611	0.3277
4889	4903	13	816	4006567	4005752	22847	1188520	6780	125989	639	125989	639	1	1062531	0.9110	0.8100	0.1164	-179.0711	197	351652	3391	7.5996	457	-10.2291	179	2079	13	0.1473	0.4207	52.6252	11.8372	0.9180	0.5472	185.8631	577	241514	0.9661	0.3270
4903	4909	13	818	4016379	4015562	9811	1191428	2908	126266	277	126266	277	1	1065162	0.9111	0.8189	0.1163	-180.8731	197	352519	3398	-7.6331	1063	6.5767	163	931	18	0.1473	0.5718	52.7417	11.8392	0.9157	0.5343	185.1526	701	223215	0.9640	0.3265
4909	4919	13	819	4032759	4031941	16379	1196287	4858	126724	458	126724	458	1	1069563	0.9111	0.8109	0.1163	-180.3604	197	353946	3413	7.6050	3673	7.8686	137	1653	32	0.1474	0.4926	52.9351	11.8429	0.9161	0.5486	185.4593	701	224159	0.9652	0.3279
4919	4931	13	821	4052459	4051639	19699	1202134	5846	127260	536	127260	536	1	1074874	0.9109	0.7889	0.1162	-183.9746	197	355681	3427	7.4212	3673	18.5593	59	2904	117	0.1474	0.4850	53.1635	11.8473	0.9165	0.5555	186.1127	701	225332	0.9686	0.3310
4931	4933	13	823	4055747	4054925	3287	1203110	977	127344	85	127344	85	1	1075766	0.9111	0.7489	0.1162	-182.8071	197	355960	3431	7.7484	457	6.4468	47	530	29	0.1475	0.8775	53.1986	11.8477	0.9160	0.5184	186.5792	701	225519	0.9665	0.3304
4933	4937	13	823	4062327	4061505	6579	1205061	1950	127531	187	127531	187	1	1077530	0.9113	0.8258	0.1161	-183.4924	197	356520	3436	7.2101	457	5.2795	347	472	8	0.1474	0.6419	53.2779	11.8490	0.9176	0.5279	186.5007	701	225897	0.9675	0.3382
4937	4943	13	824	4072207	4071384	9879	1207992	2930	127784	253	127784	253	1	1080208	0.9113	0.7439	0.1161	-184.4467	197	357402	3444	7.3829	457	-6.9083	109	1085	13	0.1475	0.6408	52.4088	11.8510	0.9170	0.5464	186.5927	577	245631	0.9664	0.3358
4943	4951	13	825	4085399	4084575	13191	1211906	3913	128135	351	128135	351	1	1083771	0.9112	0.7731	0.1160	-184.8579	197	358526	3455	8.1002	3673	-11.6271	59	1936	54	0.1475	0.5735	52.5609	11.8538	0.9148	0.5517	186.7574	577	246449	0.9660	0.3391
4951	4957	13	826	4095307	4094482	9907	1214847	2940	128418	283	128418	283	1	1086429	0.9114	0.8299	0.1160	-187.4467	197	359372	3461	8.4988	3673	-6.7822	101	1100	15	0.1475	0.5615	52.6808	11.8558	0.9146	0.5350	185.9943	701	227827	0.9665	0.3385
4957	4967	13	827	4111847	4111021	16539	1219756	4908	128869	451	128869	451	1	1090887	0.9113	0.7926	0.1159	-187.2792	197	360833	3476	6.8258	3673	9.0990	101	1914	47	0.1475	0.5083	52.8742	11.8595	0.9157	0.5471	188.2240	701	228798	0.9682	0.3381
4967	4969	13	829	4115159	4114331	3311	1220733	978	128968	100	128968	100	1	1091765	0.9116	0.8823	0.1159	-186.2335	197	361124	3480	7.2938	3673	-6.3115	61	467	9	0.1474	0.7087	52.9156	11.8599	0.9163	0.4995	188.6705	701	228992	0.9675	0.3365
4969	4973	13	829	4121787	4120959	6627	1222702	1968	129169	201	129169	201	1	1093533	0.9119	0.8817	0.1158	-186.3147	197	361723	3486	6.2216	3673	-8.0000	29	1421	90	0.1474	0.6062	53.0017	11.8611	0.9161	0.5184	188.5264	701	229393	0.9660	0.3359
4973	4987	13	830	4145027	4144198	23239	1229599	6897	129795	626	129795	626	1	1099804	0.9116	0.7838	0.1158	-184.8426	197	363745	3508	7.4703	1163	9.9577	71	3090	97	0.1475	0.4487	53.2699	11.8663	0.9147	0.5575	188.7903	577	250190	0.9648	0.3362
4987	4993	13	832	4155007	4154176	9979	1232558	2959	130052	257	130052	257	1	1102506	0.9116	0.7503	0.1158	-184.6041	197	364608	3517	8.1089	257	8.4595	37	1860	109	0.1475	0.6433	53.3789	11.8683	0.9159	0.5328	189.6898	577	250796	0.9656	0.3349
4993	4999	13	833	4164999	4164167	9991	1235523	2964	130343	291	130343	291	1	1105180	0.9118	0.8485	0.1157	-185.4772	197	365482	3525	7.0632	617	8.0488	41	1762	94	0.1475	0.5552	53.5022	11.8703	0.9174	0.5351	188.4506	577	251442	0.9662	0.3359
4999	5003	13	834	4171667	4170834	6667	1237501	1978	130543	200	130543	200	1	1106958	0.9121	0.8742	0.1157	-186.2843	197	366054	3530	10.6420	257	6.2489	229	544	11	0.1474	0.6112	53.5874	11.8715	0.9181	0.5178	187.0260	577	251853	0.9651	0.3349
