ROUND 30, LP-DUALITY THREAD - THE 47 -> 53 RUNG EMITTED FOR THE KERNEL,
WITH THE MARGIN COLUMN AND THE MIRROR TRANSCRIPTION.

THE CLAIM.  Machine 53 has no fully blocked window of width 171, i.e.

    F(53) <= 171 = F(47) + 53          <-- (D) at 47 -> 53, hypothesis-free,

from the primes 5..53 and nothing else: one exact rational dual certificate per
case of a case split on the held gears' phases, the split exhaustive over their
product (a MIXED-k tree if any level-4 case had to be refined - the step
manifest asserts the partition either way).  This is the rung the
spectrum-plus-depth criterion cannot certify (F_6(47) = 177 > 171).

WHAT IS EMITTED, into research/data/r30/:

  layout_47_53_k<k>.json          the case-independent column / link / atom
                                  layout of level k (emit_certs_r27.layout_of)
  cert_47_53_k<k>_h<ws>.json      ONE FILE PER CASE, integers only - schema
                                  lp-case-split-certificate/2 (SPARSE, below)
  manifest_47_53_k<k>.json        the level: its held-phase tuples, the whole
                                  MARGIN COLUMN, min / max, ops
  manifest_47_53.json             THE STEP MANIFEST: the partition assertion
  research/lp_rungs_r30.txt       the human-readable margin column

SCHEMA 2 (sparse) - every field of round 29's schema 1 is recoverable by
`expand_v1`, and `check_case_json` of round 27 verifies the expansion
unchanged.  The differences, all made because a level-4 case has 51,691
columns and 3,060 links (a dense file would be ~1 MB):
    frow_nz      [[j, v], ...]   the NONZERO recursion-row coefficients (int);
                                 every other coefficient is 0
    nu_nz        [[t, [num, den]], ...]   the NONZERO link weights
    rows         as schema 1 when any row is not the base cut; otherwise the
                 field `rows_base_cut_positions` lists the row positions and
                 `base_cut` gives the one lam vector they all share
    mirror_of    present on a TRANSCRIBED certificate: the representative
                 case it was mirrored from (lp_mirror_r30, the theorem)

Half the certificates are TRANSCRIBED, not solved: one representative per
mirror orbit was decided by lp_tree_r30, and the other member's certificate
is the mirror transcription.  The gate does not care which is which - every
file is re-verified from its own integers plus the primes, the relaxation
rebuilt at ITS OWN held phases.

    uv run python research/lp_emit_r30.py EMIT  [workers]      (all levels)
    uv run python research/lp_emit_r30.py STEP                 (the partition)
    uv run python research/lp_emit_r30.py GATE  [workers] [sample_frac]
    uv run python research/lp_emit_r30.py TXT


STEP 47 -> 53  machine 53, width 171 = F(47) + 53
  CLAIM: F(53) <= 171 = F(47) + 53 : (D) at 47 -> 53, hypothesis-free - the rung the spectrum-plus-depth criterion cannot certify (F_6(47) = 177 > 171) - every case of the split carries an exact rational dual certificate, so machine 53 has no fully blocked window of width 171.
  parts: k=4 4813 cases, k=5 3264 cases
  PARTITION: every certified tuple of every level, expanded to the phases of the gears up to the deepest level ([5, 7, 11, 13, 17]), covers prod(Z_q) = 85085 leaves EXACTLY ONCE: no leaf twice, no leaf missing.  ASSERTED by lp_emit_r30.step_manifest.
  margin min 1/16384 max 3; all rows base cut = False; 606183237 exact ops

LEVEL k = 4  held (5, 7, 11, 13)  4813 cases (2407 decided, 2406 mirror-transcribed)
  all rows base cut = False; max iterations 4; 374313445 exact certificate ops
  MARGIN COLUMN min 1/16384 max 3
  margin histogram: 1/16384 x8, 787/5000000 x2, 33/65536 x2, 27/50000 x2, 3/4096 x2, 61/65536 x2, 1/512 x4, 227/100000 x2, 2567/1000000 x2, 3/1024 x2, 1/256 x4, 131/32768 x2, 81/16384 x2, 341/65536 x2, 3/512 x2, 1/128 x14, 1/96 x14, 3/256 x4, 7/512 x2, 1/64 x20, 1/59 x2, 1/56 x2, 1/53 x2, 1/48 x6, 1/44 x2, 3/128 x8, 1/42 x4, 1/40 x2, 1/39 x2, 5/192 x4, 1/37 x8, 1/35 x2, 1/33 x14, 1/32 x14, 1/31 x6, 1/30 x6, 1/29 x12, 1/28 x14, 2/55 x2, 1/27 x8, 1/26 x6, 1/25 x2, 1/24 x10, 11/256 x2, 1/23 x8, 1/22 x6, 2/43 x2, 3/64 x2, 1/21 x16, 1/20 x6, 1/19 x18, 2/37 x2, 1/18 x16, 2/35 x4, 1/17 x32, 2/33 x2, 1/16 x44, 2/31 x2, 1/15 x40, 13/192 x2, 2/29 x8, 1/14 x54, 7/96 x2, 1/13 x60, 2/25 x4, 1/12 x70, 1/11 x74, 2/21 x14, 1/10 x88, 3/29 x4, 2/19 x6, 3/28 x2, 1/9 x100, 2/17 x16, 5/41 x2, 1/8 x148, 3/23 x2, 2/15 x28, 3/22 x2, 1/7 x204, 4/27 x2, 3/20 x4, 2/13 x40, 3/19 x10, 4/25 x2, 1/6 x264, 3/17 x6, 2/11 x48, 3/16 x12, 1/5 x248, 4/19 x2, 3/14 x12, 2/9 x74, 5/22 x2, 3/13 x22, 4/17 x2, 1/4 x364, 4/15 x2, 3/11 x36, 2/7 x146, 5/17 x2, 3/10 x34, 4/13 x10, 5/16 x4, 1/3 x298, 6/17 x2, 5/14 x2, 4/11 x32, 3/8 x102, 2/5 x240, 5/12 x6, 3/7 x72, 4/9 x42, 5/11 x8, 1/2 x406, 6/11 x4, 5/9 x12, 4/7 x40, 7/12 x2, 3/5 x144, 5/8 x18, 2/3 x120, 7/10 x6, 5/7 x34, 3/4 x106, 7/9 x2, 4/5 x76, 5/6 x44, 6/7 x8, 7/8 x2, 1 x175, 8/7 x2, 7/6 x4, 6/5 x22, 5/4 x18, 4/3 x14, 7/5 x8, 3/2 x26, 8/5 x2, 5/3 x6, 7/4 x2, 2 x24, 7/3 x4, 5/2 x2, 3 x4

    case (w5,w7,w11,w13)        margin
    (0, 0, 0, 0)                1/6
    (0, 0, 0, 1)                1
    (0, 0, 0, 2)                2/3
    (0, 0, 0, 3)                1/24
    (0, 0, 0, 4)                2/7
    (0, 0, 0, 5)                2/7
    (0, 0, 0, 6)                1/3
    (0, 0, 0, 7)                1/3
    (0, 0, 0, 8)                3/4
    (0, 0, 0, 9)                1/2
    (0, 0, 0, 10)               5/6
    (0, 0, 0, 11)               1/4
    (0, 0, 0, 12)               1/6
    (0, 0, 1, 0)                3/7
    (0, 0, 1, 1)                3/7
    (0, 0, 1, 2)                4/7
    (0, 0, 1, 3)                1/8
    (0, 0, 1, 4)                1/29
    (0, 0, 1, 5)                1/5
    (0, 0, 1, 6)                2/5
    (0, 0, 1, 7)                2/7
    (0, 0, 1, 8)                2/5
    (0, 0, 1, 9)                3/7
    (0, 0, 1, 10)               2/3
    (0, 0, 1, 11)               1/5
    (0, 0, 1, 12)               2/5
    (0, 0, 2, 0)                2567/1000000
    (0, 0, 2, 1)                1/5
    (0, 0, 2, 2)                1/6
    (0, 0, 2, 3)                1/12
    (0, 0, 2, 4)                1/6
    (0, 0, 2, 5)                2/11
    (0, 0, 2, 6)                1/3
    (0, 0, 2, 7)                1/2
    (0, 0, 2, 8)                1/2
    (0, 0, 2, 9)                1/7
    (0, 0, 2, 10)               1/5
    (0, 0, 2, 11)               3/8
    (0, 0, 3, 0)                3/10
    (0, 0, 3, 1)                1/7
    (0, 0, 3, 2)                1/12
    (0, 0, 3, 3)                2/5
    (0, 0, 3, 4)                6/7
    (0, 0, 3, 5)                1/3
    (0, 0, 3, 6)                1/3
    (0, 0, 3, 7)                5/7
    (0, 0, 3, 8)                5/12
    (0, 0, 3, 9)                3/8
    (0, 0, 3, 10)               3/7
    (0, 0, 3, 11)               1/6
    (0, 0, 3, 12)               3/8
    (0, 0, 4, 0)                2/15
    (0, 0, 4, 1)                1
    (0, 0, 4, 2)                3/11
    (0, 0, 4, 3)                5/192
    (0, 0, 4, 4)                1/10
    (0, 0, 4, 5)                2/9
    (0, 0, 4, 6)                5/7
    (0, 0, 4, 7)                2/17
    (0, 0, 4, 8)                1/13
    (0, 0, 4, 9)                1/12
    (0, 0, 4, 10)               1/6
    (0, 0, 4, 11)               1/6
    (0, 0, 4, 12)               1/33
    (0, 0, 5, 0)                1
    (0, 0, 5, 1)                1/6
    (0, 0, 5, 2)                3/8
    (0, 0, 5, 3)                1/6
    (0, 0, 5, 4)                1/6
    (0, 0, 5, 5)                3/7
    (0, 0, 5, 6)                3/4
    (0, 0, 5, 7)                1/4
    (0, 0, 5, 8)                5/7
    (0, 0, 5, 9)                1/3
    (0, 0, 5, 10)               2/3
    (0, 0, 5, 11)               1/3
    (0, 0, 5, 12)               1/5
    (0, 0, 6, 0)                1/21
    (0, 0, 6, 1)                3/11
    (0, 0, 6, 5)                787/5000000
    (0, 0, 6, 6)                1/6
    (0, 0, 6, 7)                1/10
    (0, 0, 6, 10)               3/4
    (0, 0, 7, 0)                1/2
    (0, 0, 7, 1)                4/3
    (0, 0, 7, 2)                5/11
    (0, 0, 7, 3)                1/5
    (0, 0, 7, 4)                1/2
    (0, 0, 7, 5)                3/7
    (0, 0, 7, 6)                1/2
    (0, 0, 7, 7)                1/2
    (0, 0, 7, 8)                1/3
    (0, 0, 7, 9)                4/5
    (0, 0, 7, 10)               1/2
    (0, 0, 7, 11)               1/3
    (0, 0, 7, 12)               1/5
    (0, 0, 8, 0)                2/13
    (0, 0, 8, 1)                1/6
    (0, 0, 8, 2)                1/2
    (0, 0, 8, 3)                1/13
    (0, 0, 8, 5)                1/7
    (0, 0, 8, 6)                4/5
    (0, 0, 8, 7)                1/19
    (0, 0, 8, 8)                1/31
    (0, 0, 8, 9)                1/3
    (0, 0, 8, 10)               1/3
    (0, 0, 8, 11)               1/15
    (0, 0, 8, 12)               4/13
    (0, 0, 9, 0)                3/13
    (0, 0, 9, 1)                2/7
    (0, 0, 9, 2)                1/5
    (0, 0, 9, 3)                2/5
    (0, 0, 9, 4)                2/7
    (0, 0, 9, 5)                1/33
    (0, 0, 9, 6)                1/2
    (0, 0, 9, 7)                2/5
    (0, 0, 9, 8)                4/9
    (0, 0, 9, 9)                1/12
    (0, 0, 9, 10)               1/2
    (0, 0, 9, 11)               3/8
    (0, 0, 9, 12)               1/3
    (0, 0, 10, 0)               5/16
    (0, 0, 10, 1)               1/3
    (0, 0, 10, 2)               1/10
    (0, 0, 10, 3)               1/16
    (0, 0, 10, 5)               1/5
    (0, 0, 10, 6)               1/2
    (0, 0, 10, 7)               1/64
    (0, 0, 10, 9)               2/15
    (0, 0, 10, 10)              1/4
    (0, 0, 10, 11)              3/14
    (0, 0, 10, 12)              1/7
    (0, 1, 0, 0)                1/6
    (0, 1, 0, 1)                1/6
    (0, 1, 0, 2)                2/9
    (0, 1, 0, 3)                1/3
    (0, 1, 0, 4)                1/4
    (0, 1, 0, 5)                1/4
    (0, 1, 0, 6)                1/8
    (0, 1, 0, 7)                1/2
    (0, 1, 0, 8)                7/5
    (0, 1, 0, 9)                4/5
    (0, 1, 0, 10)               1/4
    (0, 1, 0, 11)               1/11
    (0, 1, 0, 12)               1/4
    (0, 1, 1, 0)                2/11
    (0, 1, 1, 1)                1/16
    (0, 1, 1, 2)                1/12
    (0, 1, 1, 3)                1/3
    (0, 1, 1, 4)                1/8
    (0, 1, 1, 5)                1/9
    (0, 1, 1, 6)                1/17
    (0, 1, 1, 7)                1/3
    (0, 1, 1, 8)                4/11
    (0, 1, 1, 9)                3/13
    (0, 1, 1, 11)               1/8
    (0, 1, 1, 12)               1/2
    (0, 1, 2, 0)                5/8
    (0, 1, 2, 1)                2/3
    (0, 1, 2, 2)                2/5
    (0, 1, 2, 3)                3/2
    (0, 1, 2, 4)                1/11
    (0, 1, 2, 5)                1/5
    (0, 1, 2, 6)                3/5
    (0, 1, 2, 7)                4/5
    (0, 1, 2, 8)                1/4
    (0, 1, 2, 9)                3/5
    (0, 1, 2, 10)               3/8
    (0, 1, 2, 11)               1/7
    (0, 1, 2, 12)               5/6
    (0, 1, 3, 0)                1/9
    (0, 1, 3, 1)                1/5
    (0, 1, 3, 2)                1/4
    (0, 1, 3, 3)                1/4
    (0, 1, 3, 4)                1/2
    (0, 1, 3, 5)                3/8
    (0, 1, 3, 6)                2/5
    (0, 1, 3, 7)                2/5
    (0, 1, 3, 8)                4/5
    (0, 1, 3, 9)                3/19
    (0, 1, 3, 10)               2/29
    (0, 1, 3, 11)               1/2
    (0, 1, 3, 12)               1/2
    (0, 1, 4, 0)                2/5
    (0, 1, 4, 1)                3/5
    (0, 1, 4, 2)                3/8
    (0, 1, 4, 3)                3/4
    (0, 1, 4, 4)                1/3
    (0, 1, 4, 5)                1/14
    (0, 1, 4, 6)                1/13
    (0, 1, 4, 7)                2
    (0, 1, 4, 8)                4/5
    (0, 1, 4, 9)                5/9
    (0, 1, 4, 10)               2/5
    (0, 1, 4, 11)               1/4
    (0, 1, 4, 12)               1/4
    (0, 1, 5, 0)                1/2
    (0, 1, 5, 1)                3/4
    (0, 1, 5, 2)                1/4
    (0, 1, 5, 3)                1/2
    (0, 1, 5, 4)                1/5
    (0, 1, 5, 5)                1/7
    (0, 1, 5, 6)                2/7
    (0, 1, 5, 7)                2/5
    (0, 1, 5, 8)                2/7
    (0, 1, 5, 9)                1/3
    (0, 1, 5, 10)               5/6
    (0, 1, 5, 11)               3/13
    (0, 1, 5, 12)               4/5
    (0, 1, 6, 0)                1/11
    (0, 1, 6, 1)                1/10
    (0, 1, 6, 2)                1/6
    (0, 1, 6, 3)                1/4
    (0, 1, 6, 4)                1/11
    (0, 1, 6, 5)                2/13
    (0, 1, 6, 6)                1/4
    (0, 1, 6, 7)                1/6
    (0, 1, 6, 8)                1/2
    (0, 1, 6, 9)                1/11
    (0, 1, 6, 10)               4/9
    (0, 1, 6, 11)               1/9
    (0, 1, 6, 12)               1/5
    (0, 1, 7, 0)                3/8
    (0, 1, 7, 1)                1/3
    (0, 1, 7, 2)                3/11
    (0, 1, 7, 3)                3/4
    (0, 1, 7, 4)                1/6
    (0, 1, 7, 5)                3/7
    (0, 1, 7, 6)                3/7
    (0, 1, 7, 7)                3/4
    (0, 1, 7, 8)                3/4
    (0, 1, 7, 9)                3/7
    (0, 1, 7, 10)               1/2
    (0, 1, 7, 11)               1/4
    (0, 1, 7, 12)               4/7
    (0, 1, 8, 0)                1/6
    (0, 1, 8, 1)                1/7
    (0, 1, 8, 3)                2/3
    (0, 1, 8, 4)                1/4
    (0, 1, 8, 5)                1/128
    (0, 1, 8, 6)                2/19
    (0, 1, 8, 7)                1/3
    (0, 1, 8, 8)                1/12
    (0, 1, 8, 9)                1/16
    (0, 1, 8, 10)               1/13
    (0, 1, 8, 12)               3/4
    (0, 1, 9, 0)                1/2
    (0, 1, 9, 1)                1
    (0, 1, 9, 2)                1/2
    (0, 1, 9, 3)                1
    (0, 1, 9, 4)                7/9
    (0, 1, 9, 5)                1/2
    (0, 1, 9, 6)                2/5
    (0, 1, 9, 7)                1/4
    (0, 1, 9, 8)                1/3
    (0, 1, 9, 9)                1/4
    (0, 1, 9, 10)               1/6
    (0, 1, 9, 11)               2/5
    (0, 1, 9, 12)               2/3
    (0, 1, 10, 0)               1/512
    (0, 1, 10, 1)               2/9
    (0, 1, 10, 2)               1/4
    (0, 1, 10, 3)               1/2
    (0, 1, 10, 4)               61/65536
    (0, 1, 10, 5)               1/6
    (0, 1, 10, 6)               2/21
    (0, 1, 10, 7)               4/13
    (0, 1, 10, 8)               2/7
    (0, 1, 10, 9)               1/8
    (0, 1, 10, 10)              3/128
    (0, 1, 10, 11)              3/11
    (0, 1, 10, 12)              1/2
    (0, 2, 0, 0)                1/5
    (0, 2, 0, 1)                1/4
    (0, 2, 0, 2)                1/6
    (0, 2, 0, 3)                1/4
    (0, 2, 0, 4)                1
    (0, 2, 0, 5)                5/4
    (0, 2, 0, 6)                1/5
    (0, 2, 0, 7)                1/4
    (0, 2, 0, 8)                1/2
    (0, 2, 0, 9)                1/2
    (0, 2, 0, 10)               1/6
    (0, 2, 0, 11)               2/9
    (0, 2, 0, 12)               1/5
    (0, 2, 1, 0)                1/28
    (0, 2, 1, 1)                1/6
    (0, 2, 1, 2)                1/4
    (0, 2, 1, 3)                1/6
    (0, 2, 1, 4)                2/55
    (0, 2, 1, 5)                5/4
    (0, 2, 1, 6)                2/11
    (0, 2, 1, 7)                3/29
    (0, 2, 1, 8)                1/12
    (0, 2, 1, 9)                1/4
    (0, 2, 1, 10)               1/13
    (0, 2, 1, 11)               1/30
    (0, 2, 1, 12)               1/96
    (0, 2, 2, 0)                1/7
    (0, 2, 2, 1)                1
    (0, 2, 2, 2)                3/4
    (0, 2, 2, 3)                2
    (0, 2, 2, 4)                6/5
    (0, 2, 2, 5)                4/3
    (0, 2, 2, 6)                2/5
    (0, 2, 2, 7)                1
    (0, 2, 2, 8)                1/3
    (0, 2, 2, 9)                1
    (0, 2, 2, 10)               1
    (0, 2, 2, 11)               1/4
    (0, 2, 2, 12)               1/7
    (0, 2, 3, 0)                1/3
    (0, 2, 3, 1)                1/4
    (0, 2, 3, 2)                3/17
    (0, 2, 3, 3)                4/19
    (0, 2, 3, 4)                4/5
    (0, 2, 3, 5)                1/4
    (0, 2, 3, 6)                2/11
    (0, 2, 3, 7)                1/5
    (0, 2, 3, 8)                1/10
    (0, 2, 3, 9)                3/10
    (0, 2, 3, 10)               2/3
    (0, 2, 3, 11)               1/6
    (0, 2, 3, 12)               1/256
    (0, 2, 4, 0)                1/15
    (0, 2, 4, 1)                1/5
    (0, 2, 4, 2)                1/5
    (0, 2, 4, 3)                1/2
    (0, 2, 4, 4)                1/6
    (0, 2, 4, 5)                1/2
    (0, 2, 4, 6)                1/9
    (0, 2, 4, 7)                2/7
    (0, 2, 4, 8)                2/13
    (0, 2, 4, 9)                1/2
    (0, 2, 4, 10)               4/5
    (0, 2, 4, 11)               3/8
    (0, 2, 4, 12)               1/8
    (0, 2, 5, 0)                1/8
    (0, 2, 5, 1)                1/2
    (0, 2, 5, 2)                3/11
    (0, 2, 5, 3)                1/5
    (0, 2, 5, 4)                1/2
    (0, 2, 5, 5)                1/5
    (0, 2, 5, 6)                2/13
    (0, 2, 5, 7)                5/9
    (0, 2, 5, 8)                6/17
    (0, 2, 5, 9)                1/7
    (0, 2, 5, 10)               4/13
    (0, 2, 5, 11)               3/19
    (0, 2, 6, 0)                1/8
    (0, 2, 6, 1)                1/3
    (0, 2, 6, 2)                1/8
    (0, 2, 6, 3)                1/2
    (0, 2, 6, 4)                2/7
    (0, 2, 6, 5)                3/5
    (0, 2, 6, 6)                1/10
    (0, 2, 6, 7)                2/5
    (0, 2, 6, 8)                1/6
    (0, 2, 6, 9)                3/5
    (0, 2, 6, 10)               1/2
    (0, 2, 6, 11)               1/11
    (0, 2, 6, 12)               2/9
    (0, 2, 7, 0)                1/4
    (0, 2, 7, 1)                1/4
    (0, 2, 7, 2)                1/6
    (0, 2, 7, 3)                2/5
    (0, 2, 7, 4)                3/5
    (0, 2, 7, 5)                2/7
    (0, 2, 7, 6)                1/5
    (0, 2, 7, 7)                1/2
    (0, 2, 7, 8)                4/11
    (0, 2, 7, 9)                1/4
    (0, 2, 7, 10)               1/4
    (0, 2, 7, 11)               3/8
    (0, 2, 7, 12)               3/28
    (0, 2, 8, 0)                4/9
    (0, 2, 8, 1)                1/4
    (0, 2, 8, 2)                1/2
    (0, 2, 8, 3)                3/8
    (0, 2, 8, 4)                1/10
    (0, 2, 8, 5)                1/5
    (0, 2, 8, 6)                4/9
    (0, 2, 8, 7)                1/44
    (0, 2, 8, 8)                7/96
    (0, 2, 8, 9)                1/5
    (0, 2, 8, 10)               1/4
    (0, 2, 8, 11)               1/6
    (0, 2, 8, 12)               2/11
    (0, 2, 9, 0)                1/9
    (0, 2, 9, 1)                6/5
    (0, 2, 9, 2)                1/2
    (0, 2, 9, 3)                3/4
    (0, 2, 9, 4)                5/6
    (0, 2, 9, 5)                1/2
    (0, 2, 9, 6)                3/5
    (0, 2, 9, 7)                1/2
    (0, 2, 9, 8)                3/8
    (0, 2, 9, 9)                1/2
    (0, 2, 9, 10)               1/7
    (0, 2, 9, 11)               1/2
    (0, 2, 9, 12)               1
    (0, 2, 10, 0)               1/3
    (0, 2, 10, 1)               3/8
    (0, 2, 10, 2)               1/8
    (0, 2, 10, 3)               1/7
    (0, 2, 10, 4)               1/19
    (0, 2, 10, 5)               1
    (0, 2, 10, 6)               1/9
    (0, 2, 10, 7)               1/23
    (0, 2, 10, 8)               2/11
    (0, 2, 10, 9)               1/7
    (0, 2, 10, 10)              2/11
    (0, 2, 10, 11)              1/28
    (0, 2, 10, 12)              1/9
    (0, 3, 0, 0)                2/9
    (0, 3, 0, 1)                1/11
    (0, 3, 0, 2)                1/2
    (0, 3, 0, 3)                3/5
    (0, 3, 0, 4)                1/6
    (0, 3, 0, 5)                2/5
    (0, 3, 0, 6)                1/10
    (0, 3, 0, 7)                3/5
    (0, 3, 0, 8)                2/7
    (0, 3, 0, 9)                1/2
    (0, 3, 0, 10)               1/8
    (0, 3, 0, 11)               1/3
    (0, 3, 0, 12)               1/8
    (0, 3, 1, 1)                3/19
    (0, 3, 1, 2)                4/13
    (0, 3, 1, 3)                1/7
    (0, 3, 1, 4)                6/17
    (0, 3, 1, 5)                5/9
    (0, 3, 1, 6)                2/13
    (0, 3, 1, 7)                1/5
    (0, 3, 1, 8)                1/2
    (0, 3, 1, 9)                1/5
    (0, 3, 1, 10)               3/11
    (0, 3, 1, 11)               1/2
    (0, 3, 1, 12)               1/8
    (0, 3, 2, 0)                1/8
    (0, 3, 2, 1)                3/8
    (0, 3, 2, 2)                4/5
    (0, 3, 2, 3)                1/2
    (0, 3, 2, 4)                2/13
    (0, 3, 2, 5)                2/7
    (0, 3, 2, 6)                1/9
    (0, 3, 2, 7)                1/2
    (0, 3, 2, 8)                1/6
    (0, 3, 2, 9)                1/2
    (0, 3, 2, 10)               1/5
    (0, 3, 2, 11)               1/5
    (0, 3, 2, 12)               1/15
    (0, 3, 3, 0)                1/256
    (0, 3, 3, 1)                1/6
    (0, 3, 3, 2)                2/3
    (0, 3, 3, 3)                3/10
    (0, 3, 3, 4)                1/10
    (0, 3, 3, 5)                1/5
    (0, 3, 3, 6)                2/11
    (0, 3, 3, 7)                1/4
    (0, 3, 3, 8)                4/5
    (0, 3, 3, 9)                4/19
    (0, 3, 3, 10)               3/17
    (0, 3, 3, 11)               1/4
    (0, 3, 3, 12)               1/3
    (0, 3, 4, 0)                1/7
    (0, 3, 4, 1)                1/4
    (0, 3, 4, 2)                1
    (0, 3, 4, 3)                1
    (0, 3, 4, 4)                1/3
    (0, 3, 4, 5)                1
    (0, 3, 4, 6)                2/5
    (0, 3, 4, 7)                4/3
    (0, 3, 4, 8)                6/5
    (0, 3, 4, 9)                2
    (0, 3, 4, 10)               3/4
    (0, 3, 4, 11)               1
    (0, 3, 4, 12)               1/7
    (0, 3, 5, 0)                1/96
    (0, 3, 5, 1)                1/30
    (0, 3, 5, 2)                1/13
    (0, 3, 5, 3)                1/4
    (0, 3, 5, 4)                1/12
    (0, 3, 5, 5)                3/29
    (0, 3, 5, 6)                2/11
    (0, 3, 5, 7)                5/4
    (0, 3, 5, 8)                2/55
    (0, 3, 5, 9)                1/6
    (0, 3, 5, 10)               1/4
    (0, 3, 5, 11)               1/6
    (0, 3, 5, 12)               1/28
    (0, 3, 6, 0)                1/5
    (0, 3, 6, 1)                2/9
    (0, 3, 6, 2)                1/6
    (0, 3, 6, 3)                1/2
    (0, 3, 6, 4)                1/2
    (0, 3, 6, 5)                1/4
    (0, 3, 6, 6)                1/5
    (0, 3, 6, 7)                5/4
    (0, 3, 6, 8)                1
    (0, 3, 6, 9)                1/4
    (0, 3, 6, 10)               1/6
    (0, 3, 6, 11)               1/4
    (0, 3, 6, 12)               1/5
    (0, 3, 7, 0)                1/9
    (0, 3, 7, 1)                1/28
    (0, 3, 7, 2)                2/11
    (0, 3, 7, 3)                1/7
    (0, 3, 7, 4)                2/11
    (0, 3, 7, 5)                1/23
    (0, 3, 7, 6)                1/9
    (0, 3, 7, 7)                1
    (0, 3, 7, 8)                1/19
    (0, 3, 7, 9)                1/7
    (0, 3, 7, 10)               1/8
    (0, 3, 7, 11)               3/8
    (0, 3, 7, 12)               1/3
    (0, 3, 8, 0)                1
    (0, 3, 8, 1)                1/2
    (0, 3, 8, 2)                1/7
    (0, 3, 8, 3)                1/2
    (0, 3, 8, 4)                3/8
    (0, 3, 8, 5)                1/2
    (0, 3, 8, 6)                3/5
    (0, 3, 8, 7)                1/2
    (0, 3, 8, 8)                5/6
    (0, 3, 8, 9)                3/4
    (0, 3, 8, 10)               1/2
    (0, 3, 8, 11)               6/5
    (0, 3, 8, 12)               1/9
    (0, 3, 9, 0)                2/11
    (0, 3, 9, 1)                1/6
    (0, 3, 9, 2)                1/4
    (0, 3, 9, 3)                1/5
    (0, 3, 9, 4)                7/96
    (0, 3, 9, 5)                1/44
    (0, 3, 9, 6)                4/9
    (0, 3, 9, 7)                1/5
    (0, 3, 9, 8)                1/10
    (0, 3, 9, 9)                3/8
    (0, 3, 9, 10)               1/2
    (0, 3, 9, 11)               1/4
    (0, 3, 9, 12)               4/9
    (0, 3, 10, 0)               3/28
    (0, 3, 10, 1)               3/8
    (0, 3, 10, 2)               1/4
    (0, 3, 10, 3)               1/4
    (0, 3, 10, 4)               4/11
    (0, 3, 10, 5)               1/2
    (0, 3, 10, 6)               1/5
    (0, 3, 10, 7)               2/7
    (0, 3, 10, 8)               3/5
    (0, 3, 10, 9)               2/5
    (0, 3, 10, 10)              1/6
    (0, 3, 10, 11)              1/4
    (0, 3, 10, 12)              1/4
    (0, 4, 0, 0)                1/5
    (0, 4, 0, 1)                1/9
    (0, 4, 0, 2)                4/9
    (0, 4, 0, 3)                1/11
    (0, 4, 0, 4)                1/2
    (0, 4, 0, 5)                1/6
    (0, 4, 0, 6)                1/4
    (0, 4, 0, 7)                2/13
    (0, 4, 0, 8)                1/11
    (0, 4, 0, 9)                1/4
    (0, 4, 0, 10)               1/6
    (0, 4, 0, 11)               1/10
    (0, 4, 0, 12)               1/11
    (0, 4, 1, 0)                4/5
    (0, 4, 1, 1)                3/13
    (0, 4, 1, 2)                5/6
    (0, 4, 1, 3)                1/3
    (0, 4, 1, 4)                2/7
    (0, 4, 1, 5)                2/5
    (0, 4, 1, 6)                2/7
    (0, 4, 1, 7)                1/7
    (0, 4, 1, 8)                1/5
    (0, 4, 1, 9)                1/2
    (0, 4, 1, 10)               1/4
    (0, 4, 1, 11)               3/4
    (0, 4, 1, 12)               1/2
    (0, 4, 2, 0)                1/4
    (0, 4, 2, 1)                1/4
    (0, 4, 2, 2)                2/5
    (0, 4, 2, 3)                5/9
    (0, 4, 2, 4)                4/5
    (0, 4, 2, 5)                2
    (0, 4, 2, 6)                1/13
    (0, 4, 2, 7)                1/14
    (0, 4, 2, 8)                1/3
    (0, 4, 2, 9)                3/4
    (0, 4, 2, 10)               3/8
    (0, 4, 2, 11)               3/5
    (0, 4, 2, 12)               2/5
    (0, 4, 3, 0)                1/2
    (0, 4, 3, 1)                1/2
    (0, 4, 3, 2)                2/29
    (0, 4, 3, 3)                3/19
    (0, 4, 3, 4)                4/5
    (0, 4, 3, 5)                2/5
    (0, 4, 3, 6)                2/5
    (0, 4, 3, 7)                3/8
    (0, 4, 3, 8)                1/2
    (0, 4, 3, 9)                1/4
    (0, 4, 3, 10)               1/4
    (0, 4, 3, 11)               1/5
    (0, 4, 3, 12)               1/9
    (0, 4, 4, 0)                5/6
    (0, 4, 4, 1)                1/7
    (0, 4, 4, 2)                3/8
    (0, 4, 4, 3)                3/5
    (0, 4, 4, 4)                1/4
    (0, 4, 4, 5)                4/5
    (0, 4, 4, 6)                3/5
    (0, 4, 4, 7)                1/5
    (0, 4, 4, 8)                1/11
    (0, 4, 4, 9)                3/2
    (0, 4, 4, 10)               2/5
    (0, 4, 4, 11)               2/3
    (0, 4, 4, 12)               5/8
    (0, 4, 5, 0)                1/2
    (0, 4, 5, 1)                1/8
    (0, 4, 5, 3)                3/13
    (0, 4, 5, 4)                4/11
    (0, 4, 5, 5)                1/3
    (0, 4, 5, 6)                1/17
    (0, 4, 5, 7)                1/9
    (0, 4, 5, 8)                1/8
    (0, 4, 5, 9)                1/3
    (0, 4, 5, 10)               1/12
    (0, 4, 5, 11)               1/16
    (0, 4, 5, 12)               2/11
    (0, 4, 6, 0)                1/4
    (0, 4, 6, 1)                1/11
    (0, 4, 6, 2)                1/4
    (0, 4, 6, 3)                4/5
    (0, 4, 6, 4)                7/5
    (0, 4, 6, 5)                1/2
    (0, 4, 6, 6)                1/8
    (0, 4, 6, 7)                1/4
    (0, 4, 6, 8)                1/4
    (0, 4, 6, 9)                1/3
    (0, 4, 6, 10)               2/9
    (0, 4, 6, 11)               1/6
    (0, 4, 6, 12)               1/6
    (0, 4, 7, 0)                1/2
    (0, 4, 7, 1)                3/11
    (0, 4, 7, 2)                3/128
    (0, 4, 7, 3)                1/8
    (0, 4, 7, 4)                2/7
    (0, 4, 7, 5)                4/13
    (0, 4, 7, 6)                2/21
    (0, 4, 7, 7)                1/6
    (0, 4, 7, 8)                61/65536
    (0, 4, 7, 9)                1/2
    (0, 4, 7, 10)               1/4
    (0, 4, 7, 11)               2/9
    (0, 4, 7, 12)               1/512
    (0, 4, 8, 0)                2/3
    (0, 4, 8, 1)                2/5
    (0, 4, 8, 2)                1/6
    (0, 4, 8, 3)                1/4
    (0, 4, 8, 4)                1/3
    (0, 4, 8, 5)                1/4
    (0, 4, 8, 6)                2/5
    (0, 4, 8, 7)                1/2
    (0, 4, 8, 8)                7/9
    (0, 4, 8, 9)                1
    (0, 4, 8, 10)               1/2
    (0, 4, 8, 11)               1
    (0, 4, 8, 12)               1/2
    (0, 4, 9, 0)                3/4
    (0, 4, 9, 2)                1/13
    (0, 4, 9, 3)                1/16
    (0, 4, 9, 4)                1/12
    (0, 4, 9, 5)                1/3
    (0, 4, 9, 6)                2/19
    (0, 4, 9, 7)                1/128
    (0, 4, 9, 8)                1/4
    (0, 4, 9, 9)                2/3
    (0, 4, 9, 11)               1/7
    (0, 4, 9, 12)               1/6
    (0, 4, 10, 0)               4/7
    (0, 4, 10, 1)               1/4
    (0, 4, 10, 2)               1/2
    (0, 4, 10, 3)               3/7
    (0, 4, 10, 4)               3/4
    (0, 4, 10, 5)               3/4
    (0, 4, 10, 6)               3/7
    (0, 4, 10, 7)               3/7
    (0, 4, 10, 8)               1/6
    (0, 4, 10, 9)               3/4
    (0, 4, 10, 10)              3/11
    (0, 4, 10, 11)              1/3
    (0, 4, 10, 12)              3/8
    (0, 5, 0, 2)                3/4
    (0, 5, 0, 5)                1/10
    (0, 5, 0, 6)                1/6
    (0, 5, 0, 7)                787/5000000
    (0, 5, 0, 11)               3/11
    (0, 5, 0, 12)               1/21
    (0, 5, 1, 0)                1/5
    (0, 5, 1, 1)                1/3
    (0, 5, 1, 2)                2/3
    (0, 5, 1, 3)                1/3
    (0, 5, 1, 4)                5/7
    (0, 5, 1, 5)                1/4
    (0, 5, 1, 6)                3/4
    (0, 5, 1, 7)                3/7
    (0, 5, 1, 8)                1/6
    (0, 5, 1, 9)                1/6
    (0, 5, 1, 10)               3/8
    (0, 5, 1, 11)               1/6
    (0, 5, 1, 12)               1
    (0, 5, 2, 0)                1/33
    (0, 5, 2, 1)                1/6
    (0, 5, 2, 2)                1/6
    (0, 5, 2, 3)                1/12
    (0, 5, 2, 4)                1/13
    (0, 5, 2, 5)                2/17
    (0, 5, 2, 6)                5/7
    (0, 5, 2, 7)                2/9
    (0, 5, 2, 8)                1/10
    (0, 5, 2, 9)                5/192
    (0, 5, 2, 10)               3/11
    (0, 5, 2, 11)               1
    (0, 5, 2, 12)               2/15
    (0, 5, 3, 0)                3/8
    (0, 5, 3, 1)                1/6
    (0, 5, 3, 2)                3/7
    (0, 5, 3, 3)                3/8
    (0, 5, 3, 4)                5/12
    (0, 5, 3, 5)                5/7
    (0, 5, 3, 6)                1/3
    (0, 5, 3, 7)                1/3
    (0, 5, 3, 8)                6/7
    (0, 5, 3, 9)                2/5
    (0, 5, 3, 10)               1/12
    (0, 5, 3, 11)               1/7
    (0, 5, 3, 12)               3/10
    (0, 5, 4, 1)                3/8
    (0, 5, 4, 2)                1/5
    (0, 5, 4, 3)                1/7
    (0, 5, 4, 4)                1/2
    (0, 5, 4, 5)                1/2
    (0, 5, 4, 6)                1/3
    (0, 5, 4, 7)                2/11
    (0, 5, 4, 8)                1/6
    (0, 5, 4, 9)                1/12
    (0, 5, 4, 10)               1/6
    (0, 5, 4, 11)               1/5
    (0, 5, 4, 12)               2567/1000000
    (0, 5, 5, 0)                2/5
    (0, 5, 5, 1)                1/5
    (0, 5, 5, 2)                2/3
    (0, 5, 5, 3)                3/7
    (0, 5, 5, 4)                2/5
    (0, 5, 5, 5)                2/7
    (0, 5, 5, 6)                2/5
    (0, 5, 5, 7)                1/5
    (0, 5, 5, 8)                1/29
    (0, 5, 5, 9)                1/8
    (0, 5, 5, 10)               4/7
    (0, 5, 5, 11)               3/7
    (0, 5, 5, 12)               3/7
    (0, 5, 6, 0)                1/6
    (0, 5, 6, 1)                1/4
    (0, 5, 6, 2)                5/6
    (0, 5, 6, 3)                1/2
    (0, 5, 6, 4)                3/4
    (0, 5, 6, 5)                1/3
    (0, 5, 6, 6)                1/3
    (0, 5, 6, 7)                2/7
    (0, 5, 6, 8)                2/7
    (0, 5, 6, 9)                1/24
    (0, 5, 6, 10)               2/3
    (0, 5, 6, 11)               1
    (0, 5, 6, 12)               1/6
    (0, 5, 7, 0)                1/7
    (0, 5, 7, 1)                3/14
    (0, 5, 7, 2)                1/4
    (0, 5, 7, 3)                2/15
    (0, 5, 7, 5)                1/64
    (0, 5, 7, 6)                1/2
    (0, 5, 7, 7)                1/5
    (0, 5, 7, 9)                1/16
    (0, 5, 7, 10)               1/10
    (0, 5, 7, 11)               1/3
    (0, 5, 7, 12)               5/16
    (0, 5, 8, 0)                1/3
    (0, 5, 8, 1)                3/8
    (0, 5, 8, 2)                1/2
    (0, 5, 8, 3)                1/12
    (0, 5, 8, 4)                4/9
    (0, 5, 8, 5)                2/5
    (0, 5, 8, 6)                1/2
    (0, 5, 8, 7)                1/33
    (0, 5, 8, 8)                2/7
    (0, 5, 8, 9)                2/5
    (0, 5, 8, 10)               1/5
    (0, 5, 8, 11)               2/7
    (0, 5, 8, 12)               3/13
    (0, 5, 9, 0)                4/13
    (0, 5, 9, 1)                1/15
    (0, 5, 9, 2)                1/3
    (0, 5, 9, 3)                1/3
    (0, 5, 9, 4)                1/31
    (0, 5, 9, 5)                1/19
    (0, 5, 9, 6)                4/5
    (0, 5, 9, 7)                1/7
    (0, 5, 9, 9)                1/13
    (0, 5, 9, 10)               1/2
    (0, 5, 9, 11)               1/6
    (0, 5, 9, 12)               2/13
    (0, 5, 10, 0)               1/5
    (0, 5, 10, 1)               1/3
    (0, 5, 10, 2)               1/2
    (0, 5, 10, 3)               4/5
    (0, 5, 10, 4)               1/3
    (0, 5, 10, 5)               1/2
    (0, 5, 10, 6)               1/2
    (0, 5, 10, 7)               3/7
    (0, 5, 10, 8)               1/2
    (0, 5, 10, 9)               1/5
    (0, 5, 10, 10)              5/11
    (0, 5, 10, 11)              4/3
    (0, 5, 10, 12)              1/2
    (0, 6, 0, 0)                5/7
    (0, 6, 0, 1)                4/15
    (0, 6, 0, 2)                1/6
    (0, 6, 0, 3)                1/17
    (0, 6, 0, 4)                1/4
    (0, 6, 0, 5)                2/9
    (0, 6, 0, 6)                2/17
    (0, 6, 0, 7)                1/3
    (0, 6, 0, 8)                1/6
    (0, 6, 0, 9)                1/7
    (0, 6, 0, 10)               1/4
    (0, 6, 0, 11)               1/10
    (0, 6, 0, 12)               4/11
    (0, 6, 1, 0)                1/4
    (0, 6, 1, 1)                1/15
    (0, 6, 1, 2)                1/10
    (0, 6, 1, 3)                2/5
    (0, 6, 1, 4)                3/7
    (0, 6, 1, 5)                1/9
    (0, 6, 1, 6)                1/6
    (0, 6, 1, 7)                1/4
    (0, 6, 1, 8)                1/4
    (0, 6, 1, 9)                1/8
    (0, 6, 1, 10)               1/8
    (0, 6, 1, 11)               1/6
    (0, 6, 1, 12)               1
    (0, 6, 2, 0)                1/14
    (0, 6, 2, 1)                1/14
    (0, 6, 2, 2)                1/5
    (0, 6, 2, 4)                1/5
    (0, 6, 2, 5)                3/5
    (0, 6, 2, 6)                2/7
    (0, 6, 2, 7)                1/29
    (0, 6, 2, 8)                1
    (0, 6, 2, 9)                1/15
    (0, 6, 2, 10)               1/16384
    (0, 6, 2, 11)               4/7
    (0, 6, 2, 12)               1/4
    (0, 6, 3, 0)                1/4
    (0, 6, 3, 1)                1/3
    (0, 6, 3, 2)                1/2
    (0, 6, 3, 3)                1/2
    (0, 6, 3, 4)                2
    (0, 6, 3, 5)                3/4
    (0, 6, 3, 6)                1
    (0, 6, 3, 7)                3/4
    (0, 6, 3, 8)                2
    (0, 6, 3, 9)                1/2
    (0, 6, 3, 10)               1/2
    (0, 6, 3, 11)               1/3
    (0, 6, 3, 12)               1/4
    (0, 6, 4, 0)                1/4
    (0, 6, 4, 1)                4/7
    (0, 6, 4, 2)                1/16384
    (0, 6, 4, 3)                1/15
    (0, 6, 4, 4)                1
    (0, 6, 4, 5)                1/29
    (0, 6, 4, 6)                2/7
    (0, 6, 4, 7)                3/5
    (0, 6, 4, 8)                1/5
    (0, 6, 4, 10)               1/5
    (0, 6, 4, 11)               1/14
    (0, 6, 4, 12)               1/14
    (0, 6, 5, 0)                1
    (0, 6, 5, 1)                1/6
    (0, 6, 5, 2)                1/8
    (0, 6, 5, 3)                1/8
    (0, 6, 5, 4)                1/4
    (0, 6, 5, 5)                1/4
    (0, 6, 5, 6)                1/6
    (0, 6, 5, 7)                1/9
    (0, 6, 5, 8)                3/7
    (0, 6, 5, 9)                2/5
    (0, 6, 5, 10)               1/10
    (0, 6, 5, 11)               1/15
    (0, 6, 5, 12)               1/4
    (0, 6, 6, 0)                4/11
    (0, 6, 6, 1)                1/10
    (0, 6, 6, 2)                1/4
    (0, 6, 6, 3)                1/7
    (0, 6, 6, 4)                1/6
    (0, 6, 6, 5)                1/3
    (0, 6, 6, 6)                2/17
    (0, 6, 6, 7)                2/9
    (0, 6, 6, 8)                1/4
    (0, 6, 6, 9)                1/17
    (0, 6, 6, 10)               1/6
    (0, 6, 6, 11)               4/15
    (0, 6, 6, 12)               5/7
    (0, 6, 7, 0)                4/5
    (0, 6, 7, 1)                2/7
    (0, 6, 7, 2)                2/7
    (0, 6, 7, 3)                1/12
    (0, 6, 7, 4)                2/5
    (0, 6, 7, 5)                1/7
    (0, 6, 7, 6)                3/5
    (0, 6, 7, 7)                1/4
    (0, 6, 7, 8)                1
    (0, 6, 7, 9)                1/14
    (0, 6, 7, 10)               3/5
    (0, 6, 7, 11)               2/3
    (0, 6, 7, 12)               1/6
    (0, 6, 8, 0)                1/2
    (0, 6, 8, 1)                1/21
    (0, 6, 8, 2)                1/24
    (0, 6, 8, 3)                1
    (0, 6, 8, 4)                1/4
    (0, 6, 8, 5)                2/5
    (0, 6, 8, 6)                2/5
    (0, 6, 8, 7)                1/4
    (0, 6, 8, 8)                1/6
    (0, 6, 8, 9)                1/7
    (0, 6, 8, 10)               1/7
    (0, 6, 8, 11)               1/6
    (0, 6, 8, 12)               4/5
    (0, 6, 9, 0)                4/5
    (0, 6, 9, 1)                1/6
    (0, 6, 9, 2)                1/7
    (0, 6, 9, 3)                1/7
    (0, 6, 9, 4)                1/6
    (0, 6, 9, 5)                1/4
    (0, 6, 9, 6)                2/5
    (0, 6, 9, 7)                2/5
    (0, 6, 9, 8)                1/4
    (0, 6, 9, 9)                1
    (0, 6, 9, 10)               1/24
    (0, 6, 9, 11)               1/21
    (0, 6, 9, 12)               1/2
    (0, 6, 10, 0)               1/6
    (0, 6, 10, 1)               2/3
    (0, 6, 10, 2)               3/5
    (0, 6, 10, 3)               1/14
    (0, 6, 10, 4)               1
    (0, 6, 10, 5)               1/4
    (0, 6, 10, 6)               3/5
    (0, 6, 10, 7)               1/7
    (0, 6, 10, 8)               2/5
    (0, 6, 10, 9)               1/12
    (0, 6, 10, 10)              2/7
    (0, 6, 10, 11)              2/7
    (0, 6, 10, 12)              4/5
    (1, 0, 0, 0)                3/5
    (1, 0, 0, 1)                5/7
    (1, 0, 0, 2)                2/5
    (1, 0, 0, 3)                4/5
    (1, 0, 0, 4)                3/14
    (1, 0, 0, 5)                1
    (1, 0, 0, 6)                7/10
    (1, 0, 0, 7)                2/5
    (1, 0, 0, 8)                2/7
    (1, 0, 0, 9)                5/6
    (1, 0, 0, 10)               1/9
    (1, 0, 0, 11)               1/3
    (1, 0, 0, 12)               2/7
    (1, 0, 1, 0)                1/9
    (1, 0, 1, 1)                1/6
    (1, 0, 1, 2)                1/11
    (1, 0, 1, 3)                1/3
    (1, 0, 1, 4)                1/17
    (1, 0, 1, 5)                1/2
    (1, 0, 1, 6)                1/9
    (1, 0, 1, 7)                1/8
    (1, 0, 1, 8)                3/10
    (1, 0, 1, 9)                1/5
    (1, 0, 1, 10)               1/7
    (1, 0, 1, 11)               1/6
    (1, 0, 1, 12)               1/10
    (1, 0, 2, 0)                1
    (1, 0, 2, 1)                2/7
    (1, 0, 2, 2)                3/16
    (1, 0, 2, 3)                1/10
    (1, 0, 2, 4)                3/5
    (1, 0, 2, 5)                1/6
    (1, 0, 2, 6)                4/9
    (1, 0, 2, 7)                1/12
    (1, 0, 2, 8)                4/11
    (1, 0, 2, 9)                1/4
    (1, 0, 2, 10)               1/8
    (1, 0, 2, 11)               1/4
    (1, 0, 2, 12)               1/6
    (1, 0, 3, 0)                7/8
    (1, 0, 3, 1)                1/7
    (1, 0, 3, 2)                1/12
    (1, 0, 3, 3)                1/5
    (1, 0, 3, 5)                1/6
    (1, 0, 3, 6)                4/3
    (1, 0, 3, 7)                2/7
    (1, 0, 3, 8)                1/29
    (1, 0, 3, 9)                1
    (1, 0, 3, 10)               1/15
    (1, 0, 3, 11)               1/16384
    (1, 0, 3, 12)               4/7
    (1, 0, 4, 0)                1/4
    (1, 0, 4, 1)                4/3
    (1, 0, 4, 2)                2/3
    (1, 0, 4, 3)                1/3
    (1, 0, 4, 4)                1/3
    (1, 0, 4, 5)                2
    (1, 0, 4, 6)                1
    (1, 0, 4, 7)                1
    (1, 0, 4, 8)                1/2
    (1, 0, 4, 9)                2
    (1, 0, 4, 10)               1/2
    (1, 0, 4, 11)               1/4
    (1, 0, 4, 12)               1/3
    (1, 0, 5, 0)                1/14
    (1, 0, 5, 1)                1/6
    (1, 0, 5, 2)                5/7
    (1, 0, 5, 3)                1/16384
    (1, 0, 5, 4)                1/15
    (1, 0, 5, 5)                1
    (1, 0, 5, 6)                2/29
    (1, 0, 5, 7)                1/7
    (1, 0, 5, 8)                3/5
    (1, 0, 5, 9)                1/6
    (1, 0, 5, 11)               1/2
    (1, 0, 5, 12)               1/6
    (1, 0, 6, 0)                3/8
    (1, 0, 6, 1)                7/5
    (1, 0, 6, 2)                1/6
    (1, 0, 6, 3)                1/8
    (1, 0, 6, 4)                1/7
    (1, 0, 6, 5)                1/2
    (1, 0, 6, 6)                1/4
    (1, 0, 6, 7)                1/12
    (1, 0, 6, 8)                2/9
    (1, 0, 6, 9)                1/3
    (1, 0, 6, 10)               3/5
    (1, 0, 6, 11)               7/12
    (1, 0, 6, 12)               1/14
    (1, 0, 7, 0)                4/7
    (1, 0, 7, 1)                4/11
    (1, 0, 7, 2)                1/10
    (1, 0, 7, 3)                1/6
    (1, 0, 7, 4)                1/7
    (1, 0, 7, 5)                1/5
    (1, 0, 7, 6)                1/4
    (1, 0, 7, 7)                1/16
    (1, 0, 7, 8)                1/9
    (1, 0, 7, 9)                4/5
    (1, 0, 7, 10)               1/23
    (1, 0, 7, 11)               1/8
    (1, 0, 7, 12)               1/11
    (1, 0, 8, 0)                1/6
    (1, 0, 8, 1)                4/5
    (1, 0, 8, 2)                2/9
    (1, 0, 8, 3)                2/7
    (1, 0, 8, 4)                1/12
    (1, 0, 8, 5)                1/5
    (1, 0, 8, 6)                1/4
    (1, 0, 8, 7)                3/5
    (1, 0, 8, 8)                1/4
    (1, 0, 8, 9)                1
    (1, 0, 8, 10)               1/14
    (1, 0, 8, 11)               3/5
    (1, 0, 8, 12)               3/5
    (1, 0, 9, 0)                4/5
    (1, 0, 9, 1)                1/4
    (1, 0, 9, 2)                1/7
    (1, 0, 9, 3)                1/24
    (1, 0, 9, 4)                1/2
    (1, 0, 9, 5)                2/5
    (1, 0, 9, 6)                3/10
    (1, 0, 9, 7)                1/4
    (1, 0, 9, 8)                3/4
    (1, 0, 9, 9)                1/6
    (1, 0, 9, 10)               2/7
    (1, 0, 9, 11)               2/7
    (1, 0, 9, 12)               1/8
    (1, 0, 10, 0)               1/4
    (1, 0, 10, 1)               3/5
    (1, 0, 10, 2)               1/4
    (1, 0, 10, 3)               1/7
    (1, 0, 10, 4)               2/7
    (1, 0, 10, 5)               1/5
    (1, 0, 10, 6)               3/5
    (1, 0, 10, 7)               4/5
    (1, 0, 10, 8)               2/5
    (1, 0, 10, 9)               2/5
    (1, 0, 10, 10)              5/6
    (1, 0, 10, 11)              1/24
    (1, 0, 10, 12)              2/21
    (1, 1, 0, 0)                1/6
    (1, 1, 0, 1)                3/19
    (1, 1, 0, 2)                1/7
    (1, 1, 0, 3)                1/10
    (1, 1, 0, 4)                1/32
    (1, 1, 0, 6)                5/9
    (1, 1, 0, 7)                1/5
    (1, 1, 0, 8)                3/128
    (1, 1, 0, 10)               2/17
    (1, 1, 0, 11)               2/9
    (1, 1, 0, 12)               1/14
    (1, 1, 1, 0)                1/4
    (1, 1, 1, 1)                1/2
    (1, 1, 1, 2)                1/3
    (1, 1, 1, 3)                1/3
    (1, 1, 1, 4)                1/42
    (1, 1, 1, 5)                1/4
    (1, 1, 1, 6)                3/8
    (1, 1, 1, 7)                1/4
    (1, 1, 1, 8)                1/3
    (1, 1, 1, 9)                1
    (1, 1, 1, 10)               2/7
    (1, 1, 1, 11)               1/2
    (1, 1, 1, 12)               1/8
    (1, 1, 2, 0)                1/3
    (1, 1, 2, 1)                1/7
    (1, 1, 2, 2)                1/2
    (1, 1, 2, 3)                1/6
    (1, 1, 2, 4)                1/6
    (1, 1, 2, 5)                1/11
    (1, 1, 2, 6)                1/5
    (1, 1, 2, 7)                1/3
    (1, 1, 2, 8)                1/2
    (1, 1, 2, 9)                1/3
    (1, 1, 2, 10)               1/7
    (1, 1, 2, 11)               1
    (1, 1, 2, 12)               1/5
    (1, 1, 3, 1)                27/50000
    (1, 1, 3, 2)                5/7
    (1, 1, 3, 3)                1/6
    (1, 1, 3, 4)                1/14
    (1, 1, 3, 5)                1/4
    (1, 1, 3, 6)                2/11
    (1, 1, 3, 7)                1/4
    (1, 1, 3, 8)                1/4
    (1, 1, 3, 9)                2/3
    (1, 1, 3, 10)               1/18
    (1, 1, 3, 11)               2/5
    (1, 1, 3, 12)               1/5
    (1, 1, 4, 0)                1/5
    (1, 1, 4, 1)                1/3
    (1, 1, 4, 2)                1/5
    (1, 1, 4, 3)                1/14
    (1, 1, 4, 4)                1/6
    (1, 1, 4, 5)                7/10
    (1, 1, 4, 6)                1/16
    (1, 1, 4, 7)                3/8
    (1, 1, 4, 8)                1/7
    (1, 1, 4, 9)                5/11
    (1, 1, 4, 10)               1/18
    (1, 1, 4, 11)               1/2
    (1, 1, 4, 12)               1/3
    (1, 1, 5, 1)                1/23
    (1, 1, 5, 2)                1/6
    (1, 1, 5, 3)                1/7
    (1, 1, 5, 5)                1/14
    (1, 1, 5, 6)                2/13
    (1, 1, 5, 7)                2/9
    (1, 1, 5, 8)                1/48
    (1, 1, 5, 9)                1/17
    (1, 1, 5, 10)               1/11
    (1, 1, 5, 11)               1/5
    (1, 1, 5, 12)               5/8
    (1, 1, 6, 0)                1/2
    (1, 1, 6, 1)                1/2
    (1, 1, 6, 2)                2/7
    (1, 1, 6, 3)                3/8
    (1, 1, 6, 4)                3/8
    (1, 1, 6, 5)                2/7
    (1, 1, 6, 6)                1/13
    (1, 1, 6, 7)                1/4
    (1, 1, 6, 8)                1/5
    (1, 1, 6, 9)                1/3
    (1, 1, 6, 10)               1/12
    (1, 1, 6, 11)               1/4
    (1, 1, 6, 12)               1/3
    (1, 1, 7, 1)                2/35
    (1, 1, 7, 2)                1/8
    (1, 1, 7, 7)                2/13
    (1, 1, 7, 8)                1/10
    (1, 1, 7, 11)               1/2
    (1, 1, 8, 0)                2/7
    (1, 1, 8, 1)                1/5
    (1, 1, 8, 2)                3/2
    (1, 1, 8, 3)                3/11
    (1, 1, 8, 4)                1/2
    (1, 1, 8, 5)                1/4
    (1, 1, 8, 6)                2/9
    (1, 1, 8, 7)                5/6
    (1, 1, 8, 8)                5/6
    (1, 1, 8, 9)                1/5
    (1, 1, 8, 10)               1/6
    (1, 1, 8, 11)               1/2
    (1, 1, 8, 12)               2/5
    (1, 1, 9, 0)                1/15
    (1, 1, 9, 1)                4/27
    (1, 1, 9, 2)                1/3
    (1, 1, 9, 3)                2/9
    (1, 1, 9, 4)                1/17
    (1, 1, 9, 6)                1/19
    (1, 1, 9, 7)                5/9
    (1, 1, 9, 8)                5/192
    (1, 1, 9, 9)                1/96
    (1, 1, 9, 10)               1/11
    (1, 1, 9, 11)               2/7
    (1, 1, 9, 12)               1/15
    (1, 1, 10, 0)               1/5
    (1, 1, 10, 1)               1/13
    (1, 1, 10, 2)               2/7
    (1, 1, 10, 3)               2/5
    (1, 1, 10, 4)               1/3
    (1, 1, 10, 5)               1/7
    (1, 1, 10, 6)               1/33
    (1, 1, 10, 7)               2/5
    (1, 1, 10, 8)               1
    (1, 1, 10, 9)               1/3
    (1, 1, 10, 10)              5/17
    (1, 1, 10, 11)              1/2
    (1, 1, 10, 12)              3/8
    (1, 2, 0, 0)                1/4
    (1, 2, 0, 1)                1/256
    (1, 2, 0, 2)                4/9
    (1, 2, 0, 3)                1/5
    (1, 2, 0, 4)                7/6
    (1, 2, 0, 5)                131/32768
    (1, 2, 0, 6)                3/7
    (1, 2, 0, 7)                1/10
    (1, 2, 0, 8)                2/13
    (1, 2, 0, 9)                2/7
    (1, 2, 0, 10)               2/13
    (1, 2, 0, 11)               1/32
    (1, 2, 0, 12)               1/11
    (1, 2, 1, 0)                1/3
    (1, 2, 1, 1)                1/6
    (1, 2, 1, 2)                1/4
    (1, 2, 1, 3)                2/9
    (1, 2, 1, 4)                1/6
    (1, 2, 1, 5)                1/4
    (1, 2, 1, 6)                1/2
    (1, 2, 1, 7)                1/8
    (1, 2, 1, 8)                3/5
    (1, 2, 1, 9)                6/5
    (1, 2, 1, 10)               3/5
    (1, 2, 1, 11)               3/8
    (1, 2, 1, 12)               2/11
    (1, 2, 2, 0)                1/2
    (1, 2, 2, 1)                3/11
    (1, 2, 2, 2)                1/16
    (1, 2, 2, 3)                1/10
    (1, 2, 2, 4)                1/6
    (1, 2, 2, 5)                1/8
    (1, 2, 2, 6)                3/10
    (1, 2, 2, 7)                1/16
    (1, 2, 2, 8)                1/10
    (1, 2, 2, 9)                1/8
    (1, 2, 2, 10)               1/11
    (1, 2, 2, 12)               1/8
    (1, 2, 3, 0)                1/2
    (1, 2, 3, 1)                5/8
    (1, 2, 3, 2)                1/4
    (1, 2, 3, 3)                2/3
    (1, 2, 3, 4)                2/3
    (1, 2, 3, 5)                2/11
    (1, 2, 3, 6)                1/5
    (1, 2, 3, 7)                2/5
    (1, 2, 3, 8)                4/5
    (1, 2, 3, 9)                1
    (1, 2, 3, 10)               3/5
    (1, 2, 3, 11)               3/8
    (1, 2, 3, 12)               2/9
    (1, 2, 4, 0)                2/3
    (1, 2, 4, 1)                2/9
    (1, 2, 4, 2)                2/5
    (1, 2, 4, 3)                2/7
    (1, 2, 4, 4)                6/5
    (1, 2, 4, 5)                2/5
    (1, 2, 4, 6)                2/7
    (1, 2, 4, 7)                1/5
    (1, 2, 4, 8)                2/5
    (1, 2, 4, 9)                2/5
    (1, 2, 4, 10)               2/19
    (1, 2, 4, 11)               1/27
    (1, 2, 4, 12)               3/5
    (1, 2, 5, 0)                4/5
    (1, 2, 5, 1)                1/3
    (1, 2, 5, 2)                1/5
    (1, 2, 5, 3)                3/8
    (1, 2, 5, 4)                3/4
    (1, 2, 5, 5)                1/2
    (1, 2, 5, 6)                1/8
    (1, 2, 5, 7)                1/13
    (1, 2, 5, 8)                3/2
    (1, 2, 5, 9)                7/5
    (1, 2, 5, 10)               1/4
    (1, 2, 5, 11)               5/6
    (1, 2, 5, 12)               1/8
    (1, 2, 6, 0)                1
    (1, 2, 6, 1)                1/2
    (1, 2, 6, 2)                1/2
    (1, 2, 6, 3)                1/4
    (1, 2, 6, 4)                1
    (1, 2, 6, 5)                1/5
    (1, 2, 6, 6)                2/7
    (1, 2, 6, 7)                1/10
    (1, 2, 6, 8)                1/5
    (1, 2, 6, 9)                1/4
    (1, 2, 6, 10)               1/6
    (1, 2, 6, 11)               1/6
    (1, 2, 6, 12)               4/13
    (1, 2, 7, 0)                1/5
    (1, 2, 7, 1)                1/9
    (1, 2, 7, 2)                1/17
    (1, 2, 7, 3)                1/5
    (1, 2, 7, 4)                1/4
    (1, 2, 7, 5)                2/11
    (1, 2, 7, 6)                1/13
    (1, 2, 7, 7)                1/4
    (1, 2, 7, 8)                1/2
    (1, 2, 7, 9)                3/8
    (1, 2, 7, 10)               1/11
    (1, 2, 7, 11)               2/7
    (1, 2, 7, 12)               1/6
    (1, 2, 8, 0)                3/7
    (1, 2, 8, 1)                1/2
    (1, 2, 8, 2)                1/2
    (1, 2, 8, 3)                1/7
    (1, 2, 8, 4)                3/4
    (1, 2, 8, 5)                1/6
    (1, 2, 8, 6)                3/7
    (1, 2, 8, 7)                1/6
    (1, 2, 8, 8)                1/2
    (1, 2, 8, 9)                1/4
    (1, 2, 8, 10)               1/7
    (1, 2, 8, 11)               1/3
    (1, 2, 8, 12)               2/5
    (1, 2, 9, 0)                1/2
    (1, 2, 9, 1)                1/3
    (1, 2, 9, 2)                1/7
    (1, 2, 9, 4)                1/5
    (1, 2, 9, 5)                1/12
    (1, 2, 9, 6)                1/64
    (1, 2, 9, 7)                1/17
    (1, 2, 9, 8)                1/2
    (1, 2, 9, 9)                1/4
    (1, 2, 9, 10)               3/16
    (1, 2, 9, 11)               1/14
    (1, 2, 10, 0)               3/2
    (1, 2, 10, 1)               1
    (1, 2, 10, 2)               1
    (1, 2, 10, 3)               3/4
    (1, 2, 10, 4)               1/4
    (1, 2, 10, 5)               1/4
    (1, 2, 10, 6)               1/2
    (1, 2, 10, 7)               1/5
    (1, 2, 10, 8)               2/5
    (1, 2, 10, 9)               3/5
    (1, 2, 10, 10)              2/5
    (1, 2, 10, 11)              6/7
    (1, 2, 10, 12)              3/5
    (1, 3, 0, 0)                1/11
    (1, 3, 0, 1)                3/11
    (1, 3, 0, 2)                1/7
    (1, 3, 0, 3)                1/6
    (1, 3, 0, 4)                1/5
    (1, 3, 0, 5)                1/16
    (1, 3, 0, 6)                1
    (1, 3, 0, 7)                1/11
    (1, 3, 0, 8)                1/32
    (1, 3, 0, 9)                1/18
    (1, 3, 0, 10)               3/11
    (1, 3, 0, 11)               1/9
    (1, 3, 0, 12)               1/8
    (1, 3, 1, 0)                1/4
    (1, 3, 1, 1)                1/8
    (1, 3, 1, 2)                1/3
    (1, 3, 1, 3)                1/3
    (1, 3, 1, 4)                1/4
    (1, 3, 1, 5)                1
    (1, 3, 1, 6)                1
    (1, 3, 1, 7)                1/7
    (1, 3, 1, 8)                5/4
    (1, 3, 1, 9)                2/3
    (1, 3, 1, 10)               1
    (1, 3, 1, 11)               1/4
    (1, 3, 1, 12)               4/11
    (1, 3, 2, 1)                1/128
    (1, 3, 2, 2)                1/10
    (1, 3, 2, 3)                1/2
    (1, 3, 2, 4)                1/21
    (1, 3, 2, 5)                1/22
    (1, 3, 2, 6)                1/2
    (1, 3, 2, 7)                1/16
    (1, 3, 2, 8)                1/64
    (1, 3, 2, 9)                1/15
    (1, 3, 2, 10)               1/2
    (1, 3, 2, 11)               1/96
    (1, 3, 2, 12)               1/15
    (1, 3, 3, 0)                2/7
    (1, 3, 3, 1)                1/4
    (1, 3, 3, 2)                1
    (1, 3, 3, 3)                1
    (1, 3, 3, 4)                2
    (1, 3, 3, 5)                3/4
    (1, 3, 3, 6)                2/3
    (1, 3, 3, 7)                3/5
    (1, 3, 3, 8)                4/5
    (1, 3, 3, 9)                4/7
    (1, 3, 3, 10)               3/2
    (1, 3, 3, 11)               1
    (1, 3, 3, 12)               7/5
    (1, 3, 4, 1)                3/13
    (1, 3, 4, 2)                5/6
    (1, 3, 4, 3)                1/15
    (1, 3, 4, 4)                1/25
    (1, 3, 4, 5)                1/6
    (1, 3, 4, 6)                2/7
    (1, 3, 4, 7)                1/9
    (1, 3, 4, 8)                3/10
    (1, 3, 4, 9)                1/13
    (1, 3, 4, 10)               1/8
    (1, 3, 4, 11)               1/9
    (1, 3, 4, 12)               3/8
    (1, 3, 5, 0)                1/3
    (1, 3, 5, 1)                2/29
    (1, 3, 5, 2)                5/6
    (1, 3, 5, 3)                3/10
    (1, 3, 5, 4)                2/9
    (1, 3, 5, 5)                1/15
    (1, 3, 5, 6)                3/5
    (1, 3, 5, 7)                1/4
    (1, 3, 5, 8)                1/7
    (1, 3, 5, 9)                1/7
    (1, 3, 5, 10)               1/4
    (1, 3, 5, 11)               2/3
    (1, 3, 5, 12)               1/7
    (1, 3, 6, 1)                2/5
    (1, 3, 6, 2)                2/3
    (1, 3, 6, 3)                2/11
    (1, 3, 6, 4)                3/22
    (1, 3, 6, 5)                3/8
    (1, 3, 6, 6)                3/7
    (1, 3, 6, 7)                2/11
    (1, 3, 6, 8)                3/7
    (1, 3, 6, 9)                1/10
    (1, 3, 6, 10)               2/7
    (1, 3, 6, 11)               1/9
    (1, 3, 6, 12)               3/19
    (1, 3, 7, 0)                1/3
    (1, 3, 7, 1)                1/2
    (1, 3, 7, 2)                3/5
    (1, 3, 7, 3)                1/8
    (1, 3, 7, 4)                1/2
    (1, 3, 7, 5)                2/7
    (1, 3, 7, 6)                1/4
    (1, 3, 7, 7)                2/7
    (1, 3, 7, 8)                1/2
    (1, 3, 7, 9)                1/8
    (1, 3, 7, 10)               3/8
    (1, 3, 7, 11)               3/5
    (1, 3, 7, 12)               1/11
    (1, 3, 8, 0)                1/96
    (1, 3, 8, 1)                1/5
    (1, 3, 8, 2)                1
    (1, 3, 8, 3)                1/6
    (1, 3, 8, 4)                1/6
    (1, 3, 8, 5)                3/5
    (1, 3, 8, 6)                5/6
    (1, 3, 8, 7)                1/10
    (1, 3, 8, 8)                5/6
    (1, 3, 8, 9)                1/12
    (1, 3, 8, 10)               1/2
    (1, 3, 8, 11)               2/3
    (1, 3, 8, 12)               3/8
    (1, 3, 9, 0)                1/14
    (1, 3, 9, 1)                1/5
    (1, 3, 9, 2)                1/3
    (1, 3, 9, 3)                1/6
    (1, 3, 9, 4)                3/7
    (1, 3, 9, 5)                1/17
    (1, 3, 9, 6)                3/7
    (1, 3, 9, 7)                1/6
    (1, 3, 9, 9)                1/64
    (1, 3, 9, 10)               1/2
    (1, 3, 9, 11)               1/4
    (1, 3, 9, 12)               3/13
    (1, 3, 10, 0)               2/3
    (1, 3, 10, 1)               1/5
    (1, 3, 10, 2)               2/3
    (1, 3, 10, 3)               1/4
    (1, 3, 10, 4)               1/2
    (1, 3, 10, 5)               1/5
    (1, 3, 10, 6)               1/2
    (1, 3, 10, 7)               2/5
    (1, 3, 10, 8)               1/2
    (1, 3, 10, 9)               1/5
    (1, 3, 10, 10)              1
    (1, 3, 10, 11)              2/7
    (1, 3, 10, 12)              1/3
    (1, 4, 0, 0)                1/3
    (1, 4, 0, 1)                4/25
    (1, 4, 0, 2)                1/4
    (1, 4, 0, 3)                4/5
    (1, 4, 0, 4)                1/2
    (1, 4, 0, 5)                5/12
    (1, 4, 0, 6)                2/3
    (1, 4, 0, 7)                1/11
    (1, 4, 0, 8)                1/5
    (1, 4, 0, 9)                1/4
    (1, 4, 0, 10)               5/8
    (1, 4, 0, 11)               1/11
    (1, 4, 0, 12)               1/2
    (1, 4, 1, 0)                1/7
    (1, 4, 1, 1)                2/9
    (1, 4, 1, 2)                2/15
    (1, 4, 1, 3)                2/3
    (1, 4, 1, 4)                1/2
    (1, 4, 1, 5)                1/3
    (1, 4, 1, 6)                1/9
    (1, 4, 1, 7)                3/20
    (1, 4, 1, 8)                1/4
    (1, 4, 1, 9)                1/7
    (1, 4, 1, 10)               1/3
    (1, 4, 1, 11)               1/13
    (1, 4, 1, 12)               5/7
    (1, 4, 2, 0)                3/8
    (1, 4, 2, 2)                1/21
    (1, 4, 2, 3)                3/13
    (1, 4, 2, 4)                3/8
    (1, 4, 2, 5)                3/16
    (1, 4, 2, 6)                1/10
    (1, 4, 2, 7)                1/15
    (1, 4, 2, 8)                1/5
    (1, 4, 2, 9)                3/7
    (1, 4, 2, 10)               1/28
    (1, 4, 2, 11)               2/9
    (1, 4, 2, 12)               2/3
    (1, 4, 3, 0)                1/4
    (1, 4, 3, 1)                1/4
    (1, 4, 3, 2)                1/2
    (1, 4, 3, 3)                4/5
    (1, 4, 3, 4)                1/4
    (1, 4, 3, 5)                3/13
    (1, 4, 3, 6)                1/7
    (1, 4, 3, 7)                1/9
    (1, 4, 3, 8)                1/2
    (1, 4, 3, 9)                1/12
    (1, 4, 3, 10)               2/3
    (1, 4, 3, 11)               1/11
    (1, 4, 3, 12)               1/5
    (1, 4, 4, 0)                3/13
    (1, 4, 4, 1)                341/65536
    (1, 4, 4, 2)                1/13
    (1, 4, 4, 3)                1/3
    (1, 4, 4, 4)                1/14
    (1, 4, 4, 5)                1/7
    (1, 4, 4, 6)                4/17
    (1, 4, 4, 7)                1/128
    (1, 4, 4, 8)                1/2
    (1, 4, 4, 9)                4/5
    (1, 4, 4, 10)               1/9
    (1, 4, 4, 11)               1/512
    (1, 4, 4, 12)               1/4
    (1, 4, 5, 0)                1/3
    (1, 4, 5, 1)                2/7
    (1, 4, 5, 2)                1/4
    (1, 4, 5, 3)                1/2
    (1, 4, 5, 4)                3/4
    (1, 4, 5, 5)                1/6
    (1, 4, 5, 6)                2/5
    (1, 4, 5, 7)                1/2
    (1, 4, 5, 8)                1/2
    (1, 4, 5, 9)                3/4
    (1, 4, 5, 10)               1
    (1, 4, 5, 11)               2/5
    (1, 4, 5, 12)               2/3
    (1, 4, 6, 0)                1/48
    (1, 4, 6, 1)                3/1024
    (1, 4, 6, 2)                2/43
    (1, 4, 6, 3)                2/15
    (1, 4, 6, 4)                2/9
    (1, 4, 6, 5)                3/19
    (1, 4, 6, 6)                7/512
    (1, 4, 6, 7)                1/16
    (1, 4, 6, 8)                1/3
    (1, 4, 6, 9)                1/32
    (1, 4, 6, 10)               1/9
    (1, 4, 6, 11)               1/5
    (1, 4, 6, 12)               1/6
    (1, 4, 7, 0)                1/6
    (1, 4, 7, 1)                1/2
    (1, 4, 7, 2)                1/2
    (1, 4, 7, 3)                1/2
    (1, 4, 7, 4)                3/4
    (1, 4, 7, 5)                3/4
    (1, 4, 7, 6)                1/8
    (1, 4, 7, 7)                1/12
    (1, 4, 7, 8)                1/2
    (1, 4, 7, 9)                4/7
    (1, 4, 7, 10)               1/6
    (1, 4, 7, 11)               2/5
    (1, 4, 7, 12)               1/4
    (1, 4, 8, 0)                1/8
    (1, 4, 8, 1)                1/5
    (1, 4, 8, 2)                3/512
    (1, 4, 8, 3)                3/11
    (1, 4, 8, 4)                1/9
    (1, 4, 8, 5)                1/13
    (1, 4, 8, 7)                1/10
    (1, 4, 8, 8)                1/6
    (1, 4, 8, 9)                1/26
    (1, 4, 8, 10)               2/21
    (1, 4, 8, 11)               1/10
    (1, 4, 8, 12)               1/5
    (1, 4, 9, 0)                3/14
    (1, 4, 9, 1)                2/7
    (1, 4, 9, 2)                6/5
    (1, 4, 9, 3)                2/7
    (1, 4, 9, 4)                1/2
    (1, 4, 9, 5)                2/15
    (1, 4, 9, 6)                1/4
    (1, 4, 9, 7)                1/5
    (1, 4, 9, 8)                1/5
    (1, 4, 9, 9)                2/5
    (1, 4, 9, 10)               1/2
    (1, 4, 9, 11)               1/4
    (1, 4, 9, 12)               1/3
    (1, 4, 10, 0)               5/9
    (1, 4, 10, 1)               5/14
    (1, 4, 10, 2)               2/13
    (1, 4, 10, 3)               3/5
    (1, 4, 10, 4)               1/2
    (1, 4, 10, 5)               13/192
    (1, 4, 10, 6)               1/56
    (1, 4, 10, 7)               4/9
    (1, 4, 10, 8)               1/5
    (1, 4, 10, 9)               1/5
    (1, 4, 10, 10)              1/7
    (1, 4, 10, 11)              1/3
    (1, 4, 10, 12)              1/4
    (1, 5, 0, 0)                1/14
    (1, 5, 0, 1)                1/2
    (1, 5, 0, 2)                5/8
    (1, 5, 0, 3)                1/3
    (1, 5, 0, 4)                1/11
    (1, 5, 0, 5)                2/9
    (1, 5, 0, 6)                1/2
    (1, 5, 0, 7)                1/7
    (1, 5, 0, 8)                1/4
    (1, 5, 0, 9)                1/16
    (1, 5, 0, 10)               6/7
    (1, 5, 0, 11)               2/17
    (1, 5, 0, 12)               1/2
    (1, 5, 1, 0)                1/5
    (1, 5, 1, 1)                1/3
    (1, 5, 1, 2)                1/17
    (1, 5, 1, 3)                1/7
    (1, 5, 1, 4)                1/9
    (1, 5, 1, 5)                1/3
    (1, 5, 1, 6)                1/8
    (1, 5, 1, 7)                1/10
    (1, 5, 1, 9)                2/5
    (1, 5, 1, 10)               1/2
    (1, 5, 1, 11)               2/13
    (1, 5, 1, 12)               1/8
    (1, 5, 2, 0)                1/7
    (1, 5, 2, 1)                3/4
    (1, 5, 2, 2)                2/15
    (1, 5, 2, 3)                1/3
    (1, 5, 2, 4)                2/5
    (1, 5, 2, 5)                1
    (1, 5, 2, 6)                1/4
    (1, 5, 2, 7)                1/13
    (1, 5, 2, 8)                1/8
    (1, 5, 2, 9)                1/7
    (1, 5, 2, 10)               2/3
    (1, 5, 2, 11)               1/10
    (1, 5, 2, 12)               3/4
    (1, 5, 3, 0)                2/5
    (1, 5, 3, 1)                1/4
    (1, 5, 3, 2)                1/10
    (1, 5, 3, 3)                2/5
    (1, 5, 3, 4)                1/7
    (1, 5, 3, 5)                1/4
    (1, 5, 3, 6)                3/2
    (1, 5, 3, 7)                3/17
    (1, 5, 3, 8)                1/14
    (1, 5, 3, 9)                2/7
    (1, 5, 3, 10)               1/4
    (1, 5, 3, 11)               3/8
    (1, 5, 3, 12)               2/5
    (1, 5, 4, 0)                1/14
    (1, 5, 4, 1)                3/7
    (1, 5, 4, 2)                4/9
    (1, 5, 4, 3)                2/29
    (1, 5, 4, 4)                1/13
    (1, 5, 4, 5)                1/6
    (1, 5, 4, 6)                1/4
    (1, 5, 4, 7)                3/5
    (1, 5, 4, 8)                1/6
    (1, 5, 4, 9)                1/12
    (1, 5, 4, 10)               4/5
    (1, 5, 4, 11)               4/7
    (1, 5, 4, 12)               2/5
    (1, 5, 5, 0)                1/6
    (1, 5, 5, 1)                3/7
    (1, 5, 5, 2)                1/11
    (1, 5, 5, 3)                1/2
    (1, 5, 5, 4)                1/10
    (1, 5, 5, 5)                5/6
    (1, 5, 5, 6)                2/5
    (1, 5, 5, 7)                2/5
    (1, 5, 5, 8)                2/5
    (1, 5, 5, 9)                2/11
    (1, 5, 5, 10)               3/4
    (1, 5, 5, 11)               5/7
    (1, 5, 5, 12)               2/3
    (1, 5, 6, 0)                1/26
    (1, 5, 6, 1)                1/3
    (1, 5, 6, 2)                5/11
    (1, 5, 6, 4)                1/14
    (1, 5, 6, 5)                1/7
    (1, 5, 6, 6)                1/5
    (1, 5, 6, 7)                1/28
    (1, 5, 6, 8)                1/9
    (1, 5, 6, 9)                1/16
    (1, 5, 6, 10)               1/6
    (1, 5, 6, 11)               1/12
    (1, 5, 6, 12)               1/19
    (1, 5, 7, 0)                1/3
    (1, 5, 7, 1)                4/7
    (1, 5, 7, 2)                1/8
    (1, 5, 7, 3)                1/4
    (1, 5, 7, 4)                1/3
    (1, 5, 7, 5)                2/5
    (1, 5, 7, 6)                4/9
    (1, 5, 7, 7)                1/12
    (1, 5, 7, 8)                1/2
    (1, 5, 7, 9)                1/6
    (1, 5, 7, 10)               1/8
    (1, 5, 7, 11)               1/6
    (1, 5, 7, 12)               1/4
    (1, 5, 8, 1)                1/2
    (1, 5, 8, 2)                1/32
    (1, 5, 8, 3)                1/64
    (1, 5, 8, 4)                1/11
    (1, 5, 8, 5)                3/8
    (1, 5, 8, 6)                1/29
    (1, 5, 8, 7)                1/37
    (1, 5, 8, 8)                1/20
    (1, 5, 8, 10)               1/7
    (1, 5, 8, 11)               2/5
    (1, 5, 8, 12)               1/3
    (1, 5, 9, 0)                4/3
    (1, 5, 9, 1)                1/2
    (1, 5, 9, 2)                4/9
    (1, 5, 9, 3)                6/7
    (1, 5, 9, 4)                1/3
    (1, 5, 9, 5)                3/5
    (1, 5, 9, 6)                3/4
    (1, 5, 9, 7)                2/5
    (1, 5, 9, 8)                1/2
    (1, 5, 9, 9)                2/7
    (1, 5, 9, 10)               1/2
    (1, 5, 9, 11)               2/5
    (1, 5, 9, 12)               1
    (1, 5, 10, 0)               1/5
    (1, 5, 10, 1)               1
    (1, 5, 10, 3)               1/17
    (1, 5, 10, 4)               1/9
    (1, 5, 10, 5)               1/6
    (1, 5, 10, 6)               1/5
    (1, 5, 10, 7)               1/17
    (1, 5, 10, 8)               1/64
    (1, 5, 10, 9)               1/7
    (1, 5, 10, 10)              3/5
    (1, 5, 10, 12)              1/14
    (1, 6, 0, 0)                1/2
    (1, 6, 0, 1)                1/5
    (1, 6, 0, 2)                1/4
    (1, 6, 0, 3)                1/4
    (1, 6, 0, 4)                1/5
    (1, 6, 0, 5)                1/4
    (1, 6, 0, 6)                2/3
    (1, 6, 0, 7)                3/5
    (1, 6, 0, 8)                2/9
    (1, 6, 0, 9)                2/9
    (1, 6, 0, 10)               1/6
    (1, 6, 0, 11)               1/11
    (1, 6, 0, 12)               5/3
    (1, 6, 1, 0)                1/12
    (1, 6, 1, 3)                1/2
    (1, 6, 1, 6)                1/6
    (1, 6, 1, 7)                2/13
    (1, 6, 1, 12)               4/11
    (1, 6, 2, 0)                1/3
    (1, 6, 2, 1)                1/2
    (1, 6, 2, 2)                3/8
    (1, 6, 2, 3)                1/3
    (1, 6, 2, 4)                1/6
    (1, 6, 2, 5)                1/3
    (1, 6, 2, 6)                1/4
    (1, 6, 2, 7)                1/2
    (1, 6, 2, 8)                4/7
    (1, 6, 2, 9)                3/10
    (1, 6, 2, 10)               1/4
    (1, 6, 2, 11)               1/8
    (1, 6, 2, 12)               1/6
    (1, 6, 3, 0)                1/5
    (1, 6, 3, 1)                1/39
    (1, 6, 3, 2)                1/6
    (1, 6, 3, 3)                5/7
    (1, 6, 3, 4)                3/16
    (1, 6, 3, 5)                2/13
    (1, 6, 3, 6)                1/17
    (1, 6, 3, 7)                4/7
    (1, 6, 3, 8)                1/3
    (1, 6, 3, 9)                1/5
    (1, 6, 3, 10)               1/128
    (1, 6, 3, 11)               1/9
    (1, 6, 3, 12)               1
    (1, 6, 4, 0)                1/15
    (1, 6, 4, 1)                3/10
    (1, 6, 4, 2)                1/7
    (1, 6, 4, 3)                1/7
    (1, 6, 4, 4)                1/9
    (1, 6, 4, 5)                3/11
    (1, 6, 4, 6)                1/5
    (1, 6, 4, 7)                1/3
    (1, 6, 4, 8)                1/13
    (1, 6, 4, 9)                1/7
    (1, 6, 4, 10)               1/3
    (1, 6, 4, 11)               1/7
    (1, 6, 4, 12)               3/8
    (1, 6, 5, 2)                1/12
    (1, 6, 5, 3)                1/5
    (1, 6, 5, 4)                1/23
    (1, 6, 5, 5)                3/8
    (1, 6, 5, 6)                2/9
    (1, 6, 5, 7)                2/3
    (1, 6, 5, 8)                1/10
    (1, 6, 5, 9)                3/11
    (1, 6, 5, 10)               1/33
    (1, 6, 5, 11)               1/2
    (1, 6, 5, 12)               1/3
    (1, 6, 6, 0)                2/7
    (1, 6, 6, 1)                3/4
    (1, 6, 6, 2)                1/7
    (1, 6, 6, 3)                4/3
    (1, 6, 6, 4)                1/2
    (1, 6, 6, 5)                1
    (1, 6, 6, 6)                1/6
    (1, 6, 6, 7)                1/5
    (1, 6, 6, 8)                3/5
    (1, 6, 6, 9)                1/33
    (1, 6, 6, 10)               1/8
    (1, 6, 6, 11)               3/4
    (1, 6, 6, 12)               1/6
    (1, 6, 7, 0)                3/7
    (1, 6, 7, 1)                1/2
    (1, 6, 7, 2)                2/11
    (1, 6, 7, 3)                1/2
    (1, 6, 7, 4)                1/4
    (1, 6, 7, 5)                3/4
    (1, 6, 7, 6)                1/10
    (1, 6, 7, 7)                4/9
    (1, 6, 7, 8)                1/2
    (1, 6, 7, 9)                1/2
    (1, 6, 7, 10)               2/33
    (1, 6, 7, 11)               1
    (1, 6, 7, 12)               1
    (1, 6, 8, 0)                2/21
    (1, 6, 8, 1)                3/7
    (1, 6, 8, 2)                1/24
    (1, 6, 8, 3)                4/9
    (1, 6, 8, 4)                2/25
    (1, 6, 8, 7)                2/5
    (1, 6, 8, 8)                2/13
    (1, 6, 8, 10)               3/4096
    (1, 6, 8, 11)               1/15
    (1, 6, 8, 12)               1/3
    (1, 6, 9, 0)                1/18
    (1, 6, 9, 1)                1/3
    (1, 6, 9, 2)                2/11
    (1, 6, 9, 3)                3/5
    (1, 6, 9, 4)                1/18
    (1, 6, 9, 5)                1/4
    (1, 6, 9, 6)                1/12
    (1, 6, 9, 7)                1/6
    (1, 6, 9, 8)                81/16384
    (1, 6, 9, 9)                1/8
    (1, 6, 9, 10)               1/9
    (1, 6, 9, 11)               2/5
    (1, 6, 9, 12)               2/7
    (1, 6, 10, 0)               1/13
    (1, 6, 10, 1)               4/13
    (1, 6, 10, 2)               2/15
    (1, 6, 10, 3)               1/3
    (1, 6, 10, 4)               1/6
    (1, 6, 10, 5)               1/53
    (1, 6, 10, 6)               1/21
    (1, 6, 10, 7)               2/5
    (1, 6, 10, 8)               2/7
    (1, 6, 10, 10)              1/16
    (1, 6, 10, 11)              2/9
    (1, 6, 10, 12)              2/5
    (2, 0, 0, 0)                2/9
    (2, 0, 0, 1)                1/13
    (2, 0, 0, 2)                1/8
    (2, 0, 0, 3)                1/4
    (2, 0, 0, 4)                1/3
    (2, 0, 0, 5)                1
    (2, 0, 0, 6)                3/10
    (2, 0, 0, 7)                1/8
    (2, 0, 0, 8)                1/2
    (2, 0, 0, 9)                1/8
    (2, 0, 0, 11)               2/15
    (2, 0, 0, 12)               1/2
    (2, 0, 1, 0)                3
    (2, 0, 1, 1)                1/8
    (2, 0, 1, 2)                1
    (2, 0, 1, 3)                1/5
    (2, 0, 1, 4)                1/3
    (2, 0, 1, 5)                2/3
    (2, 0, 1, 6)                1
    (2, 0, 1, 7)                2/3
    (2, 0, 1, 8)                3/2
    (2, 0, 1, 9)                1/5
    (2, 0, 1, 10)               4/9
    (2, 0, 1, 11)               3/5
    (2, 0, 1, 12)               2/7
    (2, 0, 2, 0)                1/4
    (2, 0, 2, 1)                1/12
    (2, 0, 2, 3)                1/96
    (2, 0, 2, 4)                5/6
    (2, 0, 2, 6)                1/14
    (2, 0, 2, 7)                1/2
    (2, 0, 2, 8)                1/6
    (2, 0, 2, 9)                1/128
    (2, 0, 2, 12)               3/256
    (2, 0, 3, 0)                1/2
    (2, 0, 3, 1)                1
    (2, 0, 3, 2)                5/4
    (2, 0, 3, 3)                5/7
    (2, 0, 3, 4)                1/4
    (2, 0, 3, 5)                3/8
    (2, 0, 3, 6)                2/7
    (2, 0, 3, 7)                3/5
    (2, 0, 3, 8)                3/5
    (2, 0, 3, 9)                1/2
    (2, 0, 3, 10)               1/2
    (2, 0, 3, 11)               4/11
    (2, 0, 3, 12)               4/9
    (2, 0, 4, 0)                1
    (2, 0, 4, 1)                2/15
    (2, 0, 4, 2)                2/37
    (2, 0, 4, 3)                1/3
    (2, 0, 4, 4)                1/6
    (2, 0, 4, 5)                5/16
    (2, 0, 4, 6)                1/13
    (2, 0, 4, 7)                2/17
    (2, 0, 4, 8)                2/7
    (2, 0, 4, 9)                2/9
    (2, 0, 4, 10)               1/5
    (2, 0, 4, 11)               1/128
    (2, 0, 4, 12)               1/9
    (2, 0, 5, 0)                1/3
    (2, 0, 5, 1)                2/9
    (2, 0, 5, 2)                1/2
    (2, 0, 5, 3)                1/7
    (2, 0, 5, 4)                5/7
    (2, 0, 5, 5)                1/5
    (2, 0, 5, 6)                2/5
    (2, 0, 5, 7)                3/8
    (2, 0, 5, 8)                1/6
    (2, 0, 5, 9)                6/11
    (2, 0, 5, 10)               1/7
    (2, 0, 5, 11)               1/5
    (2, 0, 5, 12)               1/8
    (2, 0, 6, 0)                3/4
    (2, 0, 6, 3)                1/5
    (2, 0, 6, 4)                3/5
    (2, 0, 6, 5)                2/13
    (2, 0, 6, 6)                1/3
    (2, 0, 6, 7)                1/7
    (2, 0, 6, 8)                1/2
    (2, 0, 6, 9)                1/9
    (2, 0, 6, 10)               4/11
    (2, 0, 6, 11)               1/19
    (2, 0, 6, 12)               3/5
    (2, 0, 7, 0)                1/5
    (2, 0, 7, 1)                1/7
    (2, 0, 7, 2)                1
    (2, 0, 7, 3)                1/4
    (2, 0, 7, 4)                3/4
    (2, 0, 7, 5)                3/5
    (2, 0, 7, 6)                5/6
    (2, 0, 7, 7)                1/9
    (2, 0, 7, 8)                5/3
    (2, 0, 7, 9)                2/3
    (2, 0, 7, 10)               1/33
    (2, 0, 7, 11)               1/4
    (2, 0, 7, 12)               5/4
    (2, 0, 8, 0)                1
    (2, 0, 8, 1)                4/7
    (2, 0, 8, 2)                1/5
    (2, 0, 8, 3)                2/11
    (2, 0, 8, 4)                5/6
    (2, 0, 8, 5)                1/4
    (2, 0, 8, 6)                1/2
    (2, 0, 8, 7)                5/12
    (2, 0, 8, 8)                1/8
    (2, 0, 8, 9)                1/2
    (2, 0, 8, 10)               1/3
    (2, 0, 8, 11)               1/31
    (2, 0, 8, 12)               6/5
    (2, 0, 9, 0)                1/7
    (2, 0, 9, 1)                2/21
    (2, 0, 9, 2)                2/7
    (2, 0, 9, 3)                1/12
    (2, 0, 9, 4)                1/2
    (2, 0, 9, 5)                1/5
    (2, 0, 9, 7)                1/8
    (2, 0, 9, 8)                1/5
    (2, 0, 9, 9)                2/5
    (2, 0, 9, 11)               1/16
    (2, 0, 9, 12)               1/10
    (2, 0, 10, 0)               2/5
    (2, 0, 10, 1)               2/21
    (2, 0, 10, 2)               3/4
    (2, 0, 10, 3)               2/11
    (2, 0, 10, 4)               1/4
    (2, 0, 10, 5)               2/17
    (2, 0, 10, 6)               1/6
    (2, 0, 10, 7)               2/9
    (2, 0, 10, 8)               1/3
    (2, 0, 10, 9)               1/11
    (2, 0, 10, 10)              1/8
    (2, 0, 10, 11)              1/3
    (2, 0, 10, 12)              1/4
    (2, 1, 0, 0)                1/7
    (2, 1, 0, 1)                3/4
    (2, 1, 0, 2)                2/5
    (2, 1, 0, 3)                3/7
    (2, 1, 0, 4)                1/4
    (2, 1, 0, 5)                1/10
    (2, 1, 0, 6)                1/2
    (2, 1, 0, 7)                5/4
    (2, 1, 0, 8)                1
    (2, 1, 0, 9)                3/8
    (2, 1, 0, 10)               1
    (2, 1, 0, 11)               1/3
    (2, 1, 0, 12)               1/12
    (2, 1, 1, 0)                3/5
    (2, 1, 1, 1)                4/5
    (2, 1, 1, 2)                1/2
    (2, 1, 1, 3)                1/2
    (2, 1, 1, 4)                1/3
    (2, 1, 1, 5)                2/15
    (2, 1, 1, 6)                5/4
    (2, 1, 1, 7)                2/3
    (2, 1, 1, 8)                1/3
    (2, 1, 1, 9)                1/6
    (2, 1, 1, 10)               1/4
    (2, 1, 1, 11)               1/11
    (2, 1, 1, 12)               1/3
    (2, 1, 2, 0)                2/7
    (2, 1, 2, 1)                2/11
    (2, 1, 2, 2)                3/7
    (2, 1, 2, 3)                2/7
    (2, 1, 2, 4)                5/8
    (2, 1, 2, 5)                1/16
    (2, 1, 2, 6)                1/5
    (2, 1, 2, 7)                1/3
    (2, 1, 2, 8)                3/16
    (2, 1, 2, 9)                1/7
    (2, 1, 2, 10)               1/2
    (2, 1, 2, 11)               1/7
    (2, 1, 2, 12)               1/19
    (2, 1, 3, 0)                3/5
    (2, 1, 3, 1)                6/5
    (2, 1, 3, 2)                4/5
    (2, 1, 3, 3)                2/9
    (2, 1, 3, 4)                1/4
    (2, 1, 3, 5)                4/7
    (2, 1, 3, 6)                1/4
    (2, 1, 3, 7)                1/5
    (2, 1, 3, 8)                1/4
    (2, 1, 3, 9)                5/7
    (2, 1, 3, 10)               1/4
    (2, 1, 3, 11)               1/3
    (2, 1, 3, 12)               1/7
    (2, 1, 4, 0)                1/3
    (2, 1, 4, 1)                1/7
    (2, 1, 4, 2)                1/14
    (2, 1, 4, 3)                1/14
    (2, 1, 4, 4)                1/5
    (2, 1, 4, 6)                1/3
    (2, 1, 4, 7)                3/4
    (2, 1, 4, 8)                2/7
    (2, 1, 4, 9)                1/29
    (2, 1, 4, 10)               1
    (2, 1, 4, 11)               1/15
    (2, 1, 4, 12)               1/16384
    (2, 1, 5, 0)                1/3
    (2, 1, 5, 1)                3/2
    (2, 1, 5, 2)                1/3
    (2, 1, 5, 3)                3/5
    (2, 1, 5, 4)                1/5
    (2, 1, 5, 5)                1/7
    (2, 1, 5, 6)                7/3
    (2, 1, 5, 7)                4/5
    (2, 1, 5, 8)                1/2
    (2, 1, 5, 9)                5/4
    (2, 1, 5, 10)               2
    (2, 1, 5, 11)               2/7
    (2, 1, 5, 12)               1/2
    (2, 1, 6, 0)                2/7
    (2, 1, 6, 1)                1/14
    (2, 1, 6, 2)                1
    (2, 1, 6, 3)                1/8
    (2, 1, 6, 4)                1/37
    (2, 1, 6, 5)                1/8
    (2, 1, 6, 6)                2/5
    (2, 1, 6, 7)                1/42
    (2, 1, 6, 8)                1/11
    (2, 1, 6, 9)                2/3
    (2, 1, 6, 10)               1/6
    (2, 1, 6, 12)               1/9
    (2, 1, 7, 0)                3/8
    (2, 1, 7, 1)                3/8
    (2, 1, 7, 2)                1
    (2, 1, 7, 3)                2/5
    (2, 1, 7, 4)                1/6
    (2, 1, 7, 5)                2/5
    (2, 1, 7, 6)                2/5
    (2, 1, 7, 7)                3/7
    (2, 1, 7, 8)                1/8
    (2, 1, 7, 9)                1/2
    (2, 1, 7, 10)               1/6
    (2, 1, 7, 11)               1/5
    (2, 1, 7, 12)               3/4
    (2, 1, 8, 0)                1/14
    (2, 1, 8, 1)                3/7
    (2, 1, 8, 2)                4/11
    (2, 1, 8, 3)                1/10
    (2, 1, 8, 4)                1/12
    (2, 1, 8, 5)                1/7
    (2, 1, 8, 6)                1/5
    (2, 1, 8, 7)                1/9
    (2, 1, 8, 8)                2/17
    (2, 1, 8, 9)                2/9
    (2, 1, 8, 10)               1/4
    (2, 1, 8, 11)               1/17
    (2, 1, 8, 12)               1/8
    (2, 1, 9, 0)                1/2
    (2, 1, 9, 1)                5/7
    (2, 1, 9, 2)                3/4
    (2, 1, 9, 3)                3/10
    (2, 1, 9, 4)                3/5
    (2, 1, 9, 5)                1/4
    (2, 1, 9, 6)                1/2
    (2, 1, 9, 7)                1/4
    (2, 1, 9, 8)                2/5
    (2, 1, 9, 9)                2/5
    (2, 1, 9, 10)               1
    (2, 1, 9, 11)               1/7
    (2, 1, 9, 12)               2/5
    (2, 1, 10, 0)               2/7
    (2, 1, 10, 1)               4/5
    (2, 1, 10, 2)               1
    (2, 1, 10, 3)               1/8
    (2, 1, 10, 4)               1/40
    (2, 1, 10, 5)               1/2
    (2, 1, 10, 6)               2/5
    (2, 1, 10, 7)               4/9
    (2, 1, 10, 8)               1/6
    (2, 1, 10, 9)               2/5
    (2, 1, 10, 10)              1/3
    (2, 1, 10, 11)              1/6
    (2, 1, 10, 12)              1/4
    (2, 2, 0, 0)                3/5
    (2, 2, 0, 1)                2/3
    (2, 2, 0, 2)                1/6
    (2, 2, 0, 3)                3/5
    (2, 2, 0, 4)                1
    (2, 2, 0, 5)                1
    (2, 2, 0, 6)                2/5
    (2, 2, 0, 7)                1/4
    (2, 2, 0, 8)                2/5
    (2, 2, 0, 9)                1/4
    (2, 2, 0, 10)               1/7
    (2, 2, 0, 11)               2/5
    (2, 2, 0, 12)               1
    (2, 2, 1, 0)                1/11
    (2, 2, 1, 1)                3/8
    (2, 2, 1, 2)                2/7
    (2, 2, 1, 3)                1/9
    (2, 2, 1, 4)                1/12
    (2, 2, 1, 5)                1/20
    (2, 2, 1, 6)                1/64
    (2, 2, 1, 7)                1/3
    (2, 2, 1, 8)                1/6
    (2, 2, 1, 9)                2/35
    (2, 2, 1, 11)               2/9
    (2, 2, 1, 12)               1/3
    (2, 2, 2, 0)                1/7
    (2, 2, 2, 1)                3/8
    (2, 2, 2, 2)                1/3
    (2, 2, 2, 3)                3/7
    (2, 2, 2, 4)                1/2
    (2, 2, 2, 5)                1/33
    (2, 2, 2, 6)                1/5
    (2, 2, 2, 7)                1/5
    (2, 2, 2, 8)                2/3
    (2, 2, 2, 9)                2/5
    (2, 2, 2, 10)               1/2
    (2, 2, 2, 11)               1/7
    (2, 2, 2, 12)               1/2
    (2, 2, 3, 0)                1/4
    (2, 2, 3, 1)                3/4
    (2, 2, 3, 2)                2/5
    (2, 2, 3, 3)                2/5
    (2, 2, 3, 4)                3/5
    (2, 2, 3, 5)                2/3
    (2, 2, 3, 6)                1/10
    (2, 2, 3, 7)                2/3
    (2, 2, 3, 8)                1/2
    (2, 2, 3, 9)                1/2
    (2, 2, 3, 10)               1/8
    (2, 2, 3, 11)               2/7
    (2, 2, 3, 12)               1/3
    (2, 2, 4, 0)                3/8
    (2, 2, 4, 2)                227/100000
    (2, 2, 4, 3)                1/6
    (2, 2, 4, 4)                5/7
    (2, 2, 4, 5)                1/12
    (2, 2, 4, 6)                1/4
    (2, 2, 4, 7)                4/11
    (2, 2, 4, 8)                1/6
    (2, 2, 4, 9)                2/5
    (2, 2, 4, 10)               1/2
    (2, 2, 4, 11)               1/14
    (2, 2, 4, 12)               2/5
    (2, 2, 5, 0)                4/9
    (2, 2, 5, 1)                1/10
    (2, 2, 5, 2)                1/3
    (2, 2, 5, 3)                1/5
    (2, 2, 5, 4)                1/4
    (2, 2, 5, 5)                2/5
    (2, 2, 5, 6)                4/5
    (2, 2, 5, 7)                2/3
    (2, 2, 5, 8)                1/4
    (2, 2, 5, 9)                1/6
    (2, 2, 5, 10)               4/11
    (2, 2, 5, 11)               1/5
    (2, 2, 5, 12)               1/6
    (2, 2, 6, 0)                1/5
    (2, 2, 6, 2)                1/9
    (2, 2, 6, 3)                2/5
    (2, 2, 6, 4)                1/9
    (2, 2, 6, 5)                1/48
    (2, 2, 6, 6)                1/6
    (2, 2, 6, 7)                1/4
    (2, 2, 6, 8)                2/5
    (2, 2, 6, 9)                2/9
    (2, 2, 6, 10)               1/15
    (2, 2, 6, 11)               1/13
    (2, 2, 6, 12)               3/8
    (2, 2, 7, 0)                2/5
    (2, 2, 7, 1)                2/5
    (2, 2, 7, 2)                6/5
    (2, 2, 7, 3)                3/5
    (2, 2, 7, 4)                1/6
    (2, 2, 7, 5)                5/6
    (2, 2, 7, 6)                1/2
    (2, 2, 7, 7)                3/7
    (2, 2, 7, 8)                3/4
    (2, 2, 7, 9)                1
    (2, 2, 7, 10)               2/3
    (2, 2, 7, 11)               1/3
    (2, 2, 7, 12)               1/3
    (2, 2, 8, 2)                1/31
    (2, 2, 8, 3)                1/8
    (2, 2, 8, 8)                1/8
    (2, 2, 8, 9)                1/13
    (2, 2, 8, 12)               1/2
    (2, 2, 9, 0)                1/6
    (2, 2, 9, 1)                1/7
    (2, 2, 9, 2)                8/7
    (2, 2, 9, 3)                1/2
    (2, 2, 9, 4)                2/3
    (2, 2, 9, 5)                1/5
    (2, 2, 9, 6)                1/3
    (2, 2, 9, 7)                1/6
    (2, 2, 9, 8)                3/5
    (2, 2, 9, 9)                6/5
    (2, 2, 9, 10)               4/3
    (2, 2, 9, 11)               1/7
    (2, 2, 9, 12)               1/5
    (2, 2, 10, 0)               2/11
    (2, 2, 10, 1)               1/5
    (2, 2, 10, 2)               1/4
    (2, 2, 10, 3)               1/5
    (2, 2, 10, 4)               1/8
    (2, 2, 10, 5)               1/7
    (2, 2, 10, 7)               1/13
    (2, 2, 10, 8)               5/6
    (2, 2, 10, 9)               1/13
    (2, 2, 10, 10)              1/64
    (2, 2, 10, 11)              2/3
    (2, 2, 10, 12)              1/2
    (2, 3, 0, 0)                4/7
    (2, 3, 0, 1)                5/2
    (2, 3, 0, 2)                7/4
    (2, 3, 0, 3)                1
    (2, 3, 0, 4)                1
    (2, 3, 0, 5)                7/3
    (2, 3, 0, 6)                2/5
    (2, 3, 0, 7)                1/2
    (2, 3, 0, 8)                1/2
    (2, 3, 0, 9)                1/2
    (2, 3, 0, 10)               1/4
    (2, 3, 0, 11)               2
    (2, 3, 0, 12)               5/6
    (2, 3, 1, 0)                2/7
    (2, 3, 1, 1)                3/4
    (2, 3, 1, 2)                1/37
    (2, 3, 1, 3)                1/9
    (2, 3, 1, 4)                3/4
    (2, 3, 1, 5)                3/2
    (2, 3, 1, 6)                33/65536
    (2, 3, 1, 7)                3/7
    (2, 3, 1, 8)                2/17
    (2, 3, 1, 9)                1/10
    (2, 3, 1, 10)               2/7
    (2, 3, 1, 11)               1/3
    (2, 3, 1, 12)               1/37
    (2, 3, 2, 0)                1/3
    (2, 3, 2, 1)                1/4
    (2, 3, 2, 2)                4/7
    (2, 3, 2, 3)                1/4
    (2, 3, 2, 4)                1/5
    (2, 3, 2, 5)                1/5
    (2, 3, 2, 6)                4/7
    (2, 3, 2, 7)                1/6
    (2, 3, 2, 8)                2/9
    (2, 3, 2, 9)                1/2
    (2, 3, 2, 10)               1
    (2, 3, 2, 11)               2/5
    (2, 3, 2, 12)               1/7
    (2, 3, 3, 0)                1/6
    (2, 3, 3, 1)                1/2
    (2, 3, 3, 2)                1/9
    (2, 3, 3, 3)                1/13
    (2, 3, 3, 4)                1/10
    (2, 3, 3, 5)                1/2
    (2, 3, 3, 6)                1/11
    (2, 3, 3, 7)                2/7
    (2, 3, 3, 8)                2/9
    (2, 3, 3, 9)                4/5
    (2, 3, 3, 10)               4/11
    (2, 3, 3, 11)               1/4
    (2, 3, 3, 12)               2/31
    (2, 3, 4, 0)                1/3
    (2, 3, 4, 1)                5/6
    (2, 3, 4, 2)                5/8
    (2, 3, 4, 3)                1/4
    (2, 3, 4, 4)                1/3
    (2, 3, 4, 5)                3/2
    (2, 3, 4, 6)                1/11
    (2, 3, 4, 7)                7/6
    (2, 3, 4, 8)                1/5
    (2, 3, 4, 9)                3/5
    (2, 3, 4, 10)               1/3
    (2, 3, 4, 11)               2/5
    (2, 3, 4, 12)               1/4
    (2, 3, 5, 0)                2/5
    (2, 3, 5, 1)                3/4
    (2, 3, 5, 2)                2/3
    (2, 3, 5, 3)                2/5
    (2, 3, 5, 4)                2/3
    (2, 3, 5, 5)                1/2
    (2, 3, 5, 6)                1/6
    (2, 3, 5, 7)                1/5
    (2, 3, 5, 8)                1/3
    (2, 3, 5, 9)                1/2
    (2, 3, 5, 10)               3/5
    (2, 3, 5, 11)               1/7
    (2, 3, 5, 12)               1/4
    (2, 3, 6, 0)                1/7
    (2, 3, 6, 1)                3/5
    (2, 3, 6, 2)                1/2
    (2, 3, 6, 3)                1/2
    (2, 3, 6, 4)                1/7
    (2, 3, 6, 5)                1/3
    (2, 3, 6, 6)                4/5
    (2, 3, 6, 7)                2/13
    (2, 3, 6, 8)                1/6
    (2, 3, 6, 9)                1
    (2, 3, 6, 10)               1/2
    (2, 3, 6, 11)               3/8
    (2, 3, 6, 12)               3/5
    (2, 3, 7, 0)                1/8
    (2, 3, 7, 1)                1
    (2, 3, 7, 2)                1/4
    (2, 3, 7, 3)                2/5
    (2, 3, 7, 4)                7/10
    (2, 3, 7, 5)                1/2
    (2, 3, 7, 6)                5/8
    (2, 3, 7, 7)                1/3
    (2, 3, 7, 8)                1/10
    (2, 3, 7, 9)                1/5
    (2, 3, 7, 10)               1/2
    (2, 3, 7, 11)               2/3
    (2, 3, 7, 12)               2/5
    (2, 3, 8, 0)                1/13
    (2, 3, 8, 1)                1/5
    (2, 3, 8, 2)                2/9
    (2, 3, 8, 3)                3/20
    (2, 3, 8, 4)                1/3
    (2, 3, 8, 5)                1/3
    (2, 3, 8, 6)                1/11
    (2, 3, 8, 7)                2/13
    (2, 3, 8, 8)                1/12
    (2, 3, 8, 9)                1/6
    (2, 3, 8, 10)               3/8
    (2, 3, 8, 11)               3/14
    (2, 3, 8, 12)               5/9
    (2, 3, 9, 0)                2/5
    (2, 3, 9, 1)                1/3
    (2, 3, 9, 2)                1/2
    (2, 3, 9, 3)                1/7
    (2, 3, 9, 4)                3/7
    (2, 3, 9, 5)                4/5
    (2, 3, 9, 6)                4/5
    (2, 3, 9, 7)                1/6
    (2, 3, 9, 8)                3/4
    (2, 3, 9, 9)                3/2
    (2, 3, 9, 10)               1/4
    (2, 3, 9, 11)               1/8
    (2, 3, 9, 12)               1/2
    (2, 3, 10, 0)               1/32
    (2, 3, 10, 1)               1
    (2, 3, 10, 2)               2/5
    (2, 3, 10, 3)               2/5
    (2, 3, 10, 4)               1/35
    (2, 3, 10, 5)               2/5
    (2, 3, 10, 6)               1/8
    (2, 3, 10, 7)               1/22
    (2, 3, 10, 8)               1/7
    (2, 3, 10, 9)               1/2
    (2, 3, 10, 10)              1/6
    (2, 3, 10, 11)              1/7
    (2, 3, 10, 12)              3/10
    (2, 4, 0, 0)                1
    (2, 4, 0, 1)                2/3
    (2, 4, 0, 2)                1/9
    (2, 4, 0, 3)                6/5
    (2, 4, 0, 4)                1
    (2, 4, 0, 5)                1/2
    (2, 4, 0, 6)                2/3
    (2, 4, 0, 7)                3/4
    (2, 4, 0, 8)                3/5
    (2, 4, 0, 9)                1/3
    (2, 4, 0, 10)               2/5
    (2, 4, 0, 11)               1/2
    (2, 4, 0, 12)               1/7
    (2, 4, 1, 0)                1/28
    (2, 4, 1, 1)                1/11
    (2, 4, 1, 2)                2/11
    (2, 4, 1, 3)                1/4
    (2, 4, 1, 4)                1/8
    (2, 4, 1, 5)                1/17
    (2, 4, 1, 6)                1/8
    (2, 4, 1, 7)                4/5
    (2, 4, 1, 8)                2/11
    (2, 4, 1, 9)                1/16
    (2, 4, 1, 10)               1/9
    (2, 4, 1, 11)               3/11
    (2, 4, 1, 12)               1/18
    (2, 4, 2, 0)                3/11
    (2, 4, 2, 1)                1/4
    (2, 4, 2, 2)                1/7
    (2, 4, 2, 3)                2/5
    (2, 4, 2, 4)                1/6
    (2, 4, 2, 5)                1/3
    (2, 4, 2, 6)                1
    (2, 4, 2, 7)                1/4
    (2, 4, 2, 8)                2/7
    (2, 4, 2, 9)                1
    (2, 4, 2, 10)               8/5
    (2, 4, 2, 11)               3/2
    (2, 4, 2, 12)               1/4
    (2, 4, 3, 0)                1/30
    (2, 4, 3, 2)                1/96
    (2, 4, 3, 3)                3/7
    (2, 4, 3, 4)                1/2
    (2, 4, 3, 5)                1/21
    (2, 4, 3, 6)                1/22
    (2, 4, 3, 7)                1/2
    (2, 4, 3, 8)                1/8
    (2, 4, 3, 9)                3/256
    (2, 4, 3, 10)               1/15
    (2, 4, 3, 11)               1/7
    (2, 4, 3, 12)               1/96
    (2, 4, 4, 0)                1/4
    (2, 4, 4, 1)                2/7
    (2, 4, 4, 2)                1/4
    (2, 4, 4, 3)                2/3
    (2, 4, 4, 4)                3/4
    (2, 4, 4, 5)                2
    (2, 4, 4, 6)                3/4
    (2, 4, 4, 7)                2/3
    (2, 4, 4, 8)                4/5
    (2, 4, 4, 9)                1/2
    (2, 4, 4, 10)               4/7
    (2, 4, 4, 11)               3/2
    (2, 4, 4, 12)               1/3
    (2, 4, 5, 0)                1/6
    (2, 4, 5, 2)                1/11
    (2, 4, 5, 3)                2/3
    (2, 4, 5, 4)                2/15
    (2, 4, 5, 5)                1/21
    (2, 4, 5, 6)                1/4
    (2, 4, 5, 7)                1/3
    (2, 4, 5, 8)                1/18
    (2, 4, 5, 9)                2/5
    (2, 4, 5, 10)               1/26
    (2, 4, 5, 11)               3/10
    (2, 4, 5, 12)               1/9
    (2, 4, 6, 0)                1/4
    (2, 4, 6, 1)                1/3
    (2, 4, 6, 2)                2/25
    (2, 4, 6, 3)                3/5
    (2, 4, 6, 4)                2/5
    (2, 4, 6, 5)                1/3
    (2, 4, 6, 6)                1/15
    (2, 4, 6, 7)                3/5
    (2, 4, 6, 8)                1/4
    (2, 4, 6, 9)                2/7
    (2, 4, 6, 10)               1/7
    (2, 4, 6, 11)               3/4
    (2, 4, 6, 12)               2/3
    (2, 4, 7, 0)                1/17
    (2, 4, 7, 2)                3/10
    (2, 4, 7, 3)                2/3
    (2, 4, 7, 4)                4/11
    (2, 4, 7, 5)                5/22
    (2, 4, 7, 6)                1/4
    (2, 4, 7, 7)                4/7
    (2, 4, 7, 8)                1/9
    (2, 4, 7, 9)                3/7
    (2, 4, 7, 10)               1/7
    (2, 4, 7, 11)               2/7
    (2, 4, 7, 12)               1/9
    (2, 4, 8, 0)                1/18
    (2, 4, 8, 1)                2/9
    (2, 4, 8, 2)                3/4
    (2, 4, 8, 3)                2/5
    (2, 4, 8, 4)                3/11
    (2, 4, 8, 5)                1/4
    (2, 4, 8, 6)                1/7
    (2, 4, 8, 7)                1/4
    (2, 4, 8, 8)                2/7
    (2, 4, 8, 9)                1/3
    (2, 4, 8, 10)               1/7
    (2, 4, 8, 11)               2/7
    (2, 4, 8, 12)               2/5
    (2, 4, 9, 0)                1/6
    (2, 4, 9, 1)                3/128
    (2, 4, 9, 2)                2/3
    (2, 4, 9, 3)                1
    (2, 4, 9, 4)                1/6
    (2, 4, 9, 5)                1/5
    (2, 4, 9, 6)                3/5
    (2, 4, 9, 7)                2/3
    (2, 4, 9, 8)                1/3
    (2, 4, 9, 9)                1/5
    (2, 4, 9, 10)               1/12
    (2, 4, 9, 11)               1/4
    (2, 4, 9, 12)               1/3
    (2, 4, 10, 0)               2/13
    (2, 4, 10, 1)               1/14
    (2, 4, 10, 2)               1/10
    (2, 4, 10, 3)               1
    (2, 4, 10, 4)               1/2
    (2, 4, 10, 5)               1/5
    (2, 4, 10, 6)               3/17
    (2, 4, 10, 7)               2/7
    (2, 4, 10, 8)               1/10
    (2, 4, 10, 10)              3/64
    (2, 4, 10, 11)              1/4
    (2, 4, 10, 12)              1/4
    (2, 5, 0, 0)                1/2
    (2, 5, 0, 1)                1/7
    (2, 5, 0, 2)                1/6
    (2, 5, 0, 3)                1/3
    (2, 5, 0, 4)                2/3
    (2, 5, 0, 5)                1/2
    (2, 5, 0, 6)                1/27
    (2, 5, 0, 7)                1/19
    (2, 5, 0, 8)                1/6
    (2, 5, 0, 9)                1/3
    (2, 5, 0, 10)               1/10
    (2, 5, 0, 11)               3/5
    (2, 5, 0, 12)               3/7
    (2, 5, 1, 0)                1/3
    (2, 5, 1, 1)                1/6
    (2, 5, 1, 2)                1/8
    (2, 5, 1, 3)                1/12
    (2, 5, 1, 4)                1
    (2, 5, 1, 5)                2/5
    (2, 5, 1, 6)                4/11
    (2, 5, 1, 7)                5/7
    (2, 5, 1, 8)                1/4
    (2, 5, 1, 9)                3/5
    (2, 5, 1, 10)               1/4
    (2, 5, 1, 11)               2/5
    (2, 5, 1, 12)               1/8
    (2, 5, 2, 0)                1/5
    (2, 5, 2, 1)                1/11
    (2, 5, 2, 2)                1/6
    (2, 5, 2, 3)                1/13
    (2, 5, 2, 4)                1/4
    (2, 5, 2, 5)                6/5
    (2, 5, 2, 6)                2/5
    (2, 5, 2, 7)                1/6
    (2, 5, 2, 8)                2/15
    (2, 5, 2, 9)                3/4
    (2, 5, 2, 10)               1/7
    (2, 5, 2, 11)               3/4
    (2, 5, 2, 12)               1/13
    (2, 5, 3, 0)                1/2
    (2, 5, 3, 1)                1/4
    (2, 5, 3, 3)                1/11
    (2, 5, 3, 4)                1/9
    (2, 5, 3, 5)                1/8
    (2, 5, 3, 6)                1/7
    (2, 5, 3, 7)                1/3
    (2, 5, 3, 8)                1/13
    (2, 5, 3, 9)                2/5
    (2, 5, 3, 10)               3/7
    (2, 5, 3, 11)               1/16
    (2, 5, 3, 12)               3/8
    (2, 5, 4, 0)                1/5
    (2, 5, 4, 1)                1/12
    (2, 5, 4, 2)                1/4
    (2, 5, 4, 3)                1/4
    (2, 5, 4, 4)                4/5
    (2, 5, 4, 5)                1/2
    (2, 5, 4, 6)                3/13
    (2, 5, 4, 7)                2/7
    (2, 5, 4, 8)                1/9
    (2, 5, 4, 9)                1
    (2, 5, 4, 10)               1/6
    (2, 5, 4, 11)               1/2
    (2, 5, 4, 12)               2/5
    (2, 5, 5, 0)                1/2
    (2, 5, 5, 1)                2/13
    (2, 5, 5, 2)                1/64
    (2, 5, 5, 3)                1/10
    (2, 5, 5, 4)                1/4
    (2, 5, 5, 5)                1/7
    (2, 5, 5, 6)                1/9
    (2, 5, 5, 7)                3/10
    (2, 5, 5, 8)                1/64
    (2, 5, 5, 9)                3/5
    (2, 5, 5, 10)               1
    (2, 5, 5, 11)               1/15
    (2, 5, 5, 12)               11/256
    (2, 5, 6, 0)                3
    (2, 5, 6, 1)                1/3
    (2, 5, 6, 2)                1/2
    (2, 5, 6, 3)                3/5
    (2, 5, 6, 4)                2
    (2, 5, 6, 5)                2/5
    (2, 5, 6, 6)                1/2
    (2, 5, 6, 7)                2/3
    (2, 5, 6, 8)                1/2
    (2, 5, 6, 9)                1/2
    (2, 5, 6, 10)               1
    (2, 5, 6, 11)               1
    (2, 5, 6, 12)               1/2
    (2, 5, 7, 0)                1/2
    (2, 5, 7, 1)                1/59
    (2, 5, 7, 2)                3/23
    (2, 5, 7, 3)                1/5
    (2, 5, 7, 4)                2/11
    (2, 5, 7, 5)                1
    (2, 5, 7, 6)                1/10
    (2, 5, 7, 7)                2/21
    (2, 5, 7, 8)                1/14
    (2, 5, 7, 9)                1/3
    (2, 5, 7, 10)               3/128
    (2, 5, 7, 11)               1/3
    (2, 5, 7, 12)               1/2
    (2, 5, 8, 0)                1/4
    (2, 5, 8, 1)                3/7
    (2, 5, 8, 2)                2/3
    (2, 5, 8, 3)                3/13
    (2, 5, 8, 4)                1/3
    (2, 5, 8, 5)                3/4
    (2, 5, 8, 6)                2/3
    (2, 5, 8, 7)                2/3
    (2, 5, 8, 8)                1/11
    (2, 5, 8, 9)                1/2
    (2, 5, 8, 10)               2/7
    (2, 5, 8, 11)               1/8
    (2, 5, 8, 12)               1/8
    (2, 5, 9, 0)                1/6
    (2, 5, 9, 1)                1/8
    (2, 5, 9, 2)                1/9
    (2, 5, 9, 3)                1/29
    (2, 5, 9, 4)                1/5
    (2, 5, 9, 5)                1/7
    (2, 5, 9, 6)                1/7
    (2, 5, 9, 8)                5/11
    (2, 5, 9, 9)                1/3
    (2, 5, 9, 10)               1/28
    (2, 5, 9, 11)               1/19
    (2, 5, 9, 12)               1/5
    (2, 5, 10, 0)               3/5
    (2, 5, 10, 1)               1/9
    (2, 5, 10, 2)               2/5
    (2, 5, 10, 3)               1/4
    (2, 5, 10, 4)               1/2
    (2, 5, 10, 5)               3/5
    (2, 5, 10, 6)               1/8
    (2, 5, 10, 7)               1/9
    (2, 5, 10, 8)               2/5
    (2, 5, 10, 9)               2
    (2, 5, 10, 10)              2/5
    (2, 5, 10, 11)              2/3
    (2, 5, 10, 12)              4/7
    (2, 6, 0, 0)                1/7
    (2, 6, 0, 1)                1/3
    (2, 6, 0, 2)                5/4
    (2, 6, 0, 4)                1/13
    (2, 6, 0, 5)                1/16
    (2, 6, 0, 6)                1/6
    (2, 6, 0, 7)                1/5
    (2, 6, 0, 8)                1/17
    (2, 6, 0, 9)                1/128
    (2, 6, 0, 10)               1/4
    (2, 6, 0, 11)               2/5
    (2, 6, 1, 0)                1/2
    (2, 6, 1, 1)                1/7
    (2, 6, 1, 2)                1/3
    (2, 6, 1, 3)                5/8
    (2, 6, 1, 4)                1/3
    (2, 6, 1, 5)                1/11
    (2, 6, 1, 6)                3/8
    (2, 6, 1, 7)                5/6
    (2, 6, 1, 8)                1/2
    (2, 6, 1, 9)                1/4
    (2, 6, 1, 10)               1/16
    (2, 6, 1, 11)               1/3
    (2, 6, 1, 12)               1/21
    (2, 6, 2, 0)                1/16
    (2, 6, 2, 1)                3/10
    (2, 6, 2, 2)                1/6
    (2, 6, 2, 3)                1/19
    (2, 6, 2, 4)                4/9
    (2, 6, 2, 5)                2/13
    (2, 6, 2, 6)                1/3
    (2, 6, 2, 7)                1/8
    (2, 6, 2, 8)                2/13
    (2, 6, 2, 10)               3/10
    (2, 6, 2, 11)               1/2
    (2, 6, 2, 12)               3/13
    (2, 6, 3, 0)                3/4
    (2, 6, 3, 1)                1/7
    (2, 6, 3, 2)                1
    (2, 6, 3, 3)                2/15
    (2, 6, 3, 4)                1/3
    (2, 6, 3, 5)                3/5
    (2, 6, 3, 6)                4/5
    (2, 6, 3, 7)                4/5
    (2, 6, 3, 8)                2/19
    (2, 6, 3, 9)                3/11
    (2, 6, 3, 10)               2/9
    (2, 6, 3, 11)               1/2
    (2, 6, 3, 12)               1/10
    (2, 6, 4, 0)                3/5
    (2, 6, 4, 1)                1/4
    (2, 6, 4, 2)                2/5
    (2, 6, 4, 3)                1/5
    (2, 6, 4, 4)                2/5
    (2, 6, 4, 5)                1/7
    (2, 6, 4, 6)                1/4
    (2, 6, 4, 7)                1/2
    (2, 6, 4, 8)                2/15
    (2, 6, 4, 9)                3/16
    (2, 6, 4, 10)               1/2
    (2, 6, 4, 11)               1/2
    (2, 6, 4, 12)               3/8
    (2, 6, 5, 0)                2/5
    (2, 6, 5, 1)                3/14
    (2, 6, 5, 2)                2/7
    (2, 6, 5, 3)                4/9
    (2, 6, 5, 4)                3/29
    (2, 6, 5, 5)                1/30
    (2, 6, 5, 6)                1/3
    (2, 6, 5, 7)                2/5
    (2, 6, 5, 8)                3/5
    (2, 6, 5, 9)                1/3
    (2, 6, 5, 10)               1/6
    (2, 6, 5, 11)               2/5
    (2, 6, 5, 12)               5/7
    (2, 6, 6, 0)                1/2
    (2, 6, 6, 1)                1/6
    (2, 6, 6, 2)                1/4
    (2, 6, 6, 3)                3/11
    (2, 6, 6, 4)                3/8
    (2, 6, 6, 5)                1/5
    (2, 6, 6, 6)                1/2
    (2, 6, 6, 7)                3/5
    (2, 6, 6, 8)                2/5
    (2, 6, 6, 9)                1/7
    (2, 6, 6, 10)               2/11
    (2, 6, 6, 11)               3/4
    (2, 6, 6, 12)               4/7
    (2, 6, 7, 0)                1/9
    (2, 6, 7, 1)                1/28
    (2, 6, 7, 2)                1/5
    (2, 6, 7, 3)                6/11
    (2, 6, 7, 5)                3/14
    (2, 6, 7, 6)                1/7
    (2, 6, 7, 7)                1/8
    (2, 6, 7, 8)                1/27
    (2, 6, 7, 9)                3/11
    (2, 6, 7, 10)               1/8
    (2, 6, 7, 11)               4/9
    (2, 6, 7, 12)               1/12
    (2, 6, 8, 0)                1/8
    (2, 6, 8, 1)                4/11
    (2, 6, 8, 2)                3/7
    (2, 6, 8, 3)                1/16
    (2, 6, 8, 4)                1/7
    (2, 6, 8, 5)                1/2
    (2, 6, 8, 6)                3/5
    (2, 6, 8, 7)                1/3
    (2, 6, 8, 8)                1/12
    (2, 6, 8, 9)                1/2
    (2, 6, 8, 10)               1/2
    (2, 6, 8, 11)               1/4
    (2, 6, 8, 12)               1/4
    (2, 6, 9, 0)                4/9
    (2, 6, 9, 2)                3/4
    (2, 6, 9, 3)                1/16
    (2, 6, 9, 4)                1/32
    (2, 6, 9, 5)                1/13
    (2, 6, 9, 6)                3/8
    (2, 6, 9, 7)                1/27
    (2, 6, 9, 8)                5/41
    (2, 6, 9, 9)                1/20
    (2, 6, 9, 11)               1/4
    (2, 6, 9, 12)               3/5
    (2, 6, 10, 0)               1
    (2, 6, 10, 1)               1
    (2, 6, 10, 2)               2
    (2, 6, 10, 3)               4/9
    (2, 6, 10, 4)               1/4
    (2, 6, 10, 5)               1/3
    (2, 6, 10, 6)               4/5
    (2, 6, 10, 7)               3/4
    (2, 6, 10, 8)               1/5
    (2, 6, 10, 9)               1/2
    (2, 6, 10, 10)              2/7
    (2, 6, 10, 11)              5/3
    (2, 6, 10, 12)              1/5
    (3, 0, 0, 0)                1/2
    (3, 0, 0, 1)                1
    (3, 0, 0, 2)                1
    (3, 0, 0, 3)                1/2
    (3, 0, 0, 4)                1/2
    (3, 0, 0, 5)                2/3
    (3, 0, 0, 6)                1/2
    (3, 0, 0, 7)                2/5
    (3, 0, 0, 8)                2
    (3, 0, 0, 9)                3/5
    (3, 0, 0, 10)               1/2
    (3, 0, 0, 11)               1/3
    (3, 0, 0, 12)               3
    (3, 0, 1, 0)                11/256
    (3, 0, 1, 1)                1/15
    (3, 0, 1, 2)                1
    (3, 0, 1, 3)                3/5
    (3, 0, 1, 4)                1/64
    (3, 0, 1, 5)                3/10
    (3, 0, 1, 6)                1/9
    (3, 0, 1, 7)                1/7
    (3, 0, 1, 8)                1/4
    (3, 0, 1, 9)                1/10
    (3, 0, 1, 10)               1/64
    (3, 0, 1, 11)               2/13
    (3, 0, 1, 12)               1/2
    (3, 0, 2, 0)                2/5
    (3, 0, 2, 1)                1/2
    (3, 0, 2, 2)                1/6
    (3, 0, 2, 3)                1
    (3, 0, 2, 4)                1/9
    (3, 0, 2, 5)                2/7
    (3, 0, 2, 6)                3/13
    (3, 0, 2, 7)                1/2
    (3, 0, 2, 8)                4/5
    (3, 0, 2, 9)                1/4
    (3, 0, 2, 10)               1/4
    (3, 0, 2, 11)               1/12
    (3, 0, 2, 12)               1/5
    (3, 0, 3, 0)                3/8
    (3, 0, 3, 1)                1/16
    (3, 0, 3, 2)                3/7
    (3, 0, 3, 3)                2/5
    (3, 0, 3, 4)                1/13
    (3, 0, 3, 5)                1/3
    (3, 0, 3, 6)                1/7
    (3, 0, 3, 7)                1/8
    (3, 0, 3, 8)                1/9
    (3, 0, 3, 9)                1/11
    (3, 0, 3, 11)               1/4
    (3, 0, 3, 12)               1/2
    (3, 0, 4, 0)                1/13
    (3, 0, 4, 1)                3/4
    (3, 0, 4, 2)                1/7
    (3, 0, 4, 3)                3/4
    (3, 0, 4, 4)                2/15
    (3, 0, 4, 5)                1/6
    (3, 0, 4, 6)                2/5
    (3, 0, 4, 7)                6/5
    (3, 0, 4, 8)                1/4
    (3, 0, 4, 9)                1/13
    (3, 0, 4, 10)               1/6
    (3, 0, 4, 11)               1/11
    (3, 0, 4, 12)               1/5
    (3, 0, 5, 0)                1/8
    (3, 0, 5, 1)                2/5
    (3, 0, 5, 2)                1/4
    (3, 0, 5, 3)                3/5
    (3, 0, 5, 4)                1/4
    (3, 0, 5, 5)                5/7
    (3, 0, 5, 6)                4/11
    (3, 0, 5, 7)                2/5
    (3, 0, 5, 8)                1
    (3, 0, 5, 9)                1/12
    (3, 0, 5, 10)               1/8
    (3, 0, 5, 11)               1/6
    (3, 0, 5, 12)               1/3
    (3, 0, 6, 0)                3/7
    (3, 0, 6, 1)                3/5
    (3, 0, 6, 2)                1/10
    (3, 0, 6, 3)                1/3
    (3, 0, 6, 4)                1/6
    (3, 0, 6, 5)                1/19
    (3, 0, 6, 6)                1/27
    (3, 0, 6, 7)                1/2
    (3, 0, 6, 8)                2/3
    (3, 0, 6, 9)                1/3
    (3, 0, 6, 10)               1/6
    (3, 0, 6, 11)               1/7
    (3, 0, 6, 12)               1/2
    (3, 0, 7, 0)                4/7
    (3, 0, 7, 1)                2/3
    (3, 0, 7, 2)                2/5
    (3, 0, 7, 3)                2
    (3, 0, 7, 4)                2/5
    (3, 0, 7, 5)                1/9
    (3, 0, 7, 6)                1/8
    (3, 0, 7, 7)                3/5
    (3, 0, 7, 8)                1/2
    (3, 0, 7, 9)                1/4
    (3, 0, 7, 10)               2/5
    (3, 0, 7, 11)               1/9
    (3, 0, 7, 12)               3/5
    (3, 0, 8, 0)                1/5
    (3, 0, 8, 1)                1/19
    (3, 0, 8, 2)                1/28
    (3, 0, 8, 3)                1/3
    (3, 0, 8, 4)                5/11
    (3, 0, 8, 6)                1/7
    (3, 0, 8, 7)                1/7
    (3, 0, 8, 8)                1/5
    (3, 0, 8, 9)                1/29
    (3, 0, 8, 10)               1/9
    (3, 0, 8, 11)               1/8
    (3, 0, 8, 12)               1/6
    (3, 0, 9, 0)                1/8
    (3, 0, 9, 1)                1/8
    (3, 0, 9, 2)                2/7
    (3, 0, 9, 3)                1/2
    (3, 0, 9, 4)                1/11
    (3, 0, 9, 5)                2/3
    (3, 0, 9, 6)                2/3
    (3, 0, 9, 7)                3/4
    (3, 0, 9, 8)                1/3
    (3, 0, 9, 9)                3/13
    (3, 0, 9, 10)               2/3
    (3, 0, 9, 11)               3/7
    (3, 0, 9, 12)               1/4
    (3, 0, 10, 0)               1/2
    (3, 0, 10, 1)               1/3
    (3, 0, 10, 2)               3/128
    (3, 0, 10, 3)               1/3
    (3, 0, 10, 4)               1/14
    (3, 0, 10, 5)               2/21
    (3, 0, 10, 6)               1/10
    (3, 0, 10, 7)               1
    (3, 0, 10, 8)               2/11
    (3, 0, 10, 9)               1/5
    (3, 0, 10, 10)              3/23
    (3, 0, 10, 11)              1/59
    (3, 0, 10, 12)              1/2
    (3, 1, 0, 0)                2/3
    (3, 1, 0, 1)                3/4
    (3, 1, 0, 2)                1/7
    (3, 1, 0, 3)                2/7
    (3, 1, 0, 4)                1/4
    (3, 1, 0, 5)                3/5
    (3, 1, 0, 6)                1/15
    (3, 1, 0, 7)                1/3
    (3, 1, 0, 8)                2/5
    (3, 1, 0, 9)                3/5
    (3, 1, 0, 10)               2/25
    (3, 1, 0, 11)               1/3
    (3, 1, 0, 12)               1/4
    (3, 1, 1, 0)                1/9
    (3, 1, 1, 1)                3/10
    (3, 1, 1, 2)                1/26
    (3, 1, 1, 3)                2/5
    (3, 1, 1, 4)                1/18
    (3, 1, 1, 5)                1/3
    (3, 1, 1, 6)                1/4
    (3, 1, 1, 7)                1/21
    (3, 1, 1, 8)                2/15
    (3, 1, 1, 9)                2/3
    (3, 1, 1, 10)               1/11
    (3, 1, 1, 12)               1/6
    (3, 1, 2, 0)                1/3
    (3, 1, 2, 1)                3/2
    (3, 1, 2, 2)                4/7
    (3, 1, 2, 3)                1/2
    (3, 1, 2, 4)                4/5
    (3, 1, 2, 5)                2/3
    (3, 1, 2, 6)                3/4
    (3, 1, 2, 7)                2
    (3, 1, 2, 8)                3/4
    (3, 1, 2, 9)                2/3
    (3, 1, 2, 10)               1/4
    (3, 1, 2, 11)               2/7
    (3, 1, 2, 12)               1/4
    (3, 1, 3, 0)                1/96
    (3, 1, 3, 1)                1/7
    (3, 1, 3, 2)                1/15
    (3, 1, 3, 3)                3/256
    (3, 1, 3, 4)                1/8
    (3, 1, 3, 5)                1/2
    (3, 1, 3, 6)                1/22
    (3, 1, 3, 7)                1/21
    (3, 1, 3, 8)                1/2
    (3, 1, 3, 9)                3/7
    (3, 1, 3, 10)               1/96
    (3, 1, 3, 12)               1/30
    (3, 1, 4, 0)                1/4
    (3, 1, 4, 1)                3/2
    (3, 1, 4, 2)                8/5
    (3, 1, 4, 3)                1
    (3, 1, 4, 4)                2/7
    (3, 1, 4, 5)                1/4
    (3, 1, 4, 6)                1
    (3, 1, 4, 7)                1/3
    (3, 1, 4, 8)                1/6
    (3, 1, 4, 9)                2/5
    (3, 1, 4, 10)               1/7
    (3, 1, 4, 11)               1/4
    (3, 1, 4, 12)               3/11
    (3, 1, 5, 0)                1/18
    (3, 1, 5, 1)                3/11
    (3, 1, 5, 2)                1/9
    (3, 1, 5, 3)                1/16
    (3, 1, 5, 4)                2/11
    (3, 1, 5, 5)                4/5
    (3, 1, 5, 6)                1/8
    (3, 1, 5, 7)                1/17
    (3, 1, 5, 8)                1/8
    (3, 1, 5, 9)                1/4
    (3, 1, 5, 10)               2/11
    (3, 1, 5, 11)               1/11
    (3, 1, 5, 12)               1/28
    (3, 1, 6, 0)                1/7
    (3, 1, 6, 1)                1/2
    (3, 1, 6, 2)                2/5
    (3, 1, 6, 3)                1/3
    (3, 1, 6, 4)                3/5
    (3, 1, 6, 5)                3/4
    (3, 1, 6, 6)                2/3
    (3, 1, 6, 7)                1/2
    (3, 1, 6, 8)                1
    (3, 1, 6, 9)                6/5
    (3, 1, 6, 10)               1/9
    (3, 1, 6, 11)               2/3
    (3, 1, 6, 12)               1
    (3, 1, 7, 0)                1/4
    (3, 1, 7, 1)                1/4
    (3, 1, 7, 2)                3/64
    (3, 1, 7, 4)                1/10
    (3, 1, 7, 5)                2/7
    (3, 1, 7, 6)                3/17
    (3, 1, 7, 7)                1/5
    (3, 1, 7, 8)                1/2
    (3, 1, 7, 9)                1
    (3, 1, 7, 10)               1/10
    (3, 1, 7, 11)               1/14
    (3, 1, 7, 12)               2/13
    (3, 1, 8, 0)                1/3
    (3, 1, 8, 1)                1/4
    (3, 1, 8, 2)                1/12
    (3, 1, 8, 3)                1/5
    (3, 1, 8, 4)                1/3
    (3, 1, 8, 5)                2/3
    (3, 1, 8, 6)                3/5
    (3, 1, 8, 7)                1/5
    (3, 1, 8, 8)                1/6
    (3, 1, 8, 9)                1
    (3, 1, 8, 10)               2/3
    (3, 1, 8, 11)               3/128
    (3, 1, 8, 12)               1/6
    (3, 1, 9, 0)                2/5
    (3, 1, 9, 1)                2/7
    (3, 1, 9, 2)                1/7
    (3, 1, 9, 3)                1/3
    (3, 1, 9, 4)                2/7
    (3, 1, 9, 5)                1/4
    (3, 1, 9, 6)                1/7
    (3, 1, 9, 7)                1/4
    (3, 1, 9, 8)                3/11
    (3, 1, 9, 9)                2/5
    (3, 1, 9, 10)               3/4
    (3, 1, 9, 11)               2/9
    (3, 1, 9, 12)               1/18
    (3, 1, 10, 0)               1/9
    (3, 1, 10, 1)               2/7
    (3, 1, 10, 2)               1/7
    (3, 1, 10, 3)               3/7
    (3, 1, 10, 4)               1/9
    (3, 1, 10, 5)               4/7
    (3, 1, 10, 6)               1/4
    (3, 1, 10, 7)               5/22
    (3, 1, 10, 8)               4/11
    (3, 1, 10, 9)               2/3
    (3, 1, 10, 10)              3/10
    (3, 1, 10, 12)              1/17
    (3, 2, 0, 0)                3/5
    (3, 2, 0, 1)                3/8
    (3, 2, 0, 2)                1/2
    (3, 2, 0, 3)                1
    (3, 2, 0, 4)                1/6
    (3, 2, 0, 5)                2/13
    (3, 2, 0, 6)                4/5
    (3, 2, 0, 7)                1/3
    (3, 2, 0, 8)                1/7
    (3, 2, 0, 9)                1/2
    (3, 2, 0, 10)               1/2
    (3, 2, 0, 11)               3/5
    (3, 2, 0, 12)               1/7
    (3, 2, 1, 0)                1/4
    (3, 2, 1, 1)                1/7
    (3, 2, 1, 2)                3/5
    (3, 2, 1, 3)                1/2
    (3, 2, 1, 4)                1/3
    (3, 2, 1, 5)                1/5
    (3, 2, 1, 6)                1/6
    (3, 2, 1, 7)                1/2
    (3, 2, 1, 8)                2/3
    (3, 2, 1, 9)                2/5
    (3, 2, 1, 10)               2/3
    (3, 2, 1, 11)               3/4
    (3, 2, 1, 12)               2/5
    (3, 2, 2, 0)                1/4
    (3, 2, 2, 1)                2/5
    (3, 2, 2, 2)                1/3
    (3, 2, 2, 3)                3/5
    (3, 2, 2, 4)                1/5
    (3, 2, 2, 5)                7/6
    (3, 2, 2, 6)                1/11
    (3, 2, 2, 7)                3/2
    (3, 2, 2, 8)                1/3
    (3, 2, 2, 9)                1/4
    (3, 2, 2, 10)               5/8
    (3, 2, 2, 11)               5/6
    (3, 2, 2, 12)               1/3
    (3, 2, 3, 0)                2/31
    (3, 2, 3, 1)                1/4
    (3, 2, 3, 2)                4/11
    (3, 2, 3, 3)                4/5
    (3, 2, 3, 4)                2/9
    (3, 2, 3, 5)                2/7
    (3, 2, 3, 6)                1/11
    (3, 2, 3, 7)                1/2
    (3, 2, 3, 8)                1/10
    (3, 2, 3, 9)                1/13
    (3, 2, 3, 10)               1/9
    (3, 2, 3, 11)               1/2
    (3, 2, 3, 12)               1/6
    (3, 2, 4, 0)                1/7
    (3, 2, 4, 1)                2/5
    (3, 2, 4, 2)                1
    (3, 2, 4, 3)                1/2
    (3, 2, 4, 4)                2/9
    (3, 2, 4, 5)                1/6
    (3, 2, 4, 6)                4/7
    (3, 2, 4, 7)                1/5
    (3, 2, 4, 8)                1/5
    (3, 2, 4, 9)                1/4
    (3, 2, 4, 10)               4/7
    (3, 2, 4, 11)               1/4
    (3, 2, 4, 12)               1/3
    (3, 2, 5, 0)                1/37
    (3, 2, 5, 1)                1/3
    (3, 2, 5, 2)                2/7
    (3, 2, 5, 3)                1/10
    (3, 2, 5, 4)                2/17
    (3, 2, 5, 5)                3/7
    (3, 2, 5, 6)                33/65536
    (3, 2, 5, 7)                3/2
    (3, 2, 5, 8)                3/4
    (3, 2, 5, 9)                1/9
    (3, 2, 5, 10)               1/37
    (3, 2, 5, 11)               3/4
    (3, 2, 5, 12)               2/7
    (3, 2, 6, 0)                5/6
    (3, 2, 6, 1)                2
    (3, 2, 6, 2)                1/4
    (3, 2, 6, 3)                1/2
    (3, 2, 6, 4)                1/2
    (3, 2, 6, 5)                1/2
    (3, 2, 6, 6)                2/5
    (3, 2, 6, 7)                7/3
    (3, 2, 6, 8)                1
    (3, 2, 6, 9)                1
    (3, 2, 6, 10)               7/4
    (3, 2, 6, 11)               5/2
    (3, 2, 6, 12)               4/7
    (3, 2, 7, 0)                3/10
    (3, 2, 7, 1)                1/7
    (3, 2, 7, 2)                1/6
    (3, 2, 7, 3)                1/2
    (3, 2, 7, 4)                1/7
    (3, 2, 7, 5)                1/22
    (3, 2, 7, 6)                1/8
    (3, 2, 7, 7)                2/5
    (3, 2, 7, 8)                1/35
    (3, 2, 7, 9)                2/5
    (3, 2, 7, 10)               2/5
    (3, 2, 7, 11)               1
    (3, 2, 7, 12)               1/32
    (3, 2, 8, 0)                1/2
    (3, 2, 8, 1)                1/8
    (3, 2, 8, 2)                1/4
    (3, 2, 8, 3)                3/2
    (3, 2, 8, 4)                3/4
    (3, 2, 8, 5)                1/6
    (3, 2, 8, 6)                4/5
    (3, 2, 8, 7)                4/5
    (3, 2, 8, 8)                3/7
    (3, 2, 8, 9)                1/7
    (3, 2, 8, 10)               1/2
    (3, 2, 8, 11)               1/3
    (3, 2, 8, 12)               2/5
    (3, 2, 9, 0)                5/9
    (3, 2, 9, 1)                3/14
    (3, 2, 9, 2)                3/8
    (3, 2, 9, 3)                1/6
    (3, 2, 9, 4)                1/12
    (3, 2, 9, 5)                2/13
    (3, 2, 9, 6)                1/11
    (3, 2, 9, 7)                1/3
    (3, 2, 9, 8)                1/3
    (3, 2, 9, 9)                3/20
    (3, 2, 9, 10)               2/9
    (3, 2, 9, 11)               1/5
    (3, 2, 9, 12)               1/13
    (3, 2, 10, 0)               2/5
    (3, 2, 10, 1)               2/3
    (3, 2, 10, 2)               1/2
    (3, 2, 10, 3)               1/5
    (3, 2, 10, 4)               1/10
    (3, 2, 10, 5)               1/3
    (3, 2, 10, 6)               5/8
    (3, 2, 10, 7)               1/2
    (3, 2, 10, 8)               7/10
    (3, 2, 10, 9)               2/5
    (3, 2, 10, 10)              1/4
    (3, 2, 10, 11)              1
    (3, 2, 10, 12)              1/8
    (3, 3, 0, 0)                3/8
    (3, 3, 0, 1)                1/13
    (3, 3, 0, 2)                1/15
    (3, 3, 0, 3)                2/9
    (3, 3, 0, 4)                2/5
    (3, 3, 0, 5)                1/4
    (3, 3, 0, 6)                1/6
    (3, 3, 0, 7)                1/48
    (3, 3, 0, 8)                1/9
    (3, 3, 0, 9)                2/5
    (3, 3, 0, 10)               1/9
    (3, 3, 0, 12)               1/5
    (3, 3, 1, 0)                1/6
    (3, 3, 1, 1)                1/5
    (3, 3, 1, 2)                4/11
    (3, 3, 1, 3)                1/6
    (3, 3, 1, 4)                1/4
    (3, 3, 1, 5)                2/3
    (3, 3, 1, 6)                4/5
    (3, 3, 1, 7)                2/5
    (3, 3, 1, 8)                1/4
    (3, 3, 1, 9)                1/5
    (3, 3, 1, 10)               1/3
    (3, 3, 1, 11)               1/10
    (3, 3, 1, 12)               4/9
    (3, 3, 2, 0)                2/5
    (3, 3, 2, 1)                1/14
    (3, 3, 2, 2)                1/2
    (3, 3, 2, 3)                2/5
    (3, 3, 2, 4)                1/6
    (3, 3, 2, 5)                4/11
    (3, 3, 2, 6)                1/4
    (3, 3, 2, 7)                1/12
    (3, 3, 2, 8)                5/7
    (3, 3, 2, 9)                1/6
    (3, 3, 2, 10)               227/100000
    (3, 3, 2, 12)               3/8
    (3, 3, 3, 0)                1/3
    (3, 3, 3, 1)                2/7
    (3, 3, 3, 2)                1/8
    (3, 3, 3, 3)                1/2
    (3, 3, 3, 4)                1/2
    (3, 3, 3, 5)                2/3
    (3, 3, 3, 6)                1/10
    (3, 3, 3, 7)                2/3
    (3, 3, 3, 8)                3/5
    (3, 3, 3, 9)                2/5
    (3, 3, 3, 10)               2/5
    (3, 3, 3, 11)               3/4
    (3, 3, 3, 12)               1/4
    (3, 3, 4, 0)                1/2
    (3, 3, 4, 1)                1/7
    (3, 3, 4, 2)                1/2
    (3, 3, 4, 3)                2/5
    (3, 3, 4, 4)                2/3
    (3, 3, 4, 5)                1/5
    (3, 3, 4, 6)                1/5
    (3, 3, 4, 7)                1/33
    (3, 3, 4, 8)                1/2
    (3, 3, 4, 9)                3/7
    (3, 3, 4, 10)               1/3
    (3, 3, 4, 11)               3/8
    (3, 3, 4, 12)               1/7
    (3, 3, 5, 0)                1/3
    (3, 3, 5, 1)                2/9
    (3, 3, 5, 3)                2/35
    (3, 3, 5, 4)                1/6
    (3, 3, 5, 5)                1/3
    (3, 3, 5, 6)                1/64
    (3, 3, 5, 7)                1/20
    (3, 3, 5, 8)                1/12
    (3, 3, 5, 9)                1/9
    (3, 3, 5, 10)               2/7
    (3, 3, 5, 11)               3/8
    (3, 3, 5, 12)               1/11
    (3, 3, 6, 0)                1
    (3, 3, 6, 1)                2/5
    (3, 3, 6, 2)                1/7
    (3, 3, 6, 3)                1/4
    (3, 3, 6, 4)                2/5
    (3, 3, 6, 5)                1/4
    (3, 3, 6, 6)                2/5
    (3, 3, 6, 7)                1
    (3, 3, 6, 8)                1
    (3, 3, 6, 9)                3/5
    (3, 3, 6, 10)               1/6
    (3, 3, 6, 11)               2/3
    (3, 3, 6, 12)               3/5
    (3, 3, 7, 0)                1/2
    (3, 3, 7, 1)                2/3
    (3, 3, 7, 2)                1/64
    (3, 3, 7, 3)                1/13
    (3, 3, 7, 4)                5/6
    (3, 3, 7, 5)                1/13
    (3, 3, 7, 7)                1/7
    (3, 3, 7, 8)                1/8
    (3, 3, 7, 9)                1/5
    (3, 3, 7, 10)               1/4
    (3, 3, 7, 11)               1/5
    (3, 3, 7, 12)               2/11
    (3, 3, 8, 0)                1/5
    (3, 3, 8, 1)                1/7
    (3, 3, 8, 2)                4/3
    (3, 3, 8, 3)                6/5
    (3, 3, 8, 4)                3/5
    (3, 3, 8, 5)                1/6
    (3, 3, 8, 6)                1/3
    (3, 3, 8, 7)                1/5
    (3, 3, 8, 8)                2/3
    (3, 3, 8, 9)                1/2
    (3, 3, 8, 10)               8/7
    (3, 3, 8, 11)               1/7
    (3, 3, 8, 12)               1/6
    (3, 3, 9, 0)                1/2
    (3, 3, 9, 3)                1/13
    (3, 3, 9, 4)                1/8
    (3, 3, 9, 9)                1/8
    (3, 3, 9, 10)               1/31
    (3, 3, 10, 0)               1/3
    (3, 3, 10, 1)               1/3
    (3, 3, 10, 2)               2/3
    (3, 3, 10, 3)               1
    (3, 3, 10, 4)               3/4
    (3, 3, 10, 5)               3/7
    (3, 3, 10, 6)               1/2
    (3, 3, 10, 7)               5/6
    (3, 3, 10, 8)               1/6
    (3, 3, 10, 9)               3/5
    (3, 3, 10, 10)              6/5
    (3, 3, 10, 11)              2/5
    (3, 3, 10, 12)              2/5
    (3, 4, 0, 0)                1/9
    (3, 4, 0, 2)                1/6
    (3, 4, 0, 3)                2/3
    (3, 4, 0, 4)                1/11
    (3, 4, 0, 5)                1/42
    (3, 4, 0, 6)                2/5
    (3, 4, 0, 7)                1/8
    (3, 4, 0, 8)                1/37
    (3, 4, 0, 9)                1/8
    (3, 4, 0, 10)               1
    (3, 4, 0, 11)               1/14
    (3, 4, 0, 12)               2/7
    (3, 4, 1, 0)                1/2
    (3, 4, 1, 1)                2/7
    (3, 4, 1, 2)                2
    (3, 4, 1, 3)                5/4
    (3, 4, 1, 4)                1/2
    (3, 4, 1, 5)                4/5
    (3, 4, 1, 6)                7/3
    (3, 4, 1, 7)                1/7
    (3, 4, 1, 8)                1/5
    (3, 4, 1, 9)                3/5
    (3, 4, 1, 10)               1/3
    (3, 4, 1, 11)               3/2
    (3, 4, 1, 12)               1/3
    (3, 4, 2, 0)                1/16384
    (3, 4, 2, 1)                1/15
    (3, 4, 2, 2)                1
    (3, 4, 2, 3)                1/29
    (3, 4, 2, 4)                2/7
    (3, 4, 2, 5)                3/4
    (3, 4, 2, 6)                1/3
    (3, 4, 2, 8)                1/5
    (3, 4, 2, 9)                1/14
    (3, 4, 2, 10)               1/14
    (3, 4, 2, 11)               1/7
    (3, 4, 2, 12)               1/3
    (3, 4, 3, 0)                1/7
    (3, 4, 3, 1)                1/3
    (3, 4, 3, 2)                1/4
    (3, 4, 3, 3)                5/7
    (3, 4, 3, 4)                1/4
    (3, 4, 3, 5)                1/5
    (3, 4, 3, 6)                1/4
    (3, 4, 3, 7)                4/7
    (3, 4, 3, 8)                1/4
    (3, 4, 3, 9)                2/9
    (3, 4, 3, 10)               4/5
    (3, 4, 3, 11)               6/5
    (3, 4, 3, 12)               3/5
    (3, 4, 4, 0)                1/19
    (3, 4, 4, 1)                1/7
    (3, 4, 4, 2)                1/2
    (3, 4, 4, 3)                1/7
    (3, 4, 4, 4)                3/16
    (3, 4, 4, 5)                1/3
    (3, 4, 4, 6)                1/5
    (3, 4, 4, 7)                1/16
    (3, 4, 4, 8)                5/8
    (3, 4, 4, 9)                2/7
    (3, 4, 4, 10)               3/7
    (3, 4, 4, 11)               2/11
    (3, 4, 4, 12)               2/7
    (3, 4, 5, 0)                1/3
    (3, 4, 5, 1)                1/11
    (3, 4, 5, 2)                1/4
    (3, 4, 5, 3)                1/6
    (3, 4, 5, 4)                1/3
    (3, 4, 5, 5)                2/3
    (3, 4, 5, 6)                5/4
    (3, 4, 5, 7)                2/15
    (3, 4, 5, 8)                1/3
    (3, 4, 5, 9)                1/2
    (3, 4, 5, 10)               1/2
    (3, 4, 5, 11)               4/5
    (3, 4, 5, 12)               3/5
    (3, 4, 6, 0)                1/12
    (3, 4, 6, 1)                1/3
    (3, 4, 6, 2)                1
    (3, 4, 6, 3)                3/8
    (3, 4, 6, 4)                1
    (3, 4, 6, 5)                5/4
    (3, 4, 6, 6)                1/2
    (3, 4, 6, 7)                1/10
    (3, 4, 6, 8)                1/4
    (3, 4, 6, 9)                3/7
    (3, 4, 6, 10)               2/5
    (3, 4, 6, 11)               3/4
    (3, 4, 6, 12)               1/7
    (3, 4, 7, 0)                1/4
    (3, 4, 7, 1)                1/6
    (3, 4, 7, 2)                1/3
    (3, 4, 7, 3)                2/5
    (3, 4, 7, 4)                1/6
    (3, 4, 7, 5)                4/9
    (3, 4, 7, 6)                2/5
    (3, 4, 7, 7)                1/2
    (3, 4, 7, 8)                1/40
    (3, 4, 7, 9)                1/8
    (3, 4, 7, 10)               1
    (3, 4, 7, 11)               4/5
    (3, 4, 7, 12)               2/7
    (3, 4, 8, 0)                2/5
    (3, 4, 8, 1)                1/7
    (3, 4, 8, 2)                1
    (3, 4, 8, 3)                2/5
    (3, 4, 8, 4)                2/5
    (3, 4, 8, 5)                1/4
    (3, 4, 8, 6)                1/2
    (3, 4, 8, 7)                1/4
    (3, 4, 8, 8)                3/5
    (3, 4, 8, 9)                3/10
    (3, 4, 8, 10)               3/4
    (3, 4, 8, 11)               5/7
    (3, 4, 8, 12)               1/2
    (3, 4, 9, 0)                1/8
    (3, 4, 9, 1)                1/17
    (3, 4, 9, 2)                1/4
    (3, 4, 9, 3)                2/9
    (3, 4, 9, 4)                2/17
    (3, 4, 9, 5)                1/9
    (3, 4, 9, 6)                1/5
    (3, 4, 9, 7)                1/7
    (3, 4, 9, 8)                1/12
    (3, 4, 9, 9)                1/10
    (3, 4, 9, 10)               4/11
    (3, 4, 9, 11)               3/7
    (3, 4, 9, 12)               1/14
    (3, 4, 10, 0)               3/4
    (3, 4, 10, 1)               1/5
    (3, 4, 10, 2)               1/6
    (3, 4, 10, 3)               1/2
    (3, 4, 10, 4)               1/8
    (3, 4, 10, 5)               3/7
    (3, 4, 10, 6)               2/5
    (3, 4, 10, 7)               2/5
    (3, 4, 10, 8)               1/6
    (3, 4, 10, 9)               2/5
    (3, 4, 10, 10)              1
    (3, 4, 10, 11)              3/8
    (3, 4, 10, 12)              3/8
    (3, 5, 0, 0)                3/5
    (3, 5, 0, 1)                1/19
    (3, 5, 0, 2)                4/11
    (3, 5, 0, 3)                1/9
    (3, 5, 0, 4)                1/2
    (3, 5, 0, 5)                1/7
    (3, 5, 0, 6)                1/3
    (3, 5, 0, 7)                2/13
    (3, 5, 0, 8)                3/5
    (3, 5, 0, 9)                1/5
    (3, 5, 0, 12)               3/4
    (3, 5, 1, 0)                1/8
    (3, 5, 1, 1)                1/5
    (3, 5, 1, 2)                1/7
    (3, 5, 1, 3)                6/11
    (3, 5, 1, 4)                1/6
    (3, 5, 1, 5)                3/8
    (3, 5, 1, 6)                2/5
    (3, 5, 1, 7)                1/5
    (3, 5, 1, 8)                5/7
    (3, 5, 1, 9)                1/7
    (3, 5, 1, 10)               1/2
    (3, 5, 1, 11)               2/9
    (3, 5, 1, 12)               1/3
    (3, 5, 2, 0)                1/9
    (3, 5, 2, 1)                1/128
    (3, 5, 2, 2)                1/5
    (3, 5, 2, 3)                2/9
    (3, 5, 2, 4)                2/7
    (3, 5, 2, 5)                2/17
    (3, 5, 2, 6)                1/13
    (3, 5, 2, 7)                5/16
    (3, 5, 2, 8)                1/6
    (3, 5, 2, 9)                1/3
    (3, 5, 2, 10)               2/37
    (3, 5, 2, 11)               2/15
    (3, 5, 2, 12)               1
    (3, 5, 3, 0)                4/9
    (3, 5, 3, 1)                4/11
    (3, 5, 3, 2)                1/2
    (3, 5, 3, 3)                1/2
    (3, 5, 3, 4)                3/5
    (3, 5, 3, 5)                3/5
    (3, 5, 3, 6)                2/7
    (3, 5, 3, 7)                3/8
    (3, 5, 3, 8)                1/4
    (3, 5, 3, 9)                5/7
    (3, 5, 3, 10)               5/4
    (3, 5, 3, 11)               1
    (3, 5, 3, 12)               1/2
    (3, 5, 4, 0)                3/256
    (3, 5, 4, 3)                1/128
    (3, 5, 4, 4)                1/6
    (3, 5, 4, 5)                1/2
    (3, 5, 4, 6)                1/14
    (3, 5, 4, 8)                5/6
    (3, 5, 4, 9)                1/96
    (3, 5, 4, 11)               1/12
    (3, 5, 4, 12)               1/4
    (3, 5, 5, 0)                2/7
    (3, 5, 5, 1)                3/5
    (3, 5, 5, 2)                4/9
    (3, 5, 5, 3)                1/5
    (3, 5, 5, 4)                3/2
    (3, 5, 5, 5)                2/3
    (3, 5, 5, 6)                1
    (3, 5, 5, 7)                2/3
    (3, 5, 5, 8)                1/3
    (3, 5, 5, 9)                1/5
    (3, 5, 5, 10)               1
    (3, 5, 5, 11)               1/8
    (3, 5, 5, 12)               3
    (3, 5, 6, 0)                1/2
    (3, 5, 6, 1)                2/15
    (3, 5, 6, 3)                1/8
    (3, 5, 6, 4)                1/2
    (3, 5, 6, 5)                1/8
    (3, 5, 6, 6)                3/10
    (3, 5, 6, 7)                1
    (3, 5, 6, 8)                1/3
    (3, 5, 6, 9)                1/4
    (3, 5, 6, 10)               1/8
    (3, 5, 6, 11)               1/13
    (3, 5, 6, 12)               2/9
    (3, 5, 7, 0)                1/4
    (3, 5, 7, 1)                1/3
    (3, 5, 7, 2)                1/8
    (3, 5, 7, 3)                1/11
    (3, 5, 7, 4)                1/3
    (3, 5, 7, 5)                2/9
    (3, 5, 7, 6)                1/6
    (3, 5, 7, 7)                2/17
    (3, 5, 7, 8)                1/4
    (3, 5, 7, 9)                2/11
    (3, 5, 7, 10)               3/4
    (3, 5, 7, 11)               2/21
    (3, 5, 7, 12)               2/5
    (3, 5, 8, 0)                1/10
    (3, 5, 8, 1)                1/16
    (3, 5, 8, 3)                2/5
    (3, 5, 8, 4)                1/5
    (3, 5, 8, 5)                1/8
    (3, 5, 8, 7)                1/5
    (3, 5, 8, 8)                1/2
    (3, 5, 8, 9)                1/12
    (3, 5, 8, 10)               2/7
    (3, 5, 8, 11)               2/21
    (3, 5, 8, 12)               1/7
    (3, 5, 9, 0)                6/5
    (3, 5, 9, 1)                1/31
    (3, 5, 9, 2)                1/3
    (3, 5, 9, 3)                1/2
    (3, 5, 9, 4)                1/8
    (3, 5, 9, 5)                5/12
    (3, 5, 9, 6)                1/2
    (3, 5, 9, 7)                1/4
    (3, 5, 9, 8)                5/6
    (3, 5, 9, 9)                2/11
    (3, 5, 9, 10)               1/5
    (3, 5, 9, 11)               4/7
    (3, 5, 9, 12)               1
    (3, 5, 10, 0)               5/4
    (3, 5, 10, 1)               1/4
    (3, 5, 10, 2)               1/33
    (3, 5, 10, 3)               2/3
    (3, 5, 10, 4)               5/3
    (3, 5, 10, 5)               1/9
    (3, 5, 10, 6)               5/6
    (3, 5, 10, 7)               3/5
    (3, 5, 10, 8)               3/4
    (3, 5, 10, 9)               1/4
    (3, 5, 10, 10)              1
    (3, 5, 10, 11)              1/7
    (3, 5, 10, 12)              1/5
    (3, 6, 0, 0)                4/7
    (3, 6, 0, 1)                3/4
    (3, 6, 0, 2)                2/11
    (3, 6, 0, 3)                1/7
    (3, 6, 0, 4)                2/5
    (3, 6, 0, 5)                3/5
    (3, 6, 0, 6)                1/2
    (3, 6, 0, 7)                1/5
    (3, 6, 0, 8)                3/8
    (3, 6, 0, 9)                3/11
    (3, 6, 0, 10)               1/4
    (3, 6, 0, 11)               1/6
    (3, 6, 0, 12)               1/2
    (3, 6, 1, 0)                5/7
    (3, 6, 1, 1)                2/5
    (3, 6, 1, 2)                1/6
    (3, 6, 1, 3)                1/3
    (3, 6, 1, 4)                3/5
    (3, 6, 1, 5)                2/5
    (3, 6, 1, 6)                1/3
    (3, 6, 1, 7)                1/30
    (3, 6, 1, 8)                3/29
    (3, 6, 1, 9)                4/9
    (3, 6, 1, 10)               2/7
    (3, 6, 1, 11)               3/14
    (3, 6, 1, 12)               2/5
    (3, 6, 2, 0)                3/8
    (3, 6, 2, 1)                1/2
    (3, 6, 2, 2)                1/2
    (3, 6, 2, 3)                3/16
    (3, 6, 2, 4)                2/15
    (3, 6, 2, 5)                1/2
    (3, 6, 2, 6)                1/4
    (3, 6, 2, 7)                1/7
    (3, 6, 2, 8)                2/5
    (3, 6, 2, 9)                1/5
    (3, 6, 2, 10)               2/5
    (3, 6, 2, 11)               1/4
    (3, 6, 2, 12)               3/5
    (3, 6, 3, 0)                1/10
    (3, 6, 3, 1)                1/2
    (3, 6, 3, 2)                2/9
    (3, 6, 3, 3)                3/11
    (3, 6, 3, 4)                2/19
    (3, 6, 3, 5)                4/5
    (3, 6, 3, 6)                4/5
    (3, 6, 3, 7)                3/5
    (3, 6, 3, 8)                1/3
    (3, 6, 3, 9)                2/15
    (3, 6, 3, 10)               1
    (3, 6, 3, 11)               1/7
    (3, 6, 3, 12)               3/4
    (3, 6, 4, 0)                3/13
    (3, 6, 4, 1)                1/2
    (3, 6, 4, 2)                3/10
    (3, 6, 4, 4)                2/13
    (3, 6, 4, 5)                1/8
    (3, 6, 4, 6)                1/3
    (3, 6, 4, 7)                2/13
    (3, 6, 4, 8)                4/9
    (3, 6, 4, 9)                1/19
    (3, 6, 4, 10)               1/6
    (3, 6, 4, 11)               3/10
    (3, 6, 4, 12)               1/16
    (3, 6, 5, 0)                1/21
    (3, 6, 5, 1)                1/3
    (3, 6, 5, 2)                1/16
    (3, 6, 5, 3)                1/4
    (3, 6, 5, 4)                1/2
    (3, 6, 5, 5)                5/6
    (3, 6, 5, 6)                3/8
    (3, 6, 5, 7)                1/11
    (3, 6, 5, 8)                1/3
    (3, 6, 5, 9)                5/8
    (3, 6, 5, 10)               1/3
    (3, 6, 5, 11)               1/7
    (3, 6, 5, 12)               1/2
    (3, 6, 6, 1)                2/5
    (3, 6, 6, 2)                1/4
    (3, 6, 6, 3)                1/128
    (3, 6, 6, 4)                1/17
    (3, 6, 6, 5)                1/5
    (3, 6, 6, 6)                1/6
    (3, 6, 6, 7)                1/16
    (3, 6, 6, 8)                1/13
    (3, 6, 6, 10)               5/4
    (3, 6, 6, 11)               1/3
    (3, 6, 6, 12)               1/7
    (3, 6, 7, 0)                1/5
    (3, 6, 7, 1)                5/3
    (3, 6, 7, 2)                2/7
    (3, 6, 7, 3)                1/2
    (3, 6, 7, 4)                1/5
    (3, 6, 7, 5)                3/4
    (3, 6, 7, 6)                4/5
    (3, 6, 7, 7)                1/3
    (3, 6, 7, 8)                1/4
    (3, 6, 7, 9)                4/9
    (3, 6, 7, 10)               2
    (3, 6, 7, 11)               1
    (3, 6, 7, 12)               1
    (3, 6, 8, 0)                3/5
    (3, 6, 8, 1)                1/4
    (3, 6, 8, 3)                1/20
    (3, 6, 8, 4)                5/41
    (3, 6, 8, 5)                1/27
    (3, 6, 8, 6)                3/8
    (3, 6, 8, 7)                1/13
    (3, 6, 8, 8)                1/32
    (3, 6, 8, 9)                1/16
    (3, 6, 8, 10)               3/4
    (3, 6, 8, 12)               4/9
    (3, 6, 9, 0)                1/4
    (3, 6, 9, 1)                1/4
    (3, 6, 9, 2)                1/2
    (3, 6, 9, 3)                1/2
    (3, 6, 9, 4)                1/12
    (3, 6, 9, 5)                1/3
    (3, 6, 9, 6)                3/5
    (3, 6, 9, 7)                1/2
    (3, 6, 9, 8)                1/7
    (3, 6, 9, 9)                1/16
    (3, 6, 9, 10)               3/7
    (3, 6, 9, 11)               4/11
    (3, 6, 9, 12)               1/8
    (3, 6, 10, 0)               1/12
    (3, 6, 10, 1)               4/9
    (3, 6, 10, 2)               1/8
    (3, 6, 10, 3)               3/11
    (3, 6, 10, 4)               1/27
    (3, 6, 10, 5)               1/8
    (3, 6, 10, 6)               1/7
    (3, 6, 10, 7)               3/14
    (3, 6, 10, 9)               6/11
    (3, 6, 10, 10)              1/5
    (3, 6, 10, 11)              1/28
    (3, 6, 10, 12)              1/9
    (4, 0, 0, 0)                1/19
    (4, 0, 0, 1)                1/12
    (4, 0, 0, 2)                1/6
    (4, 0, 0, 3)                1/16
    (4, 0, 0, 4)                1/9
    (4, 0, 0, 5)                1/28
    (4, 0, 0, 6)                1/5
    (4, 0, 0, 7)                1/7
    (4, 0, 0, 8)                1/14
    (4, 0, 0, 10)               5/11
    (4, 0, 0, 11)               1/3
    (4, 0, 0, 12)               1/26
    (4, 0, 1, 0)                2/3
    (4, 0, 1, 1)                5/7
    (4, 0, 1, 2)                3/4
    (4, 0, 1, 3)                2/11
    (4, 0, 1, 4)                2/5
    (4, 0, 1, 5)                2/5
    (4, 0, 1, 6)                2/5
    (4, 0, 1, 7)                5/6
    (4, 0, 1, 8)                1/10
    (4, 0, 1, 9)                1/2
    (4, 0, 1, 10)               1/11
    (4, 0, 1, 11)               3/7
    (4, 0, 1, 12)               1/6
    (4, 0, 2, 0)                2/5
    (4, 0, 2, 1)                4/7
    (4, 0, 2, 2)                4/5
    (4, 0, 2, 3)                1/12
    (4, 0, 2, 4)                1/6
    (4, 0, 2, 5)                3/5
    (4, 0, 2, 6)                1/4
    (4, 0, 2, 7)                1/6
    (4, 0, 2, 8)                1/13
    (4, 0, 2, 9)                2/29
    (4, 0, 2, 10)               4/9
    (4, 0, 2, 11)               3/7
    (4, 0, 2, 12)               1/14
    (4, 0, 3, 0)                2/5
    (4, 0, 3, 1)                3/8
    (4, 0, 3, 2)                1/4
    (4, 0, 3, 3)                2/7
    (4, 0, 3, 4)                1/14
    (4, 0, 3, 5)                3/17
    (4, 0, 3, 6)                3/2
    (4, 0, 3, 7)                1/4
    (4, 0, 3, 8)                1/7
    (4, 0, 3, 9)                2/5
    (4, 0, 3, 10)               1/10
    (4, 0, 3, 11)               1/4
    (4, 0, 3, 12)               2/5
    (4, 0, 4, 0)                3/4
    (4, 0, 4, 1)                1/10
    (4, 0, 4, 2)                2/3
    (4, 0, 4, 3)                1/7
    (4, 0, 4, 4)                1/8
    (4, 0, 4, 5)                1/13
    (4, 0, 4, 6)                1/4
    (4, 0, 4, 7)                1
    (4, 0, 4, 8)                2/5
    (4, 0, 4, 9)                1/3
    (4, 0, 4, 10)               2/15
    (4, 0, 4, 11)               3/4
    (4, 0, 4, 12)               1/7
    (4, 0, 5, 0)                1/8
    (4, 0, 5, 1)                2/13
    (4, 0, 5, 2)                1/2
    (4, 0, 5, 3)                2/5
    (4, 0, 5, 5)                1/10
    (4, 0, 5, 6)                1/8
    (4, 0, 5, 7)                1/3
    (4, 0, 5, 8)                1/9
    (4, 0, 5, 9)                1/7
    (4, 0, 5, 10)               1/17
    (4, 0, 5, 11)               1/3
    (4, 0, 5, 12)               1/5
    (4, 0, 6, 0)                1/2
    (4, 0, 6, 1)                2/17
    (4, 0, 6, 2)                6/7
    (4, 0, 6, 3)                1/16
    (4, 0, 6, 4)                1/4
    (4, 0, 6, 5)                1/7
    (4, 0, 6, 6)                1/2
    (4, 0, 6, 7)                2/9
    (4, 0, 6, 8)                1/11
    (4, 0, 6, 9)                1/3
    (4, 0, 6, 10)               5/8
    (4, 0, 6, 11)               1/2
    (4, 0, 6, 12)               1/14
    (4, 0, 7, 0)                1/14
    (4, 0, 7, 2)                3/5
    (4, 0, 7, 3)                1/7
    (4, 0, 7, 4)                1/64
    (4, 0, 7, 5)                1/17
    (4, 0, 7, 6)                1/5
    (4, 0, 7, 7)                1/6
    (4, 0, 7, 8)                1/9
    (4, 0, 7, 9)                1/17
    (4, 0, 7, 11)               1
    (4, 0, 7, 12)               1/5
    (4, 0, 8, 0)                1
    (4, 0, 8, 1)                2/5
    (4, 0, 8, 2)                1/2
    (4, 0, 8, 3)                2/7
    (4, 0, 8, 4)                1/2
    (4, 0, 8, 5)                2/5
    (4, 0, 8, 6)                3/4
    (4, 0, 8, 7)                3/5
    (4, 0, 8, 8)                1/3
    (4, 0, 8, 9)                6/7
    (4, 0, 8, 10)               4/9
    (4, 0, 8, 11)               1/2
    (4, 0, 8, 12)               4/3
    (4, 0, 9, 0)                1/3
    (4, 0, 9, 1)                2/5
    (4, 0, 9, 2)                1/7
    (4, 0, 9, 4)                1/20
    (4, 0, 9, 5)                1/37
    (4, 0, 9, 6)                1/29
    (4, 0, 9, 7)                3/8
    (4, 0, 9, 8)                1/11
    (4, 0, 9, 9)                1/64
    (4, 0, 9, 10)               1/32
    (4, 0, 9, 11)               1/2
    (4, 0, 10, 0)               1/4
    (4, 0, 10, 1)               1/6
    (4, 0, 10, 2)               1/8
    (4, 0, 10, 3)               1/6
    (4, 0, 10, 4)               1/2
    (4, 0, 10, 5)               1/12
    (4, 0, 10, 6)               4/9
    (4, 0, 10, 7)               2/5
    (4, 0, 10, 8)               1/3
    (4, 0, 10, 9)               1/4
    (4, 0, 10, 10)              1/8
    (4, 0, 10, 11)              4/7
    (4, 0, 10, 12)              1/3
    (4, 1, 0, 0)                1/6
    (4, 1, 0, 1)                1/5
    (4, 1, 0, 2)                1/9
    (4, 1, 0, 3)                1/32
    (4, 1, 0, 4)                1/3
    (4, 1, 0, 5)                1/16
    (4, 1, 0, 6)                7/512
    (4, 1, 0, 7)                3/19
    (4, 1, 0, 8)                2/9
    (4, 1, 0, 9)                2/15
    (4, 1, 0, 10)               2/43
    (4, 1, 0, 11)               3/1024
    (4, 1, 0, 12)               1/48
    (4, 1, 1, 0)                2/3
    (4, 1, 1, 1)                2/5
    (4, 1, 1, 2)                1
    (4, 1, 1, 3)                3/4
    (4, 1, 1, 4)                1/2
    (4, 1, 1, 5)                1/2
    (4, 1, 1, 6)                2/5
    (4, 1, 1, 7)                1/6
    (4, 1, 1, 8)                3/4
    (4, 1, 1, 9)                1/2
    (4, 1, 1, 10)               1/4
    (4, 1, 1, 11)               2/7
    (4, 1, 1, 12)               1/3
    (4, 1, 2, 0)                1/4
    (4, 1, 2, 1)                1/512
    (4, 1, 2, 2)                1/9
    (4, 1, 2, 3)                4/5
    (4, 1, 2, 4)                1/2
    (4, 1, 2, 5)                1/128
    (4, 1, 2, 6)                4/17
    (4, 1, 2, 7)                1/7
    (4, 1, 2, 8)                1/14
    (4, 1, 2, 9)                1/3
    (4, 1, 2, 10)               1/13
    (4, 1, 2, 11)               341/65536
    (4, 1, 2, 12)               3/13
    (4, 1, 3, 0)                1/5
    (4, 1, 3, 1)                1/11
    (4, 1, 3, 2)                2/3
    (4, 1, 3, 3)                1/12
    (4, 1, 3, 4)                1/2
    (4, 1, 3, 5)                1/9
    (4, 1, 3, 6)                1/7
    (4, 1, 3, 7)                3/13
    (4, 1, 3, 8)                1/4
    (4, 1, 3, 9)                4/5
    (4, 1, 3, 10)               1/2
    (4, 1, 3, 11)               1/4
    (4, 1, 3, 12)               1/4
    (4, 1, 4, 0)                2/3
    (4, 1, 4, 1)                2/9
    (4, 1, 4, 2)                1/28
    (4, 1, 4, 3)                3/7
    (4, 1, 4, 4)                1/5
    (4, 1, 4, 5)                1/15
    (4, 1, 4, 6)                1/10
    (4, 1, 4, 7)                3/16
    (4, 1, 4, 8)                3/8
    (4, 1, 4, 9)                3/13
    (4, 1, 4, 10)               1/21
    (4, 1, 4, 12)               3/8
    (4, 1, 5, 0)                5/7
    (4, 1, 5, 1)                1/13
    (4, 1, 5, 2)                1/3
    (4, 1, 5, 3)                1/7
    (4, 1, 5, 4)                1/4
    (4, 1, 5, 5)                3/20
    (4, 1, 5, 6)                1/9
    (4, 1, 5, 7)                1/3
    (4, 1, 5, 8)                1/2
    (4, 1, 5, 9)                2/3
    (4, 1, 5, 10)               2/15
    (4, 1, 5, 11)               2/9
    (4, 1, 5, 12)               1/7
    (4, 1, 6, 0)                1/2
    (4, 1, 6, 1)                1/11
    (4, 1, 6, 2)                5/8
    (4, 1, 6, 3)                1/4
    (4, 1, 6, 4)                1/5
    (4, 1, 6, 5)                1/11
    (4, 1, 6, 6)                2/3
    (4, 1, 6, 7)                5/12
    (4, 1, 6, 8)                1/2
    (4, 1, 6, 9)                4/5
    (4, 1, 6, 10)               1/4
    (4, 1, 6, 11)               4/25
    (4, 1, 6, 12)               1/3
    (4, 1, 7, 0)                1/4
    (4, 1, 7, 1)                1/3
    (4, 1, 7, 2)                1/7
    (4, 1, 7, 3)                1/5
    (4, 1, 7, 4)                1/5
    (4, 1, 7, 5)                4/9
    (4, 1, 7, 6)                1/56
    (4, 1, 7, 7)                13/192
    (4, 1, 7, 8)                1/2
    (4, 1, 7, 9)                3/5
    (4, 1, 7, 10)               2/13
    (4, 1, 7, 11)               5/14
    (4, 1, 7, 12)               5/9
    (4, 1, 8, 0)                1/3
    (4, 1, 8, 1)                1/4
    (4, 1, 8, 2)                1/2
    (4, 1, 8, 3)                2/5
    (4, 1, 8, 4)                1/5
    (4, 1, 8, 5)                1/5
    (4, 1, 8, 6)                1/4
    (4, 1, 8, 7)                2/15
    (4, 1, 8, 8)                1/2
    (4, 1, 8, 9)                2/7
    (4, 1, 8, 10)               6/5
    (4, 1, 8, 11)               2/7
    (4, 1, 8, 12)               3/14
    (4, 1, 9, 0)                1/5
    (4, 1, 9, 1)                1/10
    (4, 1, 9, 2)                2/21
    (4, 1, 9, 3)                1/26
    (4, 1, 9, 4)                1/6
    (4, 1, 9, 5)                1/10
    (4, 1, 9, 7)                1/13
    (4, 1, 9, 8)                1/9
    (4, 1, 9, 9)                3/11
    (4, 1, 9, 10)               3/512
    (4, 1, 9, 11)               1/5
    (4, 1, 9, 12)               1/8
    (4, 1, 10, 0)               1/4
    (4, 1, 10, 1)               2/5
    (4, 1, 10, 2)               1/6
    (4, 1, 10, 3)               4/7
    (4, 1, 10, 4)               1/2
    (4, 1, 10, 5)               1/12
    (4, 1, 10, 6)               1/8
    (4, 1, 10, 7)               3/4
    (4, 1, 10, 8)               3/4
    (4, 1, 10, 9)               1/2
    (4, 1, 10, 10)              1/2
    (4, 1, 10, 11)              1/2
    (4, 1, 10, 12)              1/6
    (4, 2, 0, 0)                3/19
    (4, 2, 0, 1)                1/9
    (4, 2, 0, 2)                2/7
    (4, 2, 0, 3)                1/10
    (4, 2, 0, 4)                3/7
    (4, 2, 0, 5)                2/11
    (4, 2, 0, 6)                3/7
    (4, 2, 0, 7)                3/8
    (4, 2, 0, 8)                3/22
    (4, 2, 0, 9)                2/11
    (4, 2, 0, 10)               2/3
    (4, 2, 0, 11)               2/5
    (4, 2, 1, 0)                1/7
    (4, 2, 1, 1)                2/3
    (4, 2, 1, 2)                1/4
    (4, 2, 1, 3)                1/7
    (4, 2, 1, 4)                1/7
    (4, 2, 1, 5)                1/4
    (4, 2, 1, 6)                3/5
    (4, 2, 1, 7)                1/15
    (4, 2, 1, 8)                2/9
    (4, 2, 1, 9)                3/10
    (4, 2, 1, 10)               5/6
    (4, 2, 1, 11)               2/29
    (4, 2, 1, 12)               1/3
    (4, 2, 2, 0)                3/8
    (4, 2, 2, 1)                1/9
    (4, 2, 2, 2)                1/8
    (4, 2, 2, 3)                1/13
    (4, 2, 2, 4)                3/10
    (4, 2, 2, 5)                1/9
    (4, 2, 2, 6)                2/7
    (4, 2, 2, 7)                1/6
    (4, 2, 2, 8)                1/25
    (4, 2, 2, 9)                1/15
    (4, 2, 2, 10)               5/6
    (4, 2, 2, 11)               3/13
    (4, 2, 3, 0)                7/5
    (4, 2, 3, 1)                1
    (4, 2, 3, 2)                3/2
    (4, 2, 3, 3)                4/7
    (4, 2, 3, 4)                4/5
    (4, 2, 3, 5)                3/5
    (4, 2, 3, 6)                2/3
    (4, 2, 3, 7)                3/4
    (4, 2, 3, 8)                2
    (4, 2, 3, 9)                1
    (4, 2, 3, 10)               1
    (4, 2, 3, 11)               1/4
    (4, 2, 3, 12)               2/7
    (4, 2, 4, 0)                1/15
    (4, 2, 4, 1)                1/96
    (4, 2, 4, 2)                1/2
    (4, 2, 4, 3)                1/15
    (4, 2, 4, 4)                1/64
    (4, 2, 4, 5)                1/16
    (4, 2, 4, 6)                1/2
    (4, 2, 4, 7)                1/22
    (4, 2, 4, 8)                1/21
    (4, 2, 4, 9)                1/2
    (4, 2, 4, 10)               1/10
    (4, 2, 4, 11)               1/128
    (4, 2, 5, 0)                4/11
    (4, 2, 5, 1)                1/4
    (4, 2, 5, 2)                1
    (4, 2, 5, 3)                2/3
    (4, 2, 5, 4)                5/4
    (4, 2, 5, 5)                1/7
    (4, 2, 5, 6)                1
    (4, 2, 5, 7)                1
    (4, 2, 5, 8)                1/4
    (4, 2, 5, 9)                1/3
    (4, 2, 5, 10)               1/3
    (4, 2, 5, 11)               1/8
    (4, 2, 5, 12)               1/4
    (4, 2, 6, 0)                1/8
    (4, 2, 6, 1)                1/9
    (4, 2, 6, 2)                3/11
    (4, 2, 6, 3)                1/18
    (4, 2, 6, 4)                1/32
    (4, 2, 6, 5)                1/11
    (4, 2, 6, 6)                1
    (4, 2, 6, 7)                1/16
    (4, 2, 6, 8)                1/5
    (4, 2, 6, 9)                1/6
    (4, 2, 6, 10)               1/7
    (4, 2, 6, 11)               3/11
    (4, 2, 6, 12)               1/11
    (4, 2, 7, 0)                1/3
    (4, 2, 7, 1)                2/7
    (4, 2, 7, 2)                1
    (4, 2, 7, 3)                1/5
    (4, 2, 7, 4)                1/2
    (4, 2, 7, 5)                2/5
    (4, 2, 7, 6)                1/2
    (4, 2, 7, 7)                1/5
    (4, 2, 7, 8)                1/2
    (4, 2, 7, 9)                1/4
    (4, 2, 7, 10)               2/3
    (4, 2, 7, 11)               1/5
    (4, 2, 7, 12)               2/3
    (4, 2, 8, 0)                3/13
    (4, 2, 8, 1)                1/4
    (4, 2, 8, 2)                1/2
    (4, 2, 8, 3)                1/64
    (4, 2, 8, 5)                1/6
    (4, 2, 8, 6)                3/7
    (4, 2, 8, 7)                1/17
    (4, 2, 8, 8)                3/7
    (4, 2, 8, 9)                1/6
    (4, 2, 8, 10)               1/3
    (4, 2, 8, 11)               1/5
    (4, 2, 8, 12)               1/14
    (4, 2, 9, 0)                3/8
    (4, 2, 9, 1)                2/3
    (4, 2, 9, 2)                1/2
    (4, 2, 9, 3)                1/12
    (4, 2, 9, 4)                5/6
    (4, 2, 9, 5)                1/10
    (4, 2, 9, 6)                5/6
    (4, 2, 9, 7)                3/5
    (4, 2, 9, 8)                1/6
    (4, 2, 9, 9)                1/6
    (4, 2, 9, 10)               1
    (4, 2, 9, 11)               1/5
    (4, 2, 9, 12)               1/96
    (4, 2, 10, 0)               1/11
    (4, 2, 10, 1)               3/5
    (4, 2, 10, 2)               3/8
    (4, 2, 10, 3)               1/8
    (4, 2, 10, 4)               1/2
    (4, 2, 10, 5)               2/7
    (4, 2, 10, 6)               1/4
    (4, 2, 10, 7)               2/7
    (4, 2, 10, 8)               1/2
    (4, 2, 10, 9)               1/8
    (4, 2, 10, 10)              3/5
    (4, 2, 10, 11)              1/2
    (4, 2, 10, 12)              1/3
    (4, 3, 0, 0)                4/13
    (4, 3, 0, 1)                1/6
    (4, 3, 0, 2)                1/6
    (4, 3, 0, 3)                1/4
    (4, 3, 0, 4)                1/5
    (4, 3, 0, 5)                1/10
    (4, 3, 0, 6)                2/7
    (4, 3, 0, 7)                1/5
    (4, 3, 0, 8)                1
    (4, 3, 0, 9)                1/4
    (4, 3, 0, 10)               1/2
    (4, 3, 0, 11)               1/2
    (4, 3, 0, 12)               1
    (4, 3, 1, 0)                1/8
    (4, 3, 1, 1)                5/6
    (4, 3, 1, 2)                1/4
    (4, 3, 1, 3)                7/5
    (4, 3, 1, 4)                3/2
    (4, 3, 1, 5)                1/13
    (4, 3, 1, 6)                1/8
    (4, 3, 1, 7)                1/2
    (4, 3, 1, 8)                3/4
    (4, 3, 1, 9)                3/8
    (4, 3, 1, 10)               1/5
    (4, 3, 1, 11)               1/3
    (4, 3, 1, 12)               4/5
    (4, 3, 2, 0)                3/5
    (4, 3, 2, 1)                1/27
    (4, 3, 2, 2)                2/19
    (4, 3, 2, 3)                2/5
    (4, 3, 2, 4)                2/5
    (4, 3, 2, 5)                1/5
    (4, 3, 2, 6)                2/7
    (4, 3, 2, 7)                2/5
    (4, 3, 2, 8)                6/5
    (4, 3, 2, 9)                2/7
    (4, 3, 2, 10)               2/5
    (4, 3, 2, 11)               2/9
    (4, 3, 2, 12)               2/3
    (4, 3, 3, 0)                2/9
    (4, 3, 3, 1)                3/8
    (4, 3, 3, 2)                3/5
    (4, 3, 3, 3)                1
    (4, 3, 3, 4)                4/5
    (4, 3, 3, 5)                2/5
    (4, 3, 3, 6)                1/5
    (4, 3, 3, 7)                2/11
    (4, 3, 3, 8)                2/3
    (4, 3, 3, 9)                2/3
    (4, 3, 3, 10)               1/4
    (4, 3, 3, 11)               5/8
    (4, 3, 3, 12)               1/2
    (4, 3, 4, 0)                1/8
    (4, 3, 4, 2)                1/11
    (4, 3, 4, 3)                1/8
    (4, 3, 4, 4)                1/10
    (4, 3, 4, 5)                1/16
    (4, 3, 4, 6)                3/10
    (4, 3, 4, 7)                1/8
    (4, 3, 4, 8)                1/6
    (4, 3, 4, 9)                1/10
    (4, 3, 4, 10)               1/16
    (4, 3, 4, 11)               3/11
    (4, 3, 4, 12)               1/2
    (4, 3, 5, 0)                2/11
    (4, 3, 5, 1)                3/8
    (4, 3, 5, 2)                3/5
    (4, 3, 5, 3)                6/5
    (4, 3, 5, 4)                3/5
    (4, 3, 5, 5)                1/8
    (4, 3, 5, 6)                1/2
    (4, 3, 5, 7)                1/4
    (4, 3, 5, 8)                1/6
    (4, 3, 5, 9)                2/9
    (4, 3, 5, 10)               1/4
    (4, 3, 5, 11)               1/6
    (4, 3, 5, 12)               1/3
    (4, 3, 6, 0)                1/11
    (4, 3, 6, 1)                1/32
    (4, 3, 6, 2)                2/13
    (4, 3, 6, 3)                2/7
    (4, 3, 6, 4)                2/13
    (4, 3, 6, 5)                1/10
    (4, 3, 6, 6)                3/7
    (4, 3, 6, 7)                131/32768
    (4, 3, 6, 8)                7/6
    (4, 3, 6, 9)                1/5
    (4, 3, 6, 10)               4/9
    (4, 3, 6, 11)               1/256
    (4, 3, 6, 12)               1/4
    (4, 3, 7, 0)                3/5
    (4, 3, 7, 1)                6/7
    (4, 3, 7, 2)                2/5
    (4, 3, 7, 3)                3/5
    (4, 3, 7, 4)                2/5
    (4, 3, 7, 5)                1/5
    (4, 3, 7, 6)                1/2
    (4, 3, 7, 7)                1/4
    (4, 3, 7, 8)                1/4
    (4, 3, 7, 9)                3/4
    (4, 3, 7, 10)               1
    (4, 3, 7, 11)               1
    (4, 3, 7, 12)               3/2
    (4, 3, 8, 1)                1/14
    (4, 3, 8, 2)                3/16
    (4, 3, 8, 3)                1/4
    (4, 3, 8, 4)                1/2
    (4, 3, 8, 5)                1/17
    (4, 3, 8, 6)                1/64
    (4, 3, 8, 7)                1/12
    (4, 3, 8, 8)                1/5
    (4, 3, 8, 10)               1/7
    (4, 3, 8, 11)               1/3
    (4, 3, 8, 12)               1/2
    (4, 3, 9, 0)                2/5
    (4, 3, 9, 1)                1/3
    (4, 3, 9, 2)                1/7
    (4, 3, 9, 3)                1/4
    (4, 3, 9, 4)                1/2
    (4, 3, 9, 5)                1/6
    (4, 3, 9, 6)                3/7
    (4, 3, 9, 7)                1/6
    (4, 3, 9, 8)                3/4
    (4, 3, 9, 9)                1/7
    (4, 3, 9, 10)               1/2
    (4, 3, 9, 11)               1/2
    (4, 3, 9, 12)               3/7
    (4, 3, 10, 0)               1/6
    (4, 3, 10, 1)               2/7
    (4, 3, 10, 2)               1/11
    (4, 3, 10, 3)               3/8
    (4, 3, 10, 4)               1/2
    (4, 3, 10, 5)               1/4
    (4, 3, 10, 6)               1/13
    (4, 3, 10, 7)               2/11
    (4, 3, 10, 8)               1/4
    (4, 3, 10, 9)               1/5
    (4, 3, 10, 10)              1/17
    (4, 3, 10, 11)              1/9
    (4, 3, 10, 12)              1/5
    (4, 4, 0, 0)                1/3
    (4, 4, 0, 1)                1/4
    (4, 4, 0, 2)                1/12
    (4, 4, 0, 3)                1/3
    (4, 4, 0, 4)                1/5
    (4, 4, 0, 5)                1/4
    (4, 4, 0, 6)                1/13
    (4, 4, 0, 7)                2/7
    (4, 4, 0, 8)                3/8
    (4, 4, 0, 9)                3/8
    (4, 4, 0, 10)               2/7
    (4, 4, 0, 11)               1/2
    (4, 4, 0, 12)               1/2
    (4, 4, 1, 0)                5/8
    (4, 4, 1, 1)                1/5
    (4, 4, 1, 2)                1/11
    (4, 4, 1, 3)                1/17
    (4, 4, 1, 4)                1/48
    (4, 4, 1, 5)                2/9
    (4, 4, 1, 6)                2/13
    (4, 4, 1, 7)                1/14
    (4, 4, 1, 9)                1/7
    (4, 4, 1, 10)               1/6
    (4, 4, 1, 11)               1/23
    (4, 4, 2, 0)                1/3
    (4, 4, 2, 1)                1/2
    (4, 4, 2, 2)                1/18
    (4, 4, 2, 3)                5/11
    (4, 4, 2, 4)                1/7
    (4, 4, 2, 5)                3/8
    (4, 4, 2, 6)                1/16
    (4, 4, 2, 7)                7/10
    (4, 4, 2, 8)                1/6
    (4, 4, 2, 9)                1/14
    (4, 4, 2, 10)               1/5
    (4, 4, 2, 11)               1/3
    (4, 4, 2, 12)               1/5
    (4, 4, 3, 0)                1/5
    (4, 4, 3, 1)                2/5
    (4, 4, 3, 2)                1/18
    (4, 4, 3, 3)                2/3
    (4, 4, 3, 4)                1/4
    (4, 4, 3, 5)                1/4
    (4, 4, 3, 6)                2/11
    (4, 4, 3, 7)                1/4
    (4, 4, 3, 8)                1/14
    (4, 4, 3, 9)                1/6
    (4, 4, 3, 10)               5/7
    (4, 4, 3, 11)               27/50000
    (4, 4, 4, 0)                1/5
    (4, 4, 4, 1)                1
    (4, 4, 4, 2)                1/7
    (4, 4, 4, 3)                1/3
    (4, 4, 4, 4)                1/2
    (4, 4, 4, 5)                1/3
    (4, 4, 4, 6)                1/5
    (4, 4, 4, 7)                1/11
    (4, 4, 4, 8)                1/6
    (4, 4, 4, 9)                1/6
    (4, 4, 4, 10)               1/2
    (4, 4, 4, 11)               1/7
    (4, 4, 4, 12)               1/3
    (4, 4, 5, 0)                1/8
    (4, 4, 5, 1)                1/2
    (4, 4, 5, 2)                2/7
    (4, 4, 5, 3)                1
    (4, 4, 5, 4)                1/3
    (4, 4, 5, 5)                1/4
    (4, 4, 5, 6)                3/8
    (4, 4, 5, 7)                1/4
    (4, 4, 5, 8)                1/42
    (4, 4, 5, 9)                1/3
    (4, 4, 5, 10)               1/3
    (4, 4, 5, 11)               1/2
    (4, 4, 5, 12)               1/4
    (4, 4, 6, 0)                1/14
    (4, 4, 6, 1)                2/9
    (4, 4, 6, 2)                2/17
    (4, 4, 6, 4)                3/128
    (4, 4, 6, 5)                1/5
    (4, 4, 6, 6)                5/9
    (4, 4, 6, 8)                1/32
    (4, 4, 6, 9)                1/10
    (4, 4, 6, 10)               1/7
    (4, 4, 6, 11)               3/19
    (4, 4, 6, 12)               1/6
    (4, 4, 7, 0)                3/8
    (4, 4, 7, 1)                1/2
    (4, 4, 7, 2)                5/17
    (4, 4, 7, 3)                1/3
    (4, 4, 7, 4)                1
    (4, 4, 7, 5)                2/5
    (4, 4, 7, 6)                1/33
    (4, 4, 7, 7)                1/7
    (4, 4, 7, 8)                1/3
    (4, 4, 7, 9)                2/5
    (4, 4, 7, 10)               2/7
    (4, 4, 7, 11)               1/13
    (4, 4, 7, 12)               1/5
    (4, 4, 8, 0)                1/15
    (4, 4, 8, 1)                2/7
    (4, 4, 8, 2)                1/11
    (4, 4, 8, 3)                1/96
    (4, 4, 8, 4)                5/192
    (4, 4, 8, 5)                5/9
    (4, 4, 8, 6)                1/19
    (4, 4, 8, 8)                1/17
    (4, 4, 8, 9)                2/9
    (4, 4, 8, 10)               1/3
    (4, 4, 8, 11)               4/27
    (4, 4, 8, 12)               1/15
    (4, 4, 9, 0)                2/5
    (4, 4, 9, 1)                1/2
    (4, 4, 9, 2)                1/6
    (4, 4, 9, 3)                1/5
    (4, 4, 9, 4)                5/6
    (4, 4, 9, 5)                5/6
    (4, 4, 9, 6)                2/9
    (4, 4, 9, 7)                1/4
    (4, 4, 9, 8)                1/2
    (4, 4, 9, 9)                3/11
    (4, 4, 9, 10)               3/2
    (4, 4, 9, 11)               1/5
    (4, 4, 9, 12)               2/7
    (4, 4, 10, 1)               1/2
    (4, 4, 10, 4)               1/10
    (4, 4, 10, 5)               2/13
    (4, 4, 10, 10)              1/8
    (4, 4, 10, 11)              2/35
    (4, 5, 0, 0)                1/14
    (4, 5, 0, 1)                7/12
    (4, 5, 0, 2)                3/5
    (4, 5, 0, 3)                1/3
    (4, 5, 0, 4)                2/9
    (4, 5, 0, 5)                1/12
    (4, 5, 0, 6)                1/4
    (4, 5, 0, 7)                1/2
    (4, 5, 0, 8)                1/7
    (4, 5, 0, 9)                1/8
    (4, 5, 0, 10)               1/6
    (4, 5, 0, 11)               7/5
    (4, 5, 0, 12)               3/8
    (4, 5, 1, 0)                1/6
    (4, 5, 1, 1)                1/2
    (4, 5, 1, 3)                1/6
    (4, 5, 1, 4)                3/5
    (4, 5, 1, 5)                1/7
    (4, 5, 1, 6)                2/29
    (4, 5, 1, 7)                1
    (4, 5, 1, 8)                1/15
    (4, 5, 1, 9)                1/16384
    (4, 5, 1, 10)               5/7
    (4, 5, 1, 11)               1/6
    (4, 5, 1, 12)               1/14
    (4, 5, 2, 0)                1/3
    (4, 5, 2, 1)                1/4
    (4, 5, 2, 2)                1/2
    (4, 5, 2, 3)                2
    (4, 5, 2, 4)                1/2
    (4, 5, 2, 5)                1
    (4, 5, 2, 6)                1
    (4, 5, 2, 7)                2
    (4, 5, 2, 8)                1/3
    (4, 5, 2, 9)                1/3
    (4, 5, 2, 10)               2/3
    (4, 5, 2, 11)               4/3
    (4, 5, 2, 12)               1/4
    (4, 5, 3, 0)                4/7
    (4, 5, 3, 1)                1/16384
    (4, 5, 3, 2)                1/15
    (4, 5, 3, 3)                1
    (4, 5, 3, 4)                1/29
    (4, 5, 3, 5)                2/7
    (4, 5, 3, 6)                4/3
    (4, 5, 3, 7)                1/6
    (4, 5, 3, 9)                1/5
    (4, 5, 3, 10)               1/12
    (4, 5, 3, 11)               1/7
    (4, 5, 3, 12)               7/8
    (4, 5, 4, 0)                1/6
    (4, 5, 4, 1)                1/4
    (4, 5, 4, 2)                1/8
    (4, 5, 4, 3)                1/4
    (4, 5, 4, 4)                4/11
    (4, 5, 4, 5)                1/12
    (4, 5, 4, 6)                4/9
    (4, 5, 4, 7)                1/6
    (4, 5, 4, 8)                3/5
    (4, 5, 4, 9)                1/10
    (4, 5, 4, 10)               3/16
    (4, 5, 4, 11)               2/7
    (4, 5, 4, 12)               1
    (4, 5, 5, 0)                1/10
    (4, 5, 5, 1)                1/6
    (4, 5, 5, 2)                1/7
    (4, 5, 5, 3)                1/5
    (4, 5, 5, 4)                3/10
    (4, 5, 5, 5)                1/8
    (4, 5, 5, 6)                1/9
    (4, 5, 5, 7)                1/2
    (4, 5, 5, 8)                1/17
    (4, 5, 5, 9)                1/3
    (4, 5, 5, 10)               1/11
    (4, 5, 5, 11)               1/6
    (4, 5, 5, 12)               1/9
    (4, 5, 6, 0)                2/7
    (4, 5, 6, 1)                1/3
    (4, 5, 6, 2)                1/9
    (4, 5, 6, 3)                5/6
    (4, 5, 6, 4)                2/7
    (4, 5, 6, 5)                2/5
    (4, 5, 6, 6)                7/10
    (4, 5, 6, 7)                1
    (4, 5, 6, 8)                3/14
    (4, 5, 6, 9)                4/5
    (4, 5, 6, 10)               2/5
    (4, 5, 6, 11)               5/7
    (4, 5, 6, 12)               3/5
    (4, 5, 7, 0)                2/21
    (4, 5, 7, 1)                1/24
    (4, 5, 7, 2)                5/6
    (4, 5, 7, 3)                2/5
    (4, 5, 7, 4)                2/5
    (4, 5, 7, 5)                4/5
    (4, 5, 7, 6)                3/5
    (4, 5, 7, 7)                1/5
    (4, 5, 7, 8)                2/7
    (4, 5, 7, 9)                1/7
    (4, 5, 7, 10)               1/4
    (4, 5, 7, 11)               3/5
    (4, 5, 7, 12)               1/4
    (4, 5, 8, 0)                1/8
    (4, 5, 8, 1)                2/7
    (4, 5, 8, 2)                2/7
    (4, 5, 8, 3)                1/6
    (4, 5, 8, 4)                3/4
    (4, 5, 8, 5)                1/4
    (4, 5, 8, 6)                3/10
    (4, 5, 8, 7)                2/5
    (4, 5, 8, 8)                1/2
    (4, 5, 8, 9)                1/24
    (4, 5, 8, 10)               1/7
    (4, 5, 8, 11)               1/4
    (4, 5, 8, 12)               4/5
    (4, 5, 9, 0)                3/5
    (4, 5, 9, 1)                3/5
    (4, 5, 9, 2)                1/14
    (4, 5, 9, 3)                1
    (4, 5, 9, 4)                1/4
    (4, 5, 9, 5)                3/5
    (4, 5, 9, 6)                1/4
    (4, 5, 9, 7)                1/5
    (4, 5, 9, 8)                1/12
    (4, 5, 9, 9)                2/7
    (4, 5, 9, 10)               2/9
    (4, 5, 9, 11)               4/5
    (4, 5, 9, 12)               1/6
    (4, 5, 10, 0)               1/11
    (4, 5, 10, 1)               1/8
    (4, 5, 10, 2)               1/23
    (4, 5, 10, 3)               4/5
    (4, 5, 10, 4)               1/9
    (4, 5, 10, 5)               1/16
    (4, 5, 10, 6)               1/4
    (4, 5, 10, 7)               1/5
    (4, 5, 10, 8)               1/7
    (4, 5, 10, 9)               1/6
    (4, 5, 10, 10)              1/10
    (4, 5, 10, 11)              4/11
    (4, 5, 10, 12)              4/7
    (4, 6, 0, 0)                1/6
    (4, 6, 0, 1)                3/4
    (4, 6, 0, 2)                1/8
    (4, 6, 0, 3)                1/33
    (4, 6, 0, 4)                3/5
    (4, 6, 0, 5)                1/5
    (4, 6, 0, 6)                1/6
    (4, 6, 0, 7)                1
    (4, 6, 0, 8)                1/2
    (4, 6, 0, 9)                4/3
    (4, 6, 0, 10)               1/7
    (4, 6, 0, 11)               3/4
    (4, 6, 0, 12)               2/7
    (4, 6, 1, 0)                1/3
    (4, 6, 1, 1)                1/2
    (4, 6, 1, 2)                1/33
    (4, 6, 1, 3)                3/11
    (4, 6, 1, 4)                1/10
    (4, 6, 1, 5)                2/3
    (4, 6, 1, 6)                2/9
    (4, 6, 1, 7)                3/8
    (4, 6, 1, 8)                1/23
    (4, 6, 1, 9)                1/5
    (4, 6, 1, 10)               1/12
    (4, 6, 2, 0)                3/8
    (4, 6, 2, 1)                1/7
    (4, 6, 2, 2)                1/3
    (4, 6, 2, 3)                1/7
    (4, 6, 2, 4)                1/13
    (4, 6, 2, 5)                1/3
    (4, 6, 2, 6)                1/5
    (4, 6, 2, 7)                3/11
    (4, 6, 2, 8)                1/9
    (4, 6, 2, 9)                1/7
    (4, 6, 2, 10)               1/7
    (4, 6, 2, 11)               3/10
    (4, 6, 2, 12)               1/15
    (4, 6, 3, 0)                1
    (4, 6, 3, 1)                1/9
    (4, 6, 3, 2)                1/128
    (4, 6, 3, 3)                1/5
    (4, 6, 3, 4)                1/3
    (4, 6, 3, 5)                4/7
    (4, 6, 3, 6)                1/17
    (4, 6, 3, 7)                2/13
    (4, 6, 3, 8)                3/16
    (4, 6, 3, 9)                5/7
    (4, 6, 3, 10)               1/6
    (4, 6, 3, 11)               1/39
    (4, 6, 3, 12)               1/5
    (4, 6, 4, 0)                1/6
    (4, 6, 4, 1)                1/8
    (4, 6, 4, 2)                1/4
    (4, 6, 4, 3)                3/10
    (4, 6, 4, 4)                4/7
    (4, 6, 4, 5)                1/2
    (4, 6, 4, 6)                1/4
    (4, 6, 4, 7)                1/3
    (4, 6, 4, 8)                1/6
    (4, 6, 4, 9)                1/3
    (4, 6, 4, 10)               3/8
    (4, 6, 4, 11)               1/2
    (4, 6, 4, 12)               1/3
    (4, 6, 5, 0)                4/11
    (4, 6, 5, 5)                2/13
    (4, 6, 5, 6)                1/6
    (4, 6, 5, 9)                1/2
    (4, 6, 5, 12)               1/12
    (4, 6, 6, 0)                5/3
    (4, 6, 6, 1)                1/11
    (4, 6, 6, 2)                1/6
    (4, 6, 6, 3)                2/9
    (4, 6, 6, 4)                2/9
    (4, 6, 6, 5)                3/5
    (4, 6, 6, 6)                2/3
    (4, 6, 6, 7)                1/4
    (4, 6, 6, 8)                1/5
    (4, 6, 6, 9)                1/4
    (4, 6, 6, 10)               1/4
    (4, 6, 6, 11)               1/5
    (4, 6, 6, 12)               1/2
    (4, 6, 7, 0)                2/5
    (4, 6, 7, 1)                2/9
    (4, 6, 7, 2)                1/16
    (4, 6, 7, 4)                2/7
    (4, 6, 7, 5)                2/5
    (4, 6, 7, 6)                1/21
    (4, 6, 7, 7)                1/53
    (4, 6, 7, 8)                1/6
    (4, 6, 7, 9)                1/3
    (4, 6, 7, 10)               2/15
    (4, 6, 7, 11)               4/13
    (4, 6, 7, 12)               1/13
    (4, 6, 8, 0)                2/7
    (4, 6, 8, 1)                2/5
    (4, 6, 8, 2)                1/9
    (4, 6, 8, 3)                1/8
    (4, 6, 8, 4)                81/16384
    (4, 6, 8, 5)                1/6
    (4, 6, 8, 6)                1/12
    (4, 6, 8, 7)                1/4
    (4, 6, 8, 8)                1/18
    (4, 6, 8, 9)                3/5
    (4, 6, 8, 10)               2/11
    (4, 6, 8, 11)               1/3
    (4, 6, 8, 12)               1/18
    (4, 6, 9, 0)                1/3
    (4, 6, 9, 1)                1/15
    (4, 6, 9, 2)                3/4096
    (4, 6, 9, 4)                2/13
    (4, 6, 9, 5)                2/5
    (4, 6, 9, 8)                2/25
    (4, 6, 9, 9)                4/9
    (4, 6, 9, 10)               1/24
    (4, 6, 9, 11)               3/7
    (4, 6, 9, 12)               2/21
    (4, 6, 10, 0)               1
    (4, 6, 10, 1)               1
    (4, 6, 10, 2)               2/33
    (4, 6, 10, 3)               1/2
    (4, 6, 10, 4)               1/2
    (4, 6, 10, 5)               4/9
    (4, 6, 10, 6)               1/10
    (4, 6, 10, 7)               3/4
    (4, 6, 10, 8)               1/4
    (4, 6, 10, 9)               1/2
    (4, 6, 10, 10)              2/11
    (4, 6, 10, 11)              1/2
    (4, 6, 10, 12)              3/7

LEVEL k = 5  held (5, 7, 11, 13, 17)  3264 cases (1632 decided, 1632 mirror-transcribed)
  all rows base cut = True; max iterations 0; 231869792 exact certificate ops
  MARGIN COLUMN min 1/11 max 3
  margin histogram: 1/11 x2, 1/10 x4, 1/8 x4, 1/7 x8, 1/6 x18, 2/11 x2, 1/5 x52, 2/9 x4, 1/4 x162, 3/11 x2, 2/7 x4, 1/3 x294, 3/8 x4, 2/5 x46, 1/2 x518, 3/5 x40, 2/3 x186, 3/4 x108, 4/5 x48, 5/6 x8, 1 x886, 7/6 x2, 6/5 x18, 5/4 x30, 4/3 x80, 3/2 x202, 8/5 x4, 5/3 x40, 7/4 x12, 9/5 x2, 2 x410, 9/4 x2, 7/3 x8, 5/2 x24, 8/3 x2, 3 x28

    case (w5,w7,w11,w13,w17)    margin
    (0, 0, 2, 12, 0)            1
    (0, 0, 2, 12, 1)            5/3
    (0, 0, 2, 12, 2)            1/3
    (0, 0, 2, 12, 3)            2/5
    (0, 0, 2, 12, 4)            3/5
    (0, 0, 2, 12, 5)            2/3
    (0, 0, 2, 12, 6)            1
    (0, 0, 2, 12, 7)            1/2
    (0, 0, 2, 12, 8)            3/2
    (0, 0, 2, 12, 9)            1
    (0, 0, 2, 12, 10)           3/4
    (0, 0, 2, 12, 11)           1/3
    (0, 0, 2, 12, 12)           1/2
    (0, 0, 2, 12, 13)           1/3
    (0, 0, 2, 12, 14)           1/2
    (0, 0, 2, 12, 15)           1/2
    (0, 0, 2, 12, 16)           1/2
    (0, 0, 6, 2, 0)             1/4
    (0, 0, 6, 2, 1)             2
    (0, 0, 6, 2, 2)             2
    (0, 0, 6, 2, 3)             1
    (0, 0, 6, 2, 4)             1
    (0, 0, 6, 2, 5)             2
    (0, 0, 6, 2, 6)             1/4
    (0, 0, 6, 2, 7)             2
    (0, 0, 6, 2, 8)             1
    (0, 0, 6, 2, 9)             2
    (0, 0, 6, 2, 10)            1/4
    (0, 0, 6, 2, 11)            5/3
    (0, 0, 6, 2, 12)            1/5
    (0, 0, 6, 2, 13)            1
    (0, 0, 6, 2, 14)            1
    (0, 0, 6, 2, 15)            2
    (0, 0, 6, 2, 16)            1/3
    (0, 0, 6, 3, 0)             1
    (0, 0, 6, 3, 1)             1/3
    (0, 0, 6, 3, 2)             1/2
    (0, 0, 6, 3, 3)             1/4
    (0, 0, 6, 3, 4)             1
    (0, 0, 6, 3, 5)             2
    (0, 0, 6, 3, 6)             2/3
    (0, 0, 6, 3, 7)             1/3
    (0, 0, 6, 3, 8)             2/3
    (0, 0, 6, 3, 9)             1/4
    (0, 0, 6, 3, 10)            4/3
    (0, 0, 6, 3, 11)            1/3
    (0, 0, 6, 3, 12)            2/3
    (0, 0, 6, 3, 13)            1
    (0, 0, 6, 3, 14)            1
    (0, 0, 6, 3, 15)            4/3
    (0, 0, 6, 3, 16)            1
    (0, 0, 6, 4, 0)             3/2
    (0, 0, 6, 4, 1)             5/4
    (0, 0, 6, 4, 2)             1
    (0, 0, 6, 4, 3)             1/4
    (0, 0, 6, 4, 4)             1
    (0, 0, 6, 4, 5)             1
    (0, 0, 6, 4, 6)             1
    (0, 0, 6, 4, 7)             3/2
    (0, 0, 6, 4, 8)             1/2
    (0, 0, 6, 4, 9)             3/5
    (0, 0, 6, 4, 10)            5/2
    (0, 0, 6, 4, 11)            8/3
    (0, 0, 6, 4, 12)            1
    (0, 0, 6, 4, 13)            1/2
    (0, 0, 6, 4, 14)            1/4
    (0, 0, 6, 4, 15)            1
    (0, 0, 6, 4, 16)            3/2
    (0, 0, 6, 8, 0)             1/3
    (0, 0, 6, 8, 1)             1
    (0, 0, 6, 8, 2)             2/3
    (0, 0, 6, 8, 3)             1/5
    (0, 0, 6, 8, 4)             1
    (0, 0, 6, 8, 5)             2
    (0, 0, 6, 8, 6)             3/4
    (0, 0, 6, 8, 7)             1
    (0, 0, 6, 8, 8)             1
    (0, 0, 6, 8, 9)             2/3
    (0, 0, 6, 8, 10)            1
    (0, 0, 6, 8, 11)            2
    (0, 0, 6, 8, 12)            1
    (0, 0, 6, 8, 13)            5/2
    (0, 0, 6, 8, 14)            1
    (0, 0, 6, 8, 15)            2
    (0, 0, 6, 8, 16)            2
    (0, 0, 6, 9, 0)             1/2
    (0, 0, 6, 9, 1)             3/5
    (0, 0, 6, 9, 2)             3/5
    (0, 0, 6, 9, 3)             1
    (0, 0, 6, 9, 4)             5/3
    (0, 0, 6, 9, 5)             1
    (0, 0, 6, 9, 6)             1
    (0, 0, 6, 9, 7)             1/3
    (0, 0, 6, 9, 8)             1/2
    (0, 0, 6, 9, 9)             3/2
    (0, 0, 6, 9, 10)            1/2
    (0, 0, 6, 9, 11)            5/4
    (0, 0, 6, 9, 12)            1
    (0, 0, 6, 9, 13)            1
    (0, 0, 6, 9, 14)            1/2
    (0, 0, 6, 9, 15)            1
    (0, 0, 6, 9, 16)            2
    (0, 0, 6, 11, 0)            4/3
    (0, 0, 6, 11, 1)            3/2
    (0, 0, 6, 11, 2)            4/5
    (0, 0, 6, 11, 3)            3/2
    (0, 0, 6, 11, 4)            6/5
    (0, 0, 6, 11, 5)            1
    (0, 0, 6, 11, 6)            1
    (0, 0, 6, 11, 7)            2
    (0, 0, 6, 11, 8)            2/3
    (0, 0, 6, 11, 9)            1
    (0, 0, 6, 11, 10)           1/2
    (0, 0, 6, 11, 11)           2/5
    (0, 0, 6, 11, 12)           6/5
    (0, 0, 6, 11, 13)           2
    (0, 0, 6, 11, 14)           1
    (0, 0, 6, 11, 15)           1/2
    (0, 0, 6, 11, 16)           4/5
    (0, 0, 6, 12, 0)            3/4
    (0, 0, 6, 12, 1)            4/3
    (0, 0, 6, 12, 2)            1/2
    (0, 0, 6, 12, 3)            1/4
    (0, 0, 6, 12, 4)            3/2
    (0, 0, 6, 12, 5)            2
    (0, 0, 6, 12, 6)            1
    (0, 0, 6, 12, 7)            2
    (0, 0, 6, 12, 8)            2
    (0, 0, 6, 12, 9)            1
    (0, 0, 6, 12, 10)           2
    (0, 0, 6, 12, 11)           2
    (0, 0, 6, 12, 12)           1
    (0, 0, 6, 12, 13)           1/2
    (0, 0, 6, 12, 14)           1
    (0, 0, 6, 12, 15)           2
    (0, 0, 6, 12, 16)           1/3
    (0, 0, 8, 4, 0)             1
    (0, 0, 8, 4, 1)             1/6
    (0, 0, 8, 4, 2)             1/2
    (0, 0, 8, 4, 3)             5/3
    (0, 0, 8, 4, 4)             1/2
    (0, 0, 8, 4, 5)             3/2
    (0, 0, 8, 4, 6)             2
    (0, 0, 8, 4, 7)             2
    (0, 0, 8, 4, 8)             1
    (0, 0, 8, 4, 9)             2/3
    (0, 0, 8, 4, 10)            1/3
    (0, 0, 8, 4, 11)            1
    (0, 0, 8, 4, 12)            1/3
    (0, 0, 8, 4, 13)            1
    (0, 0, 8, 4, 14)            1
    (0, 0, 8, 4, 15)            1
    (0, 0, 8, 4, 16)            7/3
    (0, 0, 10, 4, 0)            1
    (0, 0, 10, 4, 1)            1/2
    (0, 0, 10, 4, 2)            1/2
    (0, 0, 10, 4, 3)            3/4
    (0, 0, 10, 4, 4)            1/3
    (0, 0, 10, 4, 5)            1
    (0, 0, 10, 4, 6)            1
    (0, 0, 10, 4, 7)            1
    (0, 0, 10, 4, 8)            1
    (0, 0, 10, 4, 9)            1/3
    (0, 0, 10, 4, 10)           1/3
    (0, 0, 10, 4, 11)           4/3
    (0, 0, 10, 4, 12)           1
    (0, 0, 10, 4, 13)           1/2
    (0, 0, 10, 4, 14)           4/5
    (0, 0, 10, 4, 15)           5/3
    (0, 0, 10, 4, 16)           1
    (0, 0, 10, 8, 0)            1/2
    (0, 0, 10, 8, 1)            2/3
    (0, 0, 10, 8, 2)            3/2
    (0, 0, 10, 8, 3)            2/3
    (0, 0, 10, 8, 4)            5/2
    (0, 0, 10, 8, 5)            1/2
    (0, 0, 10, 8, 6)            1/2
    (0, 0, 10, 8, 7)            1
    (0, 0, 10, 8, 8)            3/4
    (0, 0, 10, 8, 9)            2/9
    (0, 0, 10, 8, 10)           1
    (0, 0, 10, 8, 11)           1
    (0, 0, 10, 8, 12)           2
    (0, 0, 10, 8, 13)           5/4
    (0, 0, 10, 8, 14)           2
    (0, 0, 10, 8, 15)           2
    (0, 0, 10, 8, 16)           1
    (0, 1, 1, 10, 0)            1/2
    (0, 1, 1, 10, 1)            2
    (0, 1, 1, 10, 2)            7/4
    (0, 1, 1, 10, 3)            1
    (0, 1, 1, 10, 4)            2
    (0, 1, 1, 10, 5)            1
    (0, 1, 1, 10, 6)            1
    (0, 1, 1, 10, 7)            2
    (0, 1, 1, 10, 8)            2
    (0, 1, 1, 10, 9)            1
    (0, 1, 1, 10, 10)           3/4
    (0, 1, 1, 10, 11)           1
    (0, 1, 1, 10, 12)           1
    (0, 1, 1, 10, 13)           1
    (0, 1, 1, 10, 14)           1
    (0, 1, 1, 10, 15)           2
    (0, 1, 1, 10, 16)           1
    (0, 1, 8, 2, 0)             1
    (0, 1, 8, 2, 1)             2
    (0, 1, 8, 2, 2)             2
    (0, 1, 8, 2, 3)             2/3
    (0, 1, 8, 2, 4)             1
    (0, 1, 8, 2, 5)             1
    (0, 1, 8, 2, 6)             2
    (0, 1, 8, 2, 7)             1
    (0, 1, 8, 2, 8)             1
    (0, 1, 8, 2, 9)             1/2
    (0, 1, 8, 2, 10)            3/2
    (0, 1, 8, 2, 11)            1/2
    (0, 1, 8, 2, 12)            3/2
    (0, 1, 8, 2, 13)            2
    (0, 1, 8, 2, 14)            1/2
    (0, 1, 8, 2, 15)            3/2
    (0, 1, 8, 2, 16)            1/4
    (0, 1, 8, 11, 0)            1
    (0, 1, 8, 11, 1)            2
    (0, 1, 8, 11, 2)            3
    (0, 1, 8, 11, 3)            2/3
    (0, 1, 8, 11, 4)            2
    (0, 1, 8, 11, 5)            1/2
    (0, 1, 8, 11, 6)            3/2
    (0, 1, 8, 11, 7)            1/2
    (0, 1, 8, 11, 8)            2
    (0, 1, 8, 11, 9)            2/5
    (0, 1, 8, 11, 10)           1
    (0, 1, 8, 11, 11)           1
    (0, 1, 8, 11, 12)           1/2
    (0, 1, 8, 11, 13)           3/2
    (0, 1, 8, 11, 14)           1
    (0, 1, 8, 11, 15)           4/5
    (0, 1, 8, 11, 16)           1/2
    (0, 2, 5, 12, 0)            1
    (0, 2, 5, 12, 1)            1
    (0, 2, 5, 12, 2)            2
    (0, 2, 5, 12, 3)            1/2
    (0, 2, 5, 12, 4)            1/3
    (0, 2, 5, 12, 5)            2
    (0, 2, 5, 12, 6)            1
    (0, 2, 5, 12, 7)            1
    (0, 2, 5, 12, 8)            1
    (0, 2, 5, 12, 9)            2/5
    (0, 2, 5, 12, 10)           1
    (0, 2, 5, 12, 11)           1
    (0, 2, 5, 12, 12)           1
    (0, 2, 5, 12, 13)           1/2
    (0, 2, 5, 12, 14)           3/4
    (0, 2, 5, 12, 15)           2/3
    (0, 2, 5, 12, 16)           2
    (0, 3, 1, 0, 0)             1
    (0, 3, 1, 0, 1)             2
    (0, 3, 1, 0, 2)             2/3
    (0, 3, 1, 0, 3)             3/4
    (0, 3, 1, 0, 4)             1/2
    (0, 3, 1, 0, 5)             1
    (0, 3, 1, 0, 6)             1
    (0, 3, 1, 0, 7)             1
    (0, 3, 1, 0, 8)             2/5
    (0, 3, 1, 0, 9)             1
    (0, 3, 1, 0, 10)            1
    (0, 3, 1, 0, 11)            1
    (0, 3, 1, 0, 12)            2
    (0, 3, 1, 0, 13)            1/3
    (0, 3, 1, 0, 14)            1/2
    (0, 3, 1, 0, 15)            2
    (0, 3, 1, 0, 16)            1
    (0, 4, 5, 2, 0)             1/2
    (0, 4, 5, 2, 1)             1
    (0, 4, 5, 2, 2)             2
    (0, 4, 5, 2, 3)             1
    (0, 4, 5, 2, 4)             1
    (0, 4, 5, 2, 5)             1
    (0, 4, 5, 2, 6)             1
    (0, 4, 5, 2, 7)             3/4
    (0, 4, 5, 2, 8)             1
    (0, 4, 5, 2, 9)             2
    (0, 4, 5, 2, 10)            2
    (0, 4, 5, 2, 11)            1
    (0, 4, 5, 2, 12)            1
    (0, 4, 5, 2, 13)            2
    (0, 4, 5, 2, 14)            1
    (0, 4, 5, 2, 15)            7/4
    (0, 4, 5, 2, 16)            2
    (0, 4, 9, 1, 0)             1
    (0, 4, 9, 1, 1)             1/2
    (0, 4, 9, 1, 2)             4/5
    (0, 4, 9, 1, 3)             1
    (0, 4, 9, 1, 4)             3/2
    (0, 4, 9, 1, 5)             1/2
    (0, 4, 9, 1, 6)             1
    (0, 4, 9, 1, 7)             1
    (0, 4, 9, 1, 8)             2/5
    (0, 4, 9, 1, 9)             2
    (0, 4, 9, 1, 10)            1/2
    (0, 4, 9, 1, 11)            3/2
    (0, 4, 9, 1, 12)            1/2
    (0, 4, 9, 1, 13)            2
    (0, 4, 9, 1, 14)            2/3
    (0, 4, 9, 1, 15)            3
    (0, 4, 9, 1, 16)            2
    (0, 4, 9, 10, 0)            1
    (0, 4, 9, 10, 1)            1/4
    (0, 4, 9, 10, 2)            3/2
    (0, 4, 9, 10, 3)            1/2
    (0, 4, 9, 10, 4)            2
    (0, 4, 9, 10, 5)            3/2
    (0, 4, 9, 10, 6)            1/2
    (0, 4, 9, 10, 7)            3/2
    (0, 4, 9, 10, 8)            1/2
    (0, 4, 9, 10, 9)            1
    (0, 4, 9, 10, 10)           1
    (0, 4, 9, 10, 11)           2
    (0, 4, 9, 10, 12)           1
    (0, 4, 9, 10, 13)           1
    (0, 4, 9, 10, 14)           2/3
    (0, 4, 9, 10, 15)           2
    (0, 4, 9, 10, 16)           2
    (0, 5, 0, 0, 0)             3/4
    (0, 5, 0, 0, 1)             1/3
    (0, 5, 0, 0, 2)             2
    (0, 5, 0, 0, 3)             1
    (0, 5, 0, 0, 4)             1/2
    (0, 5, 0, 0, 5)             1
    (0, 5, 0, 0, 6)             2
    (0, 5, 0, 0, 7)             2
    (0, 5, 0, 0, 8)             1
    (0, 5, 0, 0, 9)             2
    (0, 5, 0, 0, 10)            2
    (0, 5, 0, 0, 11)            1
    (0, 5, 0, 0, 12)            2
    (0, 5, 0, 0, 13)            3/2
    (0, 5, 0, 0, 14)            1/4
    (0, 5, 0, 0, 15)            1/2
    (0, 5, 0, 0, 16)            4/3
    (0, 5, 0, 1, 0)             4/3
    (0, 5, 0, 1, 1)             4/5
    (0, 5, 0, 1, 2)             1/2
    (0, 5, 0, 1, 3)             1
    (0, 5, 0, 1, 4)             2
    (0, 5, 0, 1, 5)             6/5
    (0, 5, 0, 1, 6)             2/5
    (0, 5, 0, 1, 7)             1/2
    (0, 5, 0, 1, 8)             1
    (0, 5, 0, 1, 9)             2/3
    (0, 5, 0, 1, 10)            2
    (0, 5, 0, 1, 11)            1
    (0, 5, 0, 1, 12)            1
    (0, 5, 0, 1, 13)            6/5
    (0, 5, 0, 1, 14)            3/2
    (0, 5, 0, 1, 15)            4/5
    (0, 5, 0, 1, 16)            3/2
    (0, 5, 0, 3, 0)             1/2
    (0, 5, 0, 3, 1)             2
    (0, 5, 0, 3, 2)             1
    (0, 5, 0, 3, 3)             1/2
    (0, 5, 0, 3, 4)             1
    (0, 5, 0, 3, 5)             1
    (0, 5, 0, 3, 6)             5/4
    (0, 5, 0, 3, 7)             1/2
    (0, 5, 0, 3, 8)             3/2
    (0, 5, 0, 3, 9)             1/2
    (0, 5, 0, 3, 10)            1/3
    (0, 5, 0, 3, 11)            1
    (0, 5, 0, 3, 12)            1
    (0, 5, 0, 3, 13)            5/3
    (0, 5, 0, 3, 14)            1
    (0, 5, 0, 3, 15)            3/5
    (0, 5, 0, 3, 16)            3/5
    (0, 5, 0, 4, 0)             1/3
    (0, 5, 0, 4, 1)             2
    (0, 5, 0, 4, 2)             2
    (0, 5, 0, 4, 3)             1
    (0, 5, 0, 4, 4)             5/2
    (0, 5, 0, 4, 5)             1
    (0, 5, 0, 4, 6)             2
    (0, 5, 0, 4, 7)             1
    (0, 5, 0, 4, 8)             2/3
    (0, 5, 0, 4, 9)             1
    (0, 5, 0, 4, 10)            1
    (0, 5, 0, 4, 11)            3/4
    (0, 5, 0, 4, 12)            2
    (0, 5, 0, 4, 13)            1
    (0, 5, 0, 4, 14)            1/5
    (0, 5, 0, 4, 15)            2/3
    (0, 5, 0, 4, 16)            1
    (0, 5, 0, 8, 0)             3/2
    (0, 5, 0, 8, 1)             3/2
    (0, 5, 0, 8, 2)             1
    (0, 5, 0, 8, 3)             1/4
    (0, 5, 0, 8, 4)             1/2
    (0, 5, 0, 8, 5)             1
    (0, 5, 0, 8, 6)             8/3
    (0, 5, 0, 8, 7)             5/2
    (0, 5, 0, 8, 8)             3/5
    (0, 5, 0, 8, 9)             1/2
    (0, 5, 0, 8, 10)            3/2
    (0, 5, 0, 8, 11)            1
    (0, 5, 0, 8, 12)            1
    (0, 5, 0, 8, 13)            1
    (0, 5, 0, 8, 14)            1/4
    (0, 5, 0, 8, 15)            1
    (0, 5, 0, 8, 16)            5/4
    (0, 5, 0, 9, 0)             1
    (0, 5, 0, 9, 1)             1
    (0, 5, 0, 9, 2)             4/3
    (0, 5, 0, 9, 3)             1
    (0, 5, 0, 9, 4)             1
    (0, 5, 0, 9, 5)             2/3
    (0, 5, 0, 9, 6)             1/3
    (0, 5, 0, 9, 7)             4/3
    (0, 5, 0, 9, 8)             1/4
    (0, 5, 0, 9, 9)             2/3
    (0, 5, 0, 9, 10)            1/3
    (0, 5, 0, 9, 11)            2/3
    (0, 5, 0, 9, 12)            2
    (0, 5, 0, 9, 13)            1
    (0, 5, 0, 9, 14)            1/4
    (0, 5, 0, 9, 15)            1/2
    (0, 5, 0, 9, 16)            1/3
    (0, 5, 0, 10, 0)            1/4
    (0, 5, 0, 10, 1)            1/3
    (0, 5, 0, 10, 2)            2
    (0, 5, 0, 10, 3)            1
    (0, 5, 0, 10, 4)            1
    (0, 5, 0, 10, 5)            1/5
    (0, 5, 0, 10, 6)            5/3
    (0, 5, 0, 10, 7)            1/4
    (0, 5, 0, 10, 8)            2
    (0, 5, 0, 10, 9)            1
    (0, 5, 0, 10, 10)           2
    (0, 5, 0, 10, 11)           1/4
    (0, 5, 0, 10, 12)           2
    (0, 5, 0, 10, 13)           1
    (0, 5, 0, 10, 14)           1
    (0, 5, 0, 10, 15)           2
    (0, 5, 0, 10, 16)           2
    (0, 5, 4, 0, 0)             1
    (0, 5, 4, 0, 1)             1/2
    (0, 5, 4, 0, 2)             1/2
    (0, 5, 4, 0, 3)             1/2
    (0, 5, 4, 0, 4)             1/3
    (0, 5, 4, 0, 5)             1/2
    (0, 5, 4, 0, 6)             1/3
    (0, 5, 4, 0, 7)             3/4
    (0, 5, 4, 0, 8)             1
    (0, 5, 4, 0, 9)             3/2
    (0, 5, 4, 0, 10)            1/2
    (0, 5, 4, 0, 11)            1
    (0, 5, 4, 0, 12)            2/3
    (0, 5, 4, 0, 13)            3/5
    (0, 5, 4, 0, 14)            2/5
    (0, 5, 4, 0, 15)            1/3
    (0, 5, 4, 0, 16)            5/3
    (0, 5, 7, 4, 0)             1/2
    (0, 5, 7, 4, 1)             1
    (0, 5, 7, 4, 2)             2
    (0, 5, 7, 4, 3)             2
    (0, 5, 7, 4, 4)             5/4
    (0, 5, 7, 4, 5)             2
    (0, 5, 7, 4, 6)             1
    (0, 5, 7, 4, 7)             1
    (0, 5, 7, 4, 8)             2/9
    (0, 5, 7, 4, 9)             3/4
    (0, 5, 7, 4, 10)            1
    (0, 5, 7, 4, 11)            1/2
    (0, 5, 7, 4, 12)            1/2
    (0, 5, 7, 4, 13)            5/2
    (0, 5, 7, 4, 14)            2/3
    (0, 5, 7, 4, 15)            3/2
    (0, 5, 7, 4, 16)            2/3
    (0, 5, 7, 8, 0)             1
    (0, 5, 7, 8, 1)             1
    (0, 5, 7, 8, 2)             5/3
    (0, 5, 7, 8, 3)             4/5
    (0, 5, 7, 8, 4)             1/2
    (0, 5, 7, 8, 5)             1
    (0, 5, 7, 8, 6)             4/3
    (0, 5, 7, 8, 7)             1/3
    (0, 5, 7, 8, 8)             1/3
    (0, 5, 7, 8, 9)             1
    (0, 5, 7, 8, 10)            1
    (0, 5, 7, 8, 11)            1
    (0, 5, 7, 8, 12)            1
    (0, 5, 7, 8, 13)            1/3
    (0, 5, 7, 8, 14)            3/4
    (0, 5, 7, 8, 15)            1/2
    (0, 5, 7, 8, 16)            1/2
    (0, 5, 9, 8, 0)             1
    (0, 5, 9, 8, 1)             7/3
    (0, 5, 9, 8, 2)             1
    (0, 5, 9, 8, 3)             1
    (0, 5, 9, 8, 4)             1
    (0, 5, 9, 8, 5)             1/3
    (0, 5, 9, 8, 6)             1
    (0, 5, 9, 8, 7)             1/3
    (0, 5, 9, 8, 8)             2/3
    (0, 5, 9, 8, 9)             1
    (0, 5, 9, 8, 10)            2
    (0, 5, 9, 8, 11)            2
    (0, 5, 9, 8, 12)            3/2
    (0, 5, 9, 8, 13)            1/2
    (0, 5, 9, 8, 14)            5/3
    (0, 5, 9, 8, 15)            1/2
    (0, 5, 9, 8, 16)            1/6
    (0, 6, 2, 3, 0)             4/3
    (0, 6, 2, 3, 1)             2
    (0, 6, 2, 3, 2)             1/3
    (0, 6, 2, 3, 3)             1/4
    (0, 6, 2, 3, 4)             3/8
    (0, 6, 2, 3, 5)             3/2
    (0, 6, 2, 3, 6)             1/2
    (0, 6, 2, 3, 7)             1
    (0, 6, 2, 3, 8)             4/5
    (0, 6, 2, 3, 9)             1
    (0, 6, 2, 3, 10)            1
    (0, 6, 2, 3, 11)            1
    (0, 6, 2, 3, 12)            2/3
    (0, 6, 2, 3, 13)            2
    (0, 6, 2, 3, 14)            4/5
    (0, 6, 2, 3, 15)            1
    (0, 6, 2, 3, 16)            1
    (0, 6, 4, 9, 0)             4/3
    (0, 6, 4, 9, 1)             1
    (0, 6, 4, 9, 2)             1
    (0, 6, 4, 9, 3)             4/5
    (0, 6, 4, 9, 4)             2
    (0, 6, 4, 9, 5)             2/3
    (0, 6, 4, 9, 6)             1
    (0, 6, 4, 9, 7)             1
    (0, 6, 4, 9, 8)             1
    (0, 6, 4, 9, 9)             4/5
    (0, 6, 4, 9, 10)            1
    (0, 6, 4, 9, 11)            1/2
    (0, 6, 4, 9, 12)            3/2
    (0, 6, 4, 9, 13)            3/8
    (0, 6, 4, 9, 14)            1/4
    (0, 6, 4, 9, 15)            1/3
    (0, 6, 4, 9, 16)            2
    (1, 0, 3, 4, 0)             2/3
    (1, 0, 3, 4, 1)             1/2
    (1, 0, 3, 4, 2)             1
    (1, 0, 3, 4, 3)             2/3
    (1, 0, 3, 4, 4)             1/4
    (1, 0, 3, 4, 5)             3/8
    (1, 0, 3, 4, 6)             1
    (1, 0, 3, 4, 7)             1
    (1, 0, 3, 4, 8)             1
    (1, 0, 3, 4, 9)             4/5
    (1, 0, 3, 4, 10)            1
    (1, 0, 3, 4, 11)            1
    (1, 0, 3, 4, 12)            1
    (1, 0, 3, 4, 13)            1
    (1, 0, 3, 4, 14)            2
    (1, 0, 3, 4, 15)            4/5
    (1, 0, 3, 4, 16)            1
    (1, 0, 5, 10, 0)            3/2
    (1, 0, 5, 10, 1)            1/2
    (1, 0, 5, 10, 2)            1/3
    (1, 0, 5, 10, 3)            1
    (1, 0, 5, 10, 4)            1
    (1, 0, 5, 10, 5)            2
    (1, 0, 5, 10, 6)            1/2
    (1, 0, 5, 10, 7)            1
    (1, 0, 5, 10, 8)            1
    (1, 0, 5, 10, 9)            2/3
    (1, 0, 5, 10, 10)           1/2
    (1, 0, 5, 10, 11)           1
    (1, 0, 5, 10, 12)           1/2
    (1, 0, 5, 10, 13)           3/2
    (1, 0, 5, 10, 14)           1/2
    (1, 0, 5, 10, 15)           1/4
    (1, 0, 5, 10, 16)           2
    (1, 1, 0, 5, 0)             1/3
    (1, 1, 0, 5, 1)             1
    (1, 1, 0, 5, 2)             1
    (1, 1, 0, 5, 3)             2/5
    (1, 1, 0, 5, 4)             1/4
    (1, 1, 0, 5, 5)             1/3
    (1, 1, 0, 5, 6)             1/2
    (1, 1, 0, 5, 7)             1/3
    (1, 1, 0, 5, 8)             2/3
    (1, 1, 0, 5, 9)             1
    (1, 1, 0, 5, 10)            2/5
    (1, 1, 0, 5, 11)            2
    (1, 1, 0, 5, 12)            1/3
    (1, 1, 0, 5, 13)            3/4
    (1, 1, 0, 5, 14)            1
    (1, 1, 0, 5, 15)            1
    (1, 1, 0, 5, 16)            1/2
    (1, 1, 0, 9, 0)             1
    (1, 1, 0, 9, 1)             3/5
    (1, 1, 0, 9, 2)             1/2
    (1, 1, 0, 9, 3)             3/2
    (1, 1, 0, 9, 4)             1
    (1, 1, 0, 9, 5)             8/5
    (1, 1, 0, 9, 6)             1
    (1, 1, 0, 9, 7)             1/4
    (1, 1, 0, 9, 8)             1/3
    (1, 1, 0, 9, 9)             1/4
    (1, 1, 0, 9, 10)            1/10
    (1, 1, 0, 9, 11)            3/2
    (1, 1, 0, 9, 12)            1
    (1, 1, 0, 9, 13)            2/3
    (1, 1, 0, 9, 14)            1
    (1, 1, 0, 9, 15)            2
    (1, 1, 0, 9, 16)            1/2
    (1, 1, 3, 0, 0)             4/3
    (1, 1, 3, 0, 1)             1
    (1, 1, 3, 0, 2)             5/3
    (1, 1, 3, 0, 3)             1/4
    (1, 1, 3, 0, 4)             2/5
    (1, 1, 3, 0, 5)             1/5
    (1, 1, 3, 0, 6)             1/3
    (1, 1, 3, 0, 7)             1
    (1, 1, 3, 0, 8)             1/4
    (1, 1, 3, 0, 9)             1
    (1, 1, 3, 0, 10)            1/3
    (1, 1, 3, 0, 11)            1/2
    (1, 1, 3, 0, 12)            1
    (1, 1, 3, 0, 13)            3/2
    (1, 1, 3, 0, 14)            1/3
    (1, 1, 3, 0, 15)            1/3
    (1, 1, 3, 0, 16)            1
    (1, 1, 5, 0, 0)             3/2
    (1, 1, 5, 0, 1)             1/4
    (1, 1, 5, 0, 2)             1/2
    (1, 1, 5, 0, 3)             1/2
    (1, 1, 5, 0, 4)             1
    (1, 1, 5, 0, 5)             1/3
    (1, 1, 5, 0, 6)             1/3
    (1, 1, 5, 0, 7)             4/3
    (1, 1, 5, 0, 8)             4/3
    (1, 1, 5, 0, 9)             1/3
    (1, 1, 5, 0, 10)            3/2
    (1, 1, 5, 0, 11)            2
    (1, 1, 5, 0, 12)            1/3
    (1, 1, 5, 0, 13)            1/3
    (1, 1, 5, 0, 14)            1/3
    (1, 1, 5, 0, 15)            1
    (1, 1, 5, 0, 16)            1/2
    (1, 1, 5, 4, 0)             1/3
    (1, 1, 5, 4, 1)             5/6
    (1, 1, 5, 4, 2)             5/2
    (1, 1, 5, 4, 3)             1
    (1, 1, 5, 4, 4)             1
    (1, 1, 5, 4, 5)             1
    (1, 1, 5, 4, 6)             2/3
    (1, 1, 5, 4, 7)             3/2
    (1, 1, 5, 4, 8)             3/4
    (1, 1, 5, 4, 9)             2
    (1, 1, 5, 4, 10)            2
    (1, 1, 5, 4, 11)            1
    (1, 1, 5, 4, 12)            1/2
    (1, 1, 5, 4, 13)            1
    (1, 1, 5, 4, 14)            1/4
    (1, 1, 5, 4, 15)            1/2
    (1, 1, 5, 4, 16)            1
    (1, 1, 7, 0, 0)             1/2
    (1, 1, 7, 0, 1)             1/2
    (1, 1, 7, 0, 2)             1/3
    (1, 1, 7, 0, 3)             1/2
    (1, 1, 7, 0, 4)             1/4
    (1, 1, 7, 0, 5)             1/5
    (1, 1, 7, 0, 6)             3/2
    (1, 1, 7, 0, 7)             1
    (1, 1, 7, 0, 8)             3/2
    (1, 1, 7, 0, 9)             1
    (1, 1, 7, 0, 10)            1
    (1, 1, 7, 0, 11)            2/3
    (1, 1, 7, 0, 12)            3/2
    (1, 1, 7, 0, 13)            1
    (1, 1, 7, 0, 14)            2
    (1, 1, 7, 0, 15)            1
    (1, 1, 7, 0, 16)            2
    (1, 1, 7, 3, 0)             1/3
    (1, 1, 7, 3, 1)             1/4
    (1, 1, 7, 3, 2)             2
    (1, 1, 7, 3, 3)             3/2
    (1, 1, 7, 3, 4)             1/2
    (1, 1, 7, 3, 5)             1
    (1, 1, 7, 3, 6)             3/2
    (1, 1, 7, 3, 7)             1/4
    (1, 1, 7, 3, 8)             2
    (1, 1, 7, 3, 9)             1
    (1, 1, 7, 3, 10)            2
    (1, 1, 7, 3, 11)            1/8
    (1, 1, 7, 3, 12)            4/3
    (1, 1, 7, 3, 13)            1/3
    (1, 1, 7, 3, 14)            1
    (1, 1, 7, 3, 15)            1
    (1, 1, 7, 3, 16)            2
    (1, 1, 7, 4, 0)             1/3
    (1, 1, 7, 4, 1)             1/2
    (1, 1, 7, 4, 2)             1
    (1, 1, 7, 4, 3)             3/2
    (1, 1, 7, 4, 4)             1/4
    (1, 1, 7, 4, 5)             1
    (1, 1, 7, 4, 6)             3/2
    (1, 1, 7, 4, 7)             1
    (1, 1, 7, 4, 8)             1/2
    (1, 1, 7, 4, 9)             1/2
    (1, 1, 7, 4, 10)            1/5
    (1, 1, 7, 4, 11)            1/4
    (1, 1, 7, 4, 12)            1/2
    (1, 1, 7, 4, 13)            2/3
    (1, 1, 7, 4, 14)            1/4
    (1, 1, 7, 4, 15)            1
    (1, 1, 7, 4, 16)            1
    (1, 1, 7, 5, 0)             3/5
    (1, 1, 7, 5, 1)             1/4
    (1, 1, 7, 5, 2)             1/5
    (1, 1, 7, 5, 3)             1/2
    (1, 1, 7, 5, 4)             1/4
    (1, 1, 7, 5, 5)             1/2
    (1, 1, 7, 5, 6)             3/4
    (1, 1, 7, 5, 7)             1/3
    (1, 1, 7, 5, 8)             1
    (1, 1, 7, 5, 9)             1/3
    (1, 1, 7, 5, 10)            1
    (1, 1, 7, 5, 11)            2
    (1, 1, 7, 5, 12)            3/2
    (1, 1, 7, 5, 13)            1
    (1, 1, 7, 5, 14)            5/4
    (1, 1, 7, 5, 15)            1/4
    (1, 1, 7, 5, 16)            1
    (1, 1, 7, 6, 0)             2
    (1, 1, 7, 6, 1)             2/3
    (1, 1, 7, 6, 2)             1/2
    (1, 1, 7, 6, 3)             1/6
    (1, 1, 7, 6, 4)             1
    (1, 1, 7, 6, 5)             1/3
    (1, 1, 7, 6, 6)             3
    (1, 1, 7, 6, 7)             1/2
    (1, 1, 7, 6, 8)             3/2
    (1, 1, 7, 6, 9)             2
    (1, 1, 7, 6, 10)            3/2
    (1, 1, 7, 6, 11)            1
    (1, 1, 7, 6, 12)            2
    (1, 1, 7, 6, 13)            2/5
    (1, 1, 7, 6, 14)            1/3
    (1, 1, 7, 6, 15)            2
    (1, 1, 7, 6, 16)            1
    (1, 1, 7, 9, 0)             1
    (1, 1, 7, 9, 1)             1/3
    (1, 1, 7, 9, 2)             1/4
    (1, 1, 7, 9, 3)             1/2
    (1, 1, 7, 9, 4)             1/5
    (1, 1, 7, 9, 5)             5/3
    (1, 1, 7, 9, 6)             1/2
    (1, 1, 7, 9, 7)             3/2
    (1, 1, 7, 9, 8)             3/2
    (1, 1, 7, 9, 9)             1/2
    (1, 1, 7, 9, 10)            1
    (1, 1, 7, 9, 11)            1
    (1, 1, 7, 9, 12)            2/3
    (1, 1, 7, 9, 13)            1/3
    (1, 1, 7, 9, 14)            1/2
    (1, 1, 7, 9, 15)            1
    (1, 1, 7, 9, 16)            1
    (1, 1, 7, 10, 0)            2
    (1, 1, 7, 10, 1)            4/5
    (1, 1, 7, 10, 2)            4/5
    (1, 1, 7, 10, 3)            3/11
    (1, 1, 7, 10, 4)            1/2
    (1, 1, 7, 10, 5)            3/5
    (1, 1, 7, 10, 6)            1
    (1, 1, 7, 10, 7)            2/3
    (1, 1, 7, 10, 8)            1/3
    (1, 1, 7, 10, 9)            3/5
    (1, 1, 7, 10, 10)           1/2
    (1, 1, 7, 10, 11)           1/2
    (1, 1, 7, 10, 12)           3/2
    (1, 1, 7, 10, 13)           2/3
    (1, 1, 7, 10, 14)           1
    (1, 1, 7, 10, 15)           1/4
    (1, 1, 7, 10, 16)           1
    (1, 1, 7, 12, 0)            1/3
    (1, 1, 7, 12, 1)            1
    (1, 1, 7, 12, 2)            3/2
    (1, 1, 7, 12, 3)            6/5
    (1, 1, 7, 12, 4)            3/2
    (1, 1, 7, 12, 5)            1
    (1, 1, 7, 12, 6)            1
    (1, 1, 7, 12, 7)            1
    (1, 1, 7, 12, 8)            2
    (1, 1, 7, 12, 9)            1/3
    (1, 1, 7, 12, 10)           1
    (1, 1, 7, 12, 11)           1/2
    (1, 1, 7, 12, 12)           1/5
    (1, 1, 7, 12, 13)           1
    (1, 1, 7, 12, 14)           2
    (1, 1, 7, 12, 15)           1
    (1, 1, 7, 12, 16)           1
    (1, 1, 9, 5, 0)             1/2
    (1, 1, 9, 5, 1)             2
    (1, 1, 9, 5, 2)             3/5
    (1, 1, 9, 5, 3)             1/2
    (1, 1, 9, 5, 4)             5/3
    (1, 1, 9, 5, 5)             2/3
    (1, 1, 9, 5, 6)             1
    (1, 1, 9, 5, 7)             2
    (1, 1, 9, 5, 8)             2/3
    (1, 1, 9, 5, 9)             1
    (1, 1, 9, 5, 10)            1
    (1, 1, 9, 5, 11)            1
    (1, 1, 9, 5, 12)            1
    (1, 1, 9, 5, 13)            1/2
    (1, 1, 9, 5, 14)            1/2
    (1, 1, 9, 5, 15)            1
    (1, 1, 9, 5, 16)            1/2
    (1, 2, 2, 11, 0)            1/2
    (1, 2, 2, 11, 1)            1/2
    (1, 2, 2, 11, 2)            2
    (1, 2, 2, 11, 3)            1/3
    (1, 2, 2, 11, 4)            1
    (1, 2, 2, 11, 5)            3/2
    (1, 2, 2, 11, 6)            3/4
    (1, 2, 2, 11, 7)            3/4
    (1, 2, 2, 11, 8)            2/3
    (1, 2, 2, 11, 9)            2
    (1, 2, 2, 11, 10)           7/4
    (1, 2, 2, 11, 11)           3/4
    (1, 2, 2, 11, 12)           1
    (1, 2, 2, 11, 13)           1
    (1, 2, 2, 11, 14)           4/3
    (1, 2, 2, 11, 15)           1
    (1, 2, 2, 11, 16)           2
    (1, 2, 9, 3, 0)             1/4
    (1, 2, 9, 3, 1)             1/2
    (1, 2, 9, 3, 2)             2
    (1, 2, 9, 3, 3)             2
    (1, 2, 9, 3, 4)             2/3
    (1, 2, 9, 3, 5)             1
    (1, 2, 9, 3, 6)             1/2
    (1, 2, 9, 3, 7)             2
    (1, 2, 9, 3, 8)             1
    (1, 2, 9, 3, 9)             1/3
    (1, 2, 9, 3, 10)            1/2
    (1, 2, 9, 3, 11)            4/3
    (1, 2, 9, 3, 12)            3/4
    (1, 2, 9, 3, 13)            1
    (1, 2, 9, 3, 14)            2
    (1, 2, 9, 3, 15)            1/4
    (1, 2, 9, 3, 16)            1/2
    (1, 2, 9, 12, 0)            1/5
    (1, 2, 9, 12, 1)            3/2
    (1, 2, 9, 12, 2)            2
    (1, 2, 9, 12, 3)            3
    (1, 2, 9, 12, 4)            4/3
    (1, 2, 9, 12, 5)            2
    (1, 2, 9, 12, 6)            3/2
    (1, 2, 9, 12, 7)            2
    (1, 2, 9, 12, 8)            1/2
    (1, 2, 9, 12, 9)            2
    (1, 2, 9, 12, 10)           2/5
    (1, 2, 9, 12, 11)           1/3
    (1, 2, 9, 12, 12)           3/2
    (1, 2, 9, 12, 13)           1/2
    (1, 2, 9, 12, 14)           1
    (1, 2, 9, 12, 15)           1/2
    (1, 2, 9, 12, 16)           4/5
    (1, 3, 2, 0, 0)             1
    (1, 3, 2, 0, 1)             1/2
    (1, 3, 2, 0, 2)             1
    (1, 3, 2, 0, 3)             2
    (1, 3, 2, 0, 4)             1
    (1, 3, 2, 0, 5)             1/2
    (1, 3, 2, 0, 6)             1/2
    (1, 3, 2, 0, 7)             2
    (1, 3, 2, 0, 8)             1/3
    (1, 3, 2, 0, 9)             1/3
    (1, 3, 2, 0, 10)            1/3
    (1, 3, 2, 0, 11)            1/2
    (1, 3, 2, 0, 12)            1/2
    (1, 3, 2, 0, 13)            1/3
    (1, 3, 2, 0, 14)            1
    (1, 3, 2, 0, 15)            1/4
    (1, 3, 2, 0, 16)            1/4
    (1, 3, 4, 0, 0)             1/2
    (1, 3, 4, 0, 1)             1
    (1, 3, 4, 0, 2)             1
    (1, 3, 4, 0, 3)             1/2
    (1, 3, 4, 0, 4)             2/3
    (1, 3, 4, 0, 5)             1
    (1, 3, 4, 0, 6)             1
    (1, 3, 4, 0, 7)             1
    (1, 3, 4, 0, 8)             1/3
    (1, 3, 4, 0, 9)             1/2
    (1, 3, 4, 0, 10)            5/3
    (1, 3, 4, 0, 11)            3/2
    (1, 3, 4, 0, 12)            2
    (1, 3, 4, 0, 13)            2
    (1, 3, 4, 0, 14)            1/3
    (1, 3, 4, 0, 15)            5/4
    (1, 3, 4, 0, 16)            1
    (1, 3, 6, 0, 0)             2
    (1, 3, 6, 0, 1)             1
    (1, 3, 6, 0, 2)             1/2
    (1, 3, 6, 0, 3)             1
    (1, 3, 6, 0, 4)             1/2
    (1, 3, 6, 0, 5)             2/3
    (1, 3, 6, 0, 6)             1
    (1, 3, 6, 0, 7)             2/3
    (1, 3, 6, 0, 8)             1/2
    (1, 3, 6, 0, 9)             1
    (1, 3, 6, 0, 10)            1/3
    (1, 3, 6, 0, 11)            1
    (1, 3, 6, 0, 12)            3/2
    (1, 3, 6, 0, 13)            1/2
    (1, 3, 6, 0, 14)            2
    (1, 3, 6, 0, 15)            3/4
    (1, 3, 6, 0, 16)            1/2
    (1, 3, 9, 8, 0)             1/2
    (1, 3, 9, 8, 1)             1/3
    (1, 3, 9, 8, 2)             1/5
    (1, 3, 9, 8, 3)             3/5
    (1, 3, 9, 8, 4)             1
    (1, 3, 9, 8, 5)             2/3
    (1, 3, 9, 8, 6)             1
    (1, 3, 9, 8, 7)             1/2
    (1, 3, 9, 8, 8)             1/2
    (1, 3, 9, 8, 9)             1
    (1, 3, 9, 8, 10)            1
    (1, 3, 9, 8, 11)            5/4
    (1, 3, 9, 8, 12)            3/2
    (1, 3, 9, 8, 13)            3/2
    (1, 3, 9, 8, 14)            1/4
    (1, 3, 9, 8, 15)            1/2
    (1, 3, 9, 8, 16)            1/2
    (1, 4, 2, 1, 0)             1/3
    (1, 4, 2, 1, 1)             3/2
    (1, 4, 2, 1, 2)             2
    (1, 4, 2, 1, 3)             2/5
    (1, 4, 2, 1, 4)             1/2
    (1, 4, 2, 1, 5)             2
    (1, 4, 2, 1, 6)             1
    (1, 4, 2, 1, 7)             2
    (1, 4, 2, 1, 8)             5/4
    (1, 4, 2, 1, 9)             1/2
    (1, 4, 2, 1, 10)            6/5
    (1, 4, 2, 1, 11)            1
    (1, 4, 2, 1, 12)            1/3
    (1, 4, 2, 1, 13)            3/2
    (1, 4, 2, 1, 14)            3/4
    (1, 4, 2, 1, 15)            1/4
    (1, 4, 2, 1, 16)            1
    (1, 4, 8, 6, 0)             3/2
    (1, 4, 8, 6, 1)             1/2
    (1, 4, 8, 6, 2)             1
    (1, 4, 8, 6, 3)             1/3
    (1, 4, 8, 6, 4)             1/2
    (1, 4, 8, 6, 5)             1/2
    (1, 4, 8, 6, 6)             1/2
    (1, 4, 8, 6, 7)             1/5
    (1, 4, 8, 6, 8)             5/4
    (1, 4, 8, 6, 9)             1/4
    (1, 4, 8, 6, 10)            3/2
    (1, 4, 8, 6, 11)            1
    (1, 4, 8, 6, 12)            1/4
    (1, 4, 8, 6, 13)            1/4
    (1, 4, 8, 6, 14)            1
    (1, 4, 8, 6, 15)            1
    (1, 4, 8, 6, 16)            1
    (1, 5, 1, 8, 0)             1/2
    (1, 5, 1, 8, 1)             1
    (1, 5, 1, 8, 2)             1/2
    (1, 5, 1, 8, 3)             1
    (1, 5, 1, 8, 4)             4/3
    (1, 5, 1, 8, 5)             1/4
    (1, 5, 1, 8, 6)             1
    (1, 5, 1, 8, 7)             1
    (1, 5, 1, 8, 8)             2
    (1, 5, 1, 8, 9)             2
    (1, 5, 1, 8, 10)            4/3
    (1, 5, 1, 8, 11)            1
    (1, 5, 1, 8, 12)            2
    (1, 5, 1, 8, 13)            2/3
    (1, 5, 1, 8, 14)            1/5
    (1, 5, 1, 8, 15)            1
    (1, 5, 1, 8, 16)            1/3
    (1, 5, 6, 3, 0)             1
    (1, 5, 6, 3, 1)             3/4
    (1, 5, 6, 3, 2)             1/2
    (1, 5, 6, 3, 3)             2
    (1, 5, 6, 3, 4)             3/2
    (1, 5, 6, 3, 5)             1
    (1, 5, 6, 3, 6)             1
    (1, 5, 6, 3, 7)             1/4
    (1, 5, 6, 3, 8)             3/4
    (1, 5, 6, 3, 9)             1
    (1, 5, 6, 3, 10)            2
    (1, 5, 6, 3, 11)            2
    (1, 5, 6, 3, 12)            1/2
    (1, 5, 6, 3, 13)            1
    (1, 5, 6, 3, 14)            2
    (1, 5, 6, 3, 15)            1
    (1, 5, 6, 3, 16)            2/3
    (1, 5, 8, 0, 0)             1
    (1, 5, 8, 0, 1)             3/2
    (1, 5, 8, 0, 2)             5/3
    (1, 5, 8, 0, 3)             1/2
    (1, 5, 8, 0, 4)             3/2
    (1, 5, 8, 0, 5)             1/3
    (1, 5, 8, 0, 6)             4/3
    (1, 5, 8, 0, 7)             1
    (1, 5, 8, 0, 8)             1/2
    (1, 5, 8, 0, 9)             4/3
    (1, 5, 8, 0, 10)            4/5
    (1, 5, 8, 0, 11)            1/2
    (1, 5, 8, 0, 12)            2
    (1, 5, 8, 0, 13)            2
    (1, 5, 8, 0, 14)            1
    (1, 5, 8, 0, 15)            5/3
    (1, 5, 8, 0, 16)            1/6
    (1, 5, 8, 9, 0)             1
    (1, 5, 8, 9, 1)             3
    (1, 5, 8, 9, 2)             2
    (1, 5, 8, 9, 3)             1/2
    (1, 5, 8, 9, 4)             1/3
    (1, 5, 8, 9, 5)             1
    (1, 5, 8, 9, 6)             2
    (1, 5, 8, 9, 7)             2
    (1, 5, 8, 9, 8)             3/4
    (1, 5, 8, 9, 9)             1/4
    (1, 5, 8, 9, 10)            1/5
    (1, 5, 8, 9, 11)            1
    (1, 5, 8, 9, 12)            1
    (1, 5, 8, 9, 13)            3
    (1, 5, 8, 9, 14)            2/5
    (1, 5, 8, 9, 15)            2
    (1, 5, 8, 9, 16)            1
    (1, 5, 10, 2, 0)            1
    (1, 5, 10, 2, 1)            3/2
    (1, 5, 10, 2, 2)            1/5
    (1, 5, 10, 2, 3)            4/5
    (1, 5, 10, 2, 4)            1
    (1, 5, 10, 2, 5)            1
    (1, 5, 10, 2, 6)            1/2
    (1, 5, 10, 2, 7)            3/2
    (1, 5, 10, 2, 8)            2/3
    (1, 5, 10, 2, 9)            1/5
    (1, 5, 10, 2, 10)           2
    (1, 5, 10, 2, 11)           7/3
    (1, 5, 10, 2, 12)           2
    (1, 5, 10, 2, 13)           3/2
    (1, 5, 10, 2, 14)           2
    (1, 5, 10, 2, 15)           4/3
    (1, 5, 10, 2, 16)           2
    (1, 5, 10, 11, 0)           2
    (1, 5, 10, 11, 1)           1
    (1, 5, 10, 11, 2)           1/4
    (1, 5, 10, 11, 3)           3/2
    (1, 5, 10, 11, 4)           1/4
    (1, 5, 10, 11, 5)           2
    (1, 5, 10, 11, 6)           1
    (1, 5, 10, 11, 7)           3/4
    (1, 5, 10, 11, 8)           1
    (1, 5, 10, 11, 9)           1/2
    (1, 5, 10, 11, 10)          1
    (1, 5, 10, 11, 11)          1
    (1, 5, 10, 11, 12)          2
    (1, 5, 10, 11, 13)          1/2
    (1, 5, 10, 11, 14)          1
    (1, 5, 10, 11, 15)          2/3
    (1, 5, 10, 11, 16)          2
    (1, 6, 1, 1, 0)             1/4
    (1, 6, 1, 1, 1)             1/2
    (1, 6, 1, 1, 2)             1
    (1, 6, 1, 1, 3)             4/5
    (1, 6, 1, 1, 4)             1
    (1, 6, 1, 1, 5)             1
    (1, 6, 1, 1, 6)             1
    (1, 6, 1, 1, 7)             1/2
    (1, 6, 1, 1, 8)             1
    (1, 6, 1, 1, 9)             3/5
    (1, 6, 1, 1, 10)            1/2
    (1, 6, 1, 1, 11)            1
    (1, 6, 1, 1, 12)            1
    (1, 6, 1, 1, 13)            2
    (1, 6, 1, 1, 14)            1
    (1, 6, 1, 1, 15)            1/7
    (1, 6, 1, 1, 16)            2
    (1, 6, 1, 2, 0)             2/5
    (1, 6, 1, 2, 1)             1/2
    (1, 6, 1, 2, 2)             2
    (1, 6, 1, 2, 3)             1/3
    (1, 6, 1, 2, 4)             1
    (1, 6, 1, 2, 5)             2
    (1, 6, 1, 2, 6)             1
    (1, 6, 1, 2, 7)             1/5
    (1, 6, 1, 2, 8)             4/3
    (1, 6, 1, 2, 9)             1
    (1, 6, 1, 2, 10)            1
    (1, 6, 1, 2, 11)            2
    (1, 6, 1, 2, 12)            1
    (1, 6, 1, 2, 13)            3/4
    (1, 6, 1, 2, 14)            1/2
    (1, 6, 1, 2, 15)            3/2
    (1, 6, 1, 2, 16)            1
    (1, 6, 1, 4, 0)             1/2
    (1, 6, 1, 4, 1)             1/4
    (1, 6, 1, 4, 2)             1
    (1, 6, 1, 4, 3)             3/2
    (1, 6, 1, 4, 4)             1/4
    (1, 6, 1, 4, 5)             1/4
    (1, 6, 1, 4, 6)             3/2
    (1, 6, 1, 4, 7)             1/5
    (1, 6, 1, 4, 8)             1
    (1, 6, 1, 4, 9)             1/2
    (1, 6, 1, 4, 10)            2/3
    (1, 6, 1, 4, 11)            1/2
    (1, 6, 1, 4, 12)            1/2
    (1, 6, 1, 4, 13)            5/2
    (1, 6, 1, 4, 14)            1/2
    (1, 6, 1, 4, 15)            1
    (1, 6, 1, 4, 16)            2/3
    (1, 6, 1, 5, 0)             1/4
    (1, 6, 1, 5, 1)             4/5
    (1, 6, 1, 5, 2)             2
    (1, 6, 1, 5, 3)             1
    (1, 6, 1, 5, 4)             1
    (1, 6, 1, 5, 5)             1/2
    (1, 6, 1, 5, 6)             2/3
    (1, 6, 1, 5, 7)             2/3
    (1, 6, 1, 5, 8)             1/2
    (1, 6, 1, 5, 9)             1/4
    (1, 6, 1, 5, 10)            1
    (1, 6, 1, 5, 11)            1
    (1, 6, 1, 5, 12)            1/2
    (1, 6, 1, 5, 13)            5/4
    (1, 6, 1, 5, 14)            1/3
    (1, 6, 1, 5, 15)            1
    (1, 6, 1, 5, 16)            1/4
    (1, 6, 1, 8, 0)             2/3
    (1, 6, 1, 8, 1)             3/4
    (1, 6, 1, 8, 2)             5/2
    (1, 6, 1, 8, 3)             1/3
    (1, 6, 1, 8, 4)             2
    (1, 6, 1, 8, 5)             1
    (1, 6, 1, 8, 6)             1
    (1, 6, 1, 8, 7)             5/3
    (1, 6, 1, 8, 8)             1/3
    (1, 6, 1, 8, 9)             1
    (1, 6, 1, 8, 10)            1/2
    (1, 6, 1, 8, 11)            1/2
    (1, 6, 1, 8, 12)            1/3
    (1, 6, 1, 8, 13)            2
    (1, 6, 1, 8, 14)            1/2
    (1, 6, 1, 8, 15)            1
    (1, 6, 1, 8, 16)            1/2
    (1, 6, 1, 9, 0)             3/4
    (1, 6, 1, 9, 1)             1/3
    (1, 6, 1, 9, 2)             1/2
    (1, 6, 1, 9, 3)             1/2
    (1, 6, 1, 9, 4)             1/4
    (1, 6, 1, 9, 5)             1/2
    (1, 6, 1, 9, 6)             2/3
    (1, 6, 1, 9, 7)             5/3
    (1, 6, 1, 9, 8)             2
    (1, 6, 1, 9, 9)             1/3
    (1, 6, 1, 9, 10)            1
    (1, 6, 1, 9, 11)            2
    (1, 6, 1, 9, 12)            1/2
    (1, 6, 1, 9, 13)            1/5
    (1, 6, 1, 9, 14)            1/3
    (1, 6, 1, 9, 15)            1/3
    (1, 6, 1, 9, 16)            1/3
    (1, 6, 1, 10, 0)            2/3
    (1, 6, 1, 10, 1)            1/2
    (1, 6, 1, 10, 2)            1/3
    (1, 6, 1, 10, 3)            1
    (1, 6, 1, 10, 4)            1
    (1, 6, 1, 10, 5)            1/4
    (1, 6, 1, 10, 6)            1/3
    (1, 6, 1, 10, 7)            2/3
    (1, 6, 1, 10, 8)            1
    (1, 6, 1, 10, 9)            1/4
    (1, 6, 1, 10, 10)           2
    (1, 6, 1, 10, 11)           1/3
    (1, 6, 1, 10, 12)           1
    (1, 6, 1, 10, 13)           1
    (1, 6, 1, 10, 14)           3/4
    (1, 6, 1, 10, 15)           2/3
    (1, 6, 1, 10, 16)           2
    (1, 6, 1, 11, 0)            2
    (1, 6, 1, 11, 1)            1/2
    (1, 6, 1, 11, 2)            1/3
    (1, 6, 1, 11, 3)            1/3
    (1, 6, 1, 11, 4)            1
    (1, 6, 1, 11, 5)            2
    (1, 6, 1, 11, 6)            3/2
    (1, 6, 1, 11, 7)            3/4
    (1, 6, 1, 11, 8)            1/5
    (1, 6, 1, 11, 9)            1
    (1, 6, 1, 11, 10)           1
    (1, 6, 1, 11, 11)           1
    (1, 6, 1, 11, 12)           2/3
    (1, 6, 1, 11, 13)           5/2
    (1, 6, 1, 11, 14)           3/2
    (1, 6, 1, 11, 15)           1
    (1, 6, 1, 11, 16)           1
    (1, 6, 5, 0, 0)             2
    (1, 6, 5, 0, 1)             1/3
    (1, 6, 5, 0, 2)             1/2
    (1, 6, 5, 0, 3)             1/2
    (1, 6, 5, 0, 4)             2/3
    (1, 6, 5, 0, 5)             1/3
    (1, 6, 5, 0, 6)             1
    (1, 6, 5, 0, 7)             2
    (1, 6, 5, 0, 8)             1/7
    (1, 6, 5, 0, 9)             1/2
    (1, 6, 5, 0, 10)            1
    (1, 6, 5, 0, 11)            1/2
    (1, 6, 5, 0, 12)            1/5
    (1, 6, 5, 0, 13)            3/2
    (1, 6, 5, 0, 14)            6/5
    (1, 6, 5, 0, 15)            4/3
    (1, 6, 5, 0, 16)            1
    (1, 6, 5, 1, 0)             2/3
    (1, 6, 5, 1, 1)             1
    (1, 6, 5, 1, 2)             1/2
    (1, 6, 5, 1, 3)             1/2
    (1, 6, 5, 1, 4)             1
    (1, 6, 5, 1, 5)             6/5
    (1, 6, 5, 1, 6)             6/5
    (1, 6, 5, 1, 7)             2
    (1, 6, 5, 1, 8)             1/2
    (1, 6, 5, 1, 9)             1
    (1, 6, 5, 1, 10)            1/3
    (1, 6, 5, 1, 11)            1/2
    (1, 6, 5, 1, 12)            1/3
    (1, 6, 5, 1, 13)            1/3
    (1, 6, 5, 1, 14)            1/2
    (1, 6, 5, 1, 15)            3/4
    (1, 6, 5, 1, 16)            1/3
    (1, 6, 8, 5, 0)             5/4
    (1, 6, 8, 5, 1)             5/4
    (1, 6, 8, 5, 2)             1
    (1, 6, 8, 5, 3)             3/4
    (1, 6, 8, 5, 4)             2
    (1, 6, 8, 5, 5)             1/2
    (1, 6, 8, 5, 6)             1
    (1, 6, 8, 5, 7)             2/3
    (1, 6, 8, 5, 8)             1
    (1, 6, 8, 5, 9)             1/11
    (1, 6, 8, 5, 10)            1/3
    (1, 6, 8, 5, 11)            2/3
    (1, 6, 8, 5, 12)            1
    (1, 6, 8, 5, 13)            1/4
    (1, 6, 8, 5, 14)            1
    (1, 6, 8, 5, 15)            3/4
    (1, 6, 8, 5, 16)            2
    (1, 6, 8, 6, 0)             7/4
    (1, 6, 8, 6, 1)             4/3
    (1, 6, 8, 6, 2)             1
    (1, 6, 8, 6, 3)             2/3
    (1, 6, 8, 6, 4)             1
    (1, 6, 8, 6, 5)             1/4
    (1, 6, 8, 6, 6)             1
    (1, 6, 8, 6, 7)             5/6
    (1, 6, 8, 6, 8)             1/3
    (1, 6, 8, 6, 9)             3/4
    (1, 6, 8, 6, 10)            3
    (1, 6, 8, 6, 11)            1
    (1, 6, 8, 6, 12)            9/5
    (1, 6, 8, 6, 13)            1/3
    (1, 6, 8, 6, 14)            2
    (1, 6, 8, 6, 15)            2
    (1, 6, 8, 6, 16)            1/2
    (1, 6, 8, 9, 0)             1/2
    (1, 6, 8, 9, 1)             1/2
    (1, 6, 8, 9, 2)             1/3
    (1, 6, 8, 9, 3)             1
    (1, 6, 8, 9, 4)             4/5
    (1, 6, 8, 9, 5)             1
    (1, 6, 8, 9, 6)             1
    (1, 6, 8, 9, 7)             5/4
    (1, 6, 8, 9, 8)             4/3
    (1, 6, 8, 9, 9)             1/2
    (1, 6, 8, 9, 10)            1/2
    (1, 6, 8, 9, 11)            1
    (1, 6, 8, 9, 12)            3/4
    (1, 6, 8, 9, 13)            1
    (1, 6, 8, 9, 14)            1
    (1, 6, 8, 9, 15)            3/4
    (1, 6, 8, 9, 16)            2/5
    (1, 6, 10, 9, 0)            1/2
    (1, 6, 10, 9, 1)            2
    (1, 6, 10, 9, 2)            1
    (1, 6, 10, 9, 3)            1/3
    (1, 6, 10, 9, 4)            1
    (1, 6, 10, 9, 5)            1
    (1, 6, 10, 9, 6)            3/5
    (1, 6, 10, 9, 7)            1
    (1, 6, 10, 9, 8)            4/3
    (1, 6, 10, 9, 9)            1/3
    (1, 6, 10, 9, 10)           2/3
    (1, 6, 10, 9, 11)           2
    (1, 6, 10, 9, 12)           2
    (1, 6, 10, 9, 13)           3/2
    (1, 6, 10, 9, 14)           1
    (1, 6, 10, 9, 15)           5/3
    (1, 6, 10, 9, 16)           1
    (2, 0, 0, 10, 0)            1
    (2, 0, 0, 10, 1)            1/3
    (2, 0, 0, 10, 2)            2
    (2, 0, 0, 10, 3)            7/3
    (2, 0, 0, 10, 4)            2/3
    (2, 0, 0, 10, 5)            1/2
    (2, 0, 0, 10, 6)            1
    (2, 0, 0, 10, 7)            4/5
    (2, 0, 0, 10, 8)            1
    (2, 0, 0, 10, 9)            1
    (2, 0, 0, 10, 10)           1/3
    (2, 0, 0, 10, 11)           1
    (2, 0, 0, 10, 12)           2
    (2, 0, 0, 10, 13)           2
    (2, 0, 0, 10, 14)           1
    (2, 0, 0, 10, 15)           1/2
    (2, 0, 0, 10, 16)           5/3
    (2, 0, 2, 2, 0)             2
    (2, 0, 2, 2, 1)             6/5
    (2, 0, 2, 2, 2)             1/2
    (2, 0, 2, 2, 3)             1
    (2, 0, 2, 2, 4)             1/2
    (2, 0, 2, 2, 5)             2
    (2, 0, 2, 2, 6)             1
    (2, 0, 2, 2, 7)             7/3
    (2, 0, 2, 2, 8)             1/3
    (2, 0, 2, 2, 9)             2
    (2, 0, 2, 2, 10)            1
    (2, 0, 2, 2, 11)            1/2
    (2, 0, 2, 2, 12)            1
    (2, 0, 2, 2, 13)            1
    (2, 0, 2, 2, 14)            2
    (2, 0, 2, 2, 15)            2/3
    (2, 0, 2, 2, 16)            1
    (2, 0, 2, 5, 0)             2/9
    (2, 0, 2, 5, 1)             1/3
    (2, 0, 2, 5, 2)             2/3
    (2, 0, 2, 5, 3)             1
    (2, 0, 2, 5, 4)             2/3
    (2, 0, 2, 5, 5)             5/4
    (2, 0, 2, 5, 6)             3/4
    (2, 0, 2, 5, 7)             1/3
    (2, 0, 2, 5, 8)             2/3
    (2, 0, 2, 5, 9)             1
    (2, 0, 2, 5, 10)            1/2
    (2, 0, 2, 5, 11)            3/2
    (2, 0, 2, 5, 12)            7/4
    (2, 0, 2, 5, 13)            5/3
    (2, 0, 2, 5, 14)            5/2
    (2, 0, 2, 5, 15)            4/3
    (2, 0, 2, 5, 16)            1/4
    (2, 0, 2, 10, 0)            1/4
    (2, 0, 2, 10, 1)            1/3
    (2, 0, 2, 10, 2)            1/2
    (2, 0, 2, 10, 3)            1/3
    (2, 0, 2, 10, 4)            1
    (2, 0, 2, 10, 5)            1/2
    (2, 0, 2, 10, 6)            1/2
    (2, 0, 2, 10, 7)            2/3
    (2, 0, 2, 10, 8)            5/3
    (2, 0, 2, 10, 9)            2
    (2, 0, 2, 10, 10)           1/6
    (2, 0, 2, 10, 11)           1
    (2, 0, 2, 10, 12)           2
    (2, 0, 2, 10, 13)           1/2
    (2, 0, 2, 10, 14)           1
    (2, 0, 2, 10, 15)           1/3
    (2, 0, 2, 10, 16)           1/2
    (2, 0, 2, 11, 0)            2
    (2, 0, 2, 11, 1)            3/4
    (2, 0, 2, 11, 2)            2/3
    (2, 0, 2, 11, 3)            1/3
    (2, 0, 2, 11, 4)            1
    (2, 0, 2, 11, 5)            3/2
    (2, 0, 2, 11, 6)            1
    (2, 0, 2, 11, 7)            1
    (2, 0, 2, 11, 8)            3/4
    (2, 0, 2, 11, 9)            1
    (2, 0, 2, 11, 10)           1/3
    (2, 0, 2, 11, 11)           2
    (2, 0, 2, 11, 12)           1
    (2, 0, 2, 11, 13)           1/3
    (2, 0, 2, 11, 14)           1/2
    (2, 0, 2, 11, 15)           1
    (2, 0, 2, 11, 16)           1/3
    (2, 0, 6, 1, 0)             1
    (2, 0, 6, 1, 1)             2
    (2, 0, 6, 1, 2)             2/3
    (2, 0, 6, 1, 3)             3/5
    (2, 0, 6, 1, 4)             2/3
    (2, 0, 6, 1, 5)             1
    (2, 0, 6, 1, 6)             1/3
    (2, 0, 6, 1, 7)             1
    (2, 0, 6, 1, 8)             1/2
    (2, 0, 6, 1, 9)             1/7
    (2, 0, 6, 1, 10)            1
    (2, 0, 6, 1, 11)            1
    (2, 0, 6, 1, 12)            1
    (2, 0, 6, 1, 13)            1/5
    (2, 0, 6, 1, 14)            2
    (2, 0, 6, 1, 15)            1/4
    (2, 0, 6, 1, 16)            4/3
    (2, 0, 6, 2, 0)             2/5
    (2, 0, 6, 2, 1)             3/4
    (2, 0, 6, 2, 2)             3/2
    (2, 0, 6, 2, 3)             1/2
    (2, 0, 6, 2, 4)             3/2
    (2, 0, 6, 2, 5)             1
    (2, 0, 6, 2, 6)             1/2
    (2, 0, 6, 2, 7)             3/4
    (2, 0, 6, 2, 8)             2/3
    (2, 0, 6, 2, 9)             1
    (2, 0, 6, 2, 10)            1/2
    (2, 0, 6, 2, 11)            3/2
    (2, 0, 6, 2, 12)            1/3
    (2, 0, 6, 2, 13)            1/2
    (2, 0, 6, 2, 14)            4/3
    (2, 0, 6, 2, 15)            3/4
    (2, 0, 6, 2, 16)            3/5
    (2, 0, 9, 6, 0)             1/2
    (2, 0, 9, 6, 1)             1
    (2, 0, 9, 6, 2)             5/2
    (2, 0, 9, 6, 3)             1
    (2, 0, 9, 6, 4)             3/2
    (2, 0, 9, 6, 5)             2
    (2, 0, 9, 6, 6)             1/2
    (2, 0, 9, 6, 7)             1
    (2, 0, 9, 6, 8)             2/3
    (2, 0, 9, 6, 9)             2
    (2, 0, 9, 6, 10)            2/7
    (2, 0, 9, 6, 11)            1
    (2, 0, 9, 6, 12)            1/2
    (2, 0, 9, 6, 13)            1/2
    (2, 0, 9, 6, 14)            1/2
    (2, 0, 9, 6, 15)            2
    (2, 0, 9, 6, 16)            4/3
    (2, 0, 9, 10, 0)            1/2
    (2, 0, 9, 10, 1)            2
    (2, 0, 9, 10, 2)            1/2
    (2, 0, 9, 10, 3)            1/3
    (2, 0, 9, 10, 4)            1
    (2, 0, 9, 10, 5)            2/5
    (2, 0, 9, 10, 6)            2/3
    (2, 0, 9, 10, 7)            1/2
    (2, 0, 9, 10, 8)            3/4
    (2, 0, 9, 10, 9)            4/3
    (2, 0, 9, 10, 10)           1/2
    (2, 0, 9, 10, 11)           2/3
    (2, 0, 9, 10, 12)           1
    (2, 0, 9, 10, 13)           1/3
    (2, 0, 9, 10, 14)           1
    (2, 0, 9, 10, 15)           1
    (2, 0, 9, 10, 16)           1/4
    (2, 1, 4, 5, 0)             1
    (2, 1, 4, 5, 1)             1/3
    (2, 1, 4, 5, 2)             3/4
    (2, 1, 4, 5, 3)             1
    (2, 1, 4, 5, 4)             1/3
    (2, 1, 4, 5, 5)             3/4
    (2, 1, 4, 5, 6)             1/6
    (2, 1, 4, 5, 7)             3/2
    (2, 1, 4, 5, 8)             1/2
    (2, 1, 4, 5, 9)             1
    (2, 1, 4, 5, 10)            1/2
    (2, 1, 4, 5, 11)            1
    (2, 1, 4, 5, 12)            1/2
    (2, 1, 4, 5, 13)            1
    (2, 1, 4, 5, 14)            1
    (2, 1, 4, 5, 15)            1
    (2, 1, 4, 5, 16)            6/5
    (2, 1, 6, 11, 0)            1/2
    (2, 1, 6, 11, 1)            1
    (2, 1, 6, 11, 2)            1
    (2, 1, 6, 11, 3)            1/2
    (2, 1, 6, 11, 4)            1
    (2, 1, 6, 11, 5)            1
    (2, 1, 6, 11, 6)            3
    (2, 1, 6, 11, 7)            2
    (2, 1, 6, 11, 8)            1
    (2, 1, 6, 11, 9)            3/2
    (2, 1, 6, 11, 10)           3
    (2, 1, 6, 11, 11)           1/2
    (2, 1, 6, 11, 12)           3
    (2, 1, 6, 11, 13)           2
    (2, 1, 6, 11, 14)           1
    (2, 1, 6, 11, 15)           1/6
    (2, 1, 6, 11, 16)           4/3
    (2, 2, 1, 10, 0)            1/3
    (2, 2, 1, 10, 1)            3/4
    (2, 2, 1, 10, 2)            1/2
    (2, 2, 1, 10, 3)            1/2
    (2, 2, 1, 10, 4)            1
    (2, 2, 1, 10, 5)            2/3
    (2, 2, 1, 10, 6)            2
    (2, 2, 1, 10, 7)            1/3
    (2, 2, 1, 10, 8)            1/2
    (2, 2, 1, 10, 9)            1/3
    (2, 2, 1, 10, 10)           2/3
    (2, 2, 1, 10, 11)           1/10
    (2, 2, 1, 10, 12)           3/2
    (2, 2, 1, 10, 13)           2/3
    (2, 2, 1, 10, 14)           3/4
    (2, 2, 1, 10, 15)           1/3
    (2, 2, 1, 10, 16)           1/2
    (2, 2, 4, 1, 0)             1/2
    (2, 2, 4, 1, 1)             1
    (2, 2, 4, 1, 2)             1
    (2, 2, 4, 1, 3)             2
    (2, 2, 4, 1, 4)             1/4
    (2, 2, 4, 1, 5)             1/5
    (2, 2, 4, 1, 6)             3/5
    (2, 2, 4, 1, 7)             1/2
    (2, 2, 4, 1, 8)             1
    (2, 2, 4, 1, 9)             1/4
    (2, 2, 4, 1, 10)            3/2
    (2, 2, 4, 1, 11)            1/3
    (2, 2, 4, 1, 12)            3/4
    (2, 2, 4, 1, 13)            1/4
    (2, 2, 4, 1, 14)            2
    (2, 2, 4, 1, 15)            2/3
    (2, 2, 4, 1, 16)            4/3
    (2, 2, 6, 1, 0)             5/3
    (2, 2, 6, 1, 1)             3/2
    (2, 2, 6, 1, 2)             1/6
    (2, 2, 6, 1, 3)             1/2
    (2, 2, 6, 1, 4)             1/3
    (2, 2, 6, 1, 5)             1
    (2, 2, 6, 1, 6)             5/4
    (2, 2, 6, 1, 7)             1/3
    (2, 2, 6, 1, 8)             2
    (2, 2, 6, 1, 9)             1
    (2, 2, 6, 1, 10)            2/5
    (2, 2, 6, 1, 11)            1
    (2, 2, 6, 1, 12)            2
    (2, 2, 6, 1, 13)            3/4
    (2, 2, 6, 1, 14)            1/4
    (2, 2, 6, 1, 15)            2/3
    (2, 2, 6, 1, 16)            2/3
    (2, 2, 8, 0, 0)             2/3
    (2, 2, 8, 0, 1)             1/3
    (2, 2, 8, 0, 2)             2/3
    (2, 2, 8, 0, 3)             3/2
    (2, 2, 8, 0, 4)             1
    (2, 2, 8, 0, 5)             3/2
    (2, 2, 8, 0, 6)             1/2
    (2, 2, 8, 0, 7)             1
    (2, 2, 8, 0, 8)             1
    (2, 2, 8, 0, 9)             2
    (2, 2, 8, 0, 10)            1/2
    (2, 2, 8, 0, 11)            1
    (2, 2, 8, 0, 12)            1/2
    (2, 2, 8, 0, 13)            1/2
    (2, 2, 8, 0, 14)            1
    (2, 2, 8, 0, 15)            2
    (2, 2, 8, 0, 16)            1
    (2, 2, 8, 1, 0)             2
    (2, 2, 8, 1, 1)             1/2
    (2, 2, 8, 1, 2)             1/2
    (2, 2, 8, 1, 3)             1/3
    (2, 2, 8, 1, 4)             1
    (2, 2, 8, 1, 5)             1/4
    (2, 2, 8, 1, 6)             2/5
    (2, 2, 8, 1, 7)             3/2
    (2, 2, 8, 1, 8)             1
    (2, 2, 8, 1, 9)             1
    (2, 2, 8, 1, 10)            1
    (2, 2, 8, 1, 11)            1
    (2, 2, 8, 1, 12)            1/4
    (2, 2, 8, 1, 13)            3/2
    (2, 2, 8, 1, 14)            1/4
    (2, 2, 8, 1, 15)            2
    (2, 2, 8, 1, 16)            1
    (2, 2, 8, 4, 0)             2
    (2, 2, 8, 4, 1)             1
    (2, 2, 8, 4, 2)             1/2
    (2, 2, 8, 4, 3)             2
    (2, 2, 8, 4, 4)             1
    (2, 2, 8, 4, 5)             1
    (2, 2, 8, 4, 6)             1
    (2, 2, 8, 4, 7)             2
    (2, 2, 8, 4, 8)             1/2
    (2, 2, 8, 4, 9)             2
    (2, 2, 8, 4, 10)            1
    (2, 2, 8, 4, 11)            2
    (2, 2, 8, 4, 12)            1/8
    (2, 2, 8, 4, 13)            4/3
    (2, 2, 8, 4, 14)            1/3
    (2, 2, 8, 4, 15)            1
    (2, 2, 8, 4, 16)            1
    (2, 2, 8, 5, 0)             1
    (2, 2, 8, 5, 1)             1/3
    (2, 2, 8, 5, 2)             1/2
    (2, 2, 8, 5, 3)             1
    (2, 2, 8, 5, 4)             3/2
    (2, 2, 8, 5, 5)             1/2
    (2, 2, 8, 5, 6)             3/2
    (2, 2, 8, 5, 7)             3/2
    (2, 2, 8, 5, 8)             2/3
    (2, 2, 8, 5, 9)             1/3
    (2, 2, 8, 5, 10)            1
    (2, 2, 8, 5, 11)            1
    (2, 2, 8, 5, 12)            1/4
    (2, 2, 8, 5, 13)            1/2
    (2, 2, 8, 5, 14)            2/3
    (2, 2, 8, 5, 15)            1/3
    (2, 2, 8, 5, 16)            1/4
    (2, 2, 8, 6, 0)             1
    (2, 2, 8, 6, 1)             4/5
    (2, 2, 8, 6, 2)             1/2
    (2, 2, 8, 6, 3)             2/5
    (2, 2, 8, 6, 4)             1/2
    (2, 2, 8, 6, 5)             1/4
    (2, 2, 8, 6, 6)             1/2
    (2, 2, 8, 6, 7)             1/2
    (2, 2, 8, 6, 8)             3/4
    (2, 2, 8, 6, 9)             1
    (2, 2, 8, 6, 10)            4/5
    (2, 2, 8, 6, 11)            2/3
    (2, 2, 8, 6, 12)            2
    (2, 2, 8, 6, 13)            3/2
    (2, 2, 8, 6, 14)            1/3
    (2, 2, 8, 6, 15)            1/2
    (2, 2, 8, 6, 16)            1/2
    (2, 2, 8, 7, 0)             2/3
    (2, 2, 8, 7, 1)             2
    (2, 2, 8, 7, 2)             2/3
    (2, 2, 8, 7, 3)             1
    (2, 2, 8, 7, 4)             1/4
    (2, 2, 8, 7, 5)             1/2
    (2, 2, 8, 7, 6)             2/3
    (2, 2, 8, 7, 7)             3
    (2, 2, 8, 7, 8)             1/2
    (2, 2, 8, 7, 9)             3/2
    (2, 2, 8, 7, 10)            2
    (2, 2, 8, 7, 11)            5/2
    (2, 2, 8, 7, 12)            1
    (2, 2, 8, 7, 13)            2
    (2, 2, 8, 7, 14)            2/5
    (2, 2, 8, 7, 15)            1/3
    (2, 2, 8, 7, 16)            2
    (2, 2, 8, 10, 0)            1
    (2, 2, 8, 10, 1)            1/2
    (2, 2, 8, 10, 2)            1/3
    (2, 2, 8, 10, 3)            2/3
    (2, 2, 8, 10, 4)            3/2
    (2, 2, 8, 10, 5)            7/6
    (2, 2, 8, 10, 6)            1/2
    (2, 2, 8, 10, 7)            1/2
    (2, 2, 8, 10, 8)            3/2
    (2, 2, 8, 10, 9)            3/2
    (2, 2, 8, 10, 10)           1/2
    (2, 2, 8, 10, 11)           1
    (2, 2, 8, 10, 12)           1
    (2, 2, 8, 10, 13)           2/3
    (2, 2, 8, 10, 14)           1/2
    (2, 2, 8, 10, 15)           1
    (2, 2, 8, 10, 16)           1
    (2, 2, 8, 11, 0)            1
    (2, 2, 8, 11, 1)            2
    (2, 2, 8, 11, 2)            1
    (2, 2, 8, 11, 3)            4/5
    (2, 2, 8, 11, 4)            2/11
    (2, 2, 8, 11, 5)            1
    (2, 2, 8, 11, 6)            1/4
    (2, 2, 8, 11, 7)            1
    (2, 2, 8, 11, 8)            1/2
    (2, 2, 8, 11, 9)            2/3
    (2, 2, 8, 11, 10)           4/5
    (2, 2, 8, 11, 11)           1
    (2, 2, 8, 11, 12)           1/2
    (2, 2, 8, 11, 13)           3/2
    (2, 2, 8, 11, 14)           2/3
    (2, 2, 8, 11, 15)           1/2
    (2, 2, 8, 11, 16)           1/4
    (2, 2, 10, 6, 0)            2
    (2, 2, 10, 6, 1)            3/2
    (2, 2, 10, 6, 2)            2
    (2, 2, 10, 6, 3)            3/5
    (2, 2, 10, 6, 4)            1/2
    (2, 2, 10, 6, 5)            5/2
    (2, 2, 10, 6, 6)            1
    (2, 2, 10, 6, 7)            1/2
    (2, 2, 10, 6, 8)            1
    (2, 2, 10, 6, 9)            1/2
    (2, 2, 10, 6, 10)           1/2
    (2, 2, 10, 6, 11)           1/3
    (2, 2, 10, 6, 12)           1
    (2, 2, 10, 6, 13)           1
    (2, 2, 10, 6, 14)           1/4
    (2, 2, 10, 6, 15)           1/2
    (2, 2, 10, 6, 16)           1/3
    (2, 4, 3, 1, 0)             2/5
    (2, 4, 3, 1, 1)             1
    (2, 4, 3, 1, 2)             1/4
    (2, 4, 3, 1, 3)             1/6
    (2, 4, 3, 1, 4)             2
    (2, 4, 3, 1, 5)             1/3
    (2, 4, 3, 1, 6)             4/5
    (2, 4, 3, 1, 7)             4/3
    (2, 4, 3, 1, 8)             2
    (2, 4, 3, 1, 9)             1/3
    (2, 4, 3, 1, 10)            1
    (2, 4, 3, 1, 11)            1/2
    (2, 4, 3, 1, 12)            1/3
    (2, 4, 3, 1, 13)            3/4
    (2, 4, 3, 1, 14)            1/4
    (2, 4, 3, 1, 15)            1/3
    (2, 4, 3, 1, 16)            1/2
    (2, 4, 5, 1, 0)             1
    (2, 4, 5, 1, 1)             2/5
    (2, 4, 5, 1, 2)             3/2
    (2, 4, 5, 1, 3)             3
    (2, 4, 5, 1, 4)             2/3
    (2, 4, 5, 1, 5)             2/3
    (2, 4, 5, 1, 6)             1
    (2, 4, 5, 1, 7)             1
    (2, 4, 5, 1, 8)             3/2
    (2, 4, 5, 1, 9)             1/6
    (2, 4, 5, 1, 10)            1/3
    (2, 4, 5, 1, 11)            4/3
    (2, 4, 5, 1, 12)            3/2
    (2, 4, 5, 1, 13)            2
    (2, 4, 5, 1, 14)            2
    (2, 4, 5, 1, 15)            2/7
    (2, 4, 5, 1, 16)            3/4
    (2, 4, 7, 1, 0)             1
    (2, 4, 7, 1, 1)             2
    (2, 4, 7, 1, 2)             1/2
    (2, 4, 7, 1, 3)             3/5
    (2, 4, 7, 1, 4)             1
    (2, 4, 7, 1, 5)             1/3
    (2, 4, 7, 1, 6)             1/3
    (2, 4, 7, 1, 7)             1/3
    (2, 4, 7, 1, 8)             1/3
    (2, 4, 7, 1, 9)             1/2
    (2, 4, 7, 1, 10)            3/4
    (2, 4, 7, 1, 11)            2/3
    (2, 4, 7, 1, 12)            3/2
    (2, 4, 7, 1, 13)            3/2
    (2, 4, 7, 1, 14)            1
    (2, 4, 7, 1, 15)            2
    (2, 4, 7, 1, 16)            3/4
    (2, 4, 10, 9, 0)            1/2
    (2, 4, 10, 9, 1)            3/4
    (2, 4, 10, 9, 2)            9/4
    (2, 4, 10, 9, 3)            3/5
    (2, 4, 10, 9, 4)            2/5
    (2, 4, 10, 9, 5)            1
    (2, 4, 10, 9, 6)            1/2
    (2, 4, 10, 9, 7)            1
    (2, 4, 10, 9, 8)            1/3
    (2, 4, 10, 9, 9)            1/2
    (2, 4, 10, 9, 10)           1
    (2, 4, 10, 9, 11)           1/2
    (2, 4, 10, 9, 12)           1/2
    (2, 4, 10, 9, 13)           3/2
    (2, 4, 10, 9, 14)           1
    (2, 4, 10, 9, 15)           1/2
    (2, 4, 10, 9, 16)           1
    (2, 5, 3, 2, 0)             1
    (2, 5, 3, 2, 1)             1/5
    (2, 5, 3, 2, 2)             1/2
    (2, 5, 3, 2, 3)             2
    (2, 5, 3, 2, 4)             4/5
    (2, 5, 3, 2, 5)             4/3
    (2, 5, 3, 2, 6)             2
    (2, 5, 3, 2, 7)             1
    (2, 5, 3, 2, 8)             1
    (2, 5, 3, 2, 9)             2/3
    (2, 5, 3, 2, 10)            4/3
    (2, 5, 3, 2, 11)            1
    (2, 5, 3, 2, 12)            1
    (2, 5, 3, 2, 13)            1/2
    (2, 5, 3, 2, 14)            3/2
    (2, 5, 3, 2, 15)            1/2
    (2, 5, 3, 2, 16)            5/4
    (2, 5, 9, 7, 0)             1/2
    (2, 5, 9, 7, 1)             1
    (2, 5, 9, 7, 2)             2/3
    (2, 5, 9, 7, 3)             1/2
    (2, 5, 9, 7, 4)             2
    (2, 5, 9, 7, 5)             2
    (2, 5, 9, 7, 6)             1
    (2, 5, 9, 7, 7)             1/2
    (2, 5, 9, 7, 8)             1/4
    (2, 5, 9, 7, 9)             1
    (2, 5, 9, 7, 10)            1
    (2, 5, 9, 7, 11)            1
    (2, 5, 9, 7, 12)            2
    (2, 5, 9, 7, 13)            1/3
    (2, 5, 9, 7, 14)            1/2
    (2, 5, 9, 7, 15)            2
    (2, 5, 9, 7, 16)            1/2
    (2, 6, 0, 3, 0)             3
    (2, 6, 0, 3, 1)             2
    (2, 6, 0, 3, 2)             3/2
    (2, 6, 0, 3, 3)             1/5
    (2, 6, 0, 3, 4)             1/5
    (2, 6, 0, 3, 5)             1/2
    (2, 6, 0, 3, 6)             3/2
    (2, 6, 0, 3, 7)             4/3
    (2, 6, 0, 3, 8)             1/2
    (2, 6, 0, 3, 9)             4/3
    (2, 6, 0, 3, 10)            2/3
    (2, 6, 0, 3, 11)            2
    (2, 6, 0, 3, 12)            1
    (2, 6, 0, 3, 13)            2
    (2, 6, 0, 3, 14)            2
    (2, 6, 0, 3, 15)            2
    (2, 6, 0, 3, 16)            1
    (2, 6, 0, 12, 0)            2
    (2, 6, 0, 12, 1)            2
    (2, 6, 0, 12, 2)            1/2
    (2, 6, 0, 12, 3)            1/4
    (2, 6, 0, 12, 4)            1
    (2, 6, 0, 12, 5)            5/6
    (2, 6, 0, 12, 6)            2
    (2, 6, 0, 12, 7)            1
    (2, 6, 0, 12, 8)            3/4
    (2, 6, 0, 12, 9)            5/3
    (2, 6, 0, 12, 10)           8/5
    (2, 6, 0, 12, 11)           1/3
    (2, 6, 0, 12, 12)           1
    (2, 6, 0, 12, 13)           2
    (2, 6, 0, 12, 14)           1/4
    (2, 6, 0, 12, 15)           1
    (2, 6, 0, 12, 16)           5/6
    (2, 6, 2, 9, 0)             1/3
    (2, 6, 2, 9, 1)             1/2
    (2, 6, 2, 9, 2)             1
    (2, 6, 2, 9, 3)             1
    (2, 6, 2, 9, 4)             1/2
    (2, 6, 2, 9, 5)             1/2
    (2, 6, 2, 9, 6)             1/4
    (2, 6, 2, 9, 7)             3/4
    (2, 6, 2, 9, 8)             1
    (2, 6, 2, 9, 9)             1/2
    (2, 6, 2, 9, 10)            1
    (2, 6, 2, 9, 11)            4/3
    (2, 6, 2, 9, 12)            3/5
    (2, 6, 2, 9, 13)            2
    (2, 6, 2, 9, 14)            1/3
    (2, 6, 2, 9, 15)            1/5
    (2, 6, 2, 9, 16)            3/2
    (2, 6, 7, 4, 0)             1/3
    (2, 6, 7, 4, 1)             1
    (2, 6, 7, 4, 2)             1/2
    (2, 6, 7, 4, 3)             1
    (2, 6, 7, 4, 4)             2
    (2, 6, 7, 4, 5)             2
    (2, 6, 7, 4, 6)             4/3
    (2, 6, 7, 4, 7)             1
    (2, 6, 7, 4, 8)             1
    (2, 6, 7, 4, 9)             3/4
    (2, 6, 7, 4, 10)            1/3
    (2, 6, 7, 4, 11)            2
    (2, 6, 7, 4, 12)            2
    (2, 6, 7, 4, 13)            1
    (2, 6, 7, 4, 14)            1/3
    (2, 6, 7, 4, 15)            1/2
    (2, 6, 7, 4, 16)            3/2
    (2, 6, 9, 1, 0)             1/3
    (2, 6, 9, 1, 1)             1
    (2, 6, 9, 1, 2)             7/4
    (2, 6, 9, 1, 3)             2
    (2, 6, 9, 1, 4)             2/5
    (2, 6, 9, 1, 5)             7/4
    (2, 6, 9, 1, 6)             1
    (2, 6, 9, 1, 7)             5/3
    (2, 6, 9, 1, 8)             1
    (2, 6, 9, 1, 9)             1/3
    (2, 6, 9, 1, 10)            4/3
    (2, 6, 9, 1, 11)            4/5
    (2, 6, 9, 1, 12)            1/4
    (2, 6, 9, 1, 13)            2
    (2, 6, 9, 1, 14)            2
    (2, 6, 9, 1, 15)            2/3
    (2, 6, 9, 1, 16)            1
    (2, 6, 9, 10, 0)            1
    (2, 6, 9, 10, 1)            1
    (2, 6, 9, 10, 2)            3
    (2, 6, 9, 10, 3)            2
    (2, 6, 9, 10, 4)            1/3
    (2, 6, 9, 10, 5)            2/3
    (2, 6, 9, 10, 6)            1/2
    (2, 6, 9, 10, 7)            2
    (2, 6, 9, 10, 8)            2
    (2, 6, 9, 10, 9)            3/5
    (2, 6, 9, 10, 10)           1
    (2, 6, 9, 10, 11)           1/7
    (2, 6, 9, 10, 12)           3/4
    (2, 6, 9, 10, 13)           5/2
    (2, 6, 9, 10, 14)           3
    (2, 6, 9, 10, 15)           1/2
    (2, 6, 9, 10, 16)           2
    (3, 0, 3, 10, 0)            1
    (3, 0, 3, 10, 1)            5/4
    (3, 0, 3, 10, 2)            1/2
    (3, 0, 3, 10, 3)            3/2
    (3, 0, 3, 10, 4)            1/2
    (3, 0, 3, 10, 5)            1
    (3, 0, 3, 10, 6)            1
    (3, 0, 3, 10, 7)            4/3
    (3, 0, 3, 10, 8)            2/3
    (3, 0, 3, 10, 9)            1
    (3, 0, 3, 10, 10)           1
    (3, 0, 3, 10, 11)           2
    (3, 0, 3, 10, 12)           4/3
    (3, 0, 3, 10, 13)           4/5
    (3, 0, 3, 10, 14)           2
    (3, 0, 3, 10, 15)           1/2
    (3, 0, 3, 10, 16)           1/5
    (3, 0, 8, 5, 0)             1/2
    (3, 0, 8, 5, 1)             1/2
    (3, 0, 8, 5, 2)             2
    (3, 0, 8, 5, 3)             1/2
    (3, 0, 8, 5, 4)             1/3
    (3, 0, 8, 5, 5)             2
    (3, 0, 8, 5, 6)             1
    (3, 0, 8, 5, 7)             1
    (3, 0, 8, 5, 8)             1
    (3, 0, 8, 5, 9)             1/4
    (3, 0, 8, 5, 10)            1/2
    (3, 0, 8, 5, 11)            1
    (3, 0, 8, 5, 12)            2
    (3, 0, 8, 5, 13)            2
    (3, 0, 8, 5, 14)            1/2
    (3, 0, 8, 5, 15)            2/3
    (3, 0, 8, 5, 16)            1
    (3, 1, 1, 11, 0)            1
    (3, 1, 1, 11, 1)            3/4
    (3, 1, 1, 11, 2)            2/7
    (3, 1, 1, 11, 3)            2
    (3, 1, 1, 11, 4)            2
    (3, 1, 1, 11, 5)            3/2
    (3, 1, 1, 11, 6)            4/3
    (3, 1, 1, 11, 7)            1/3
    (3, 1, 1, 11, 8)            1/6
    (3, 1, 1, 11, 9)            3/2
    (3, 1, 1, 11, 10)           1
    (3, 1, 1, 11, 11)           1
    (3, 1, 1, 11, 12)           2/3
    (3, 1, 1, 11, 13)           2/3
    (3, 1, 1, 11, 14)           3
    (3, 1, 1, 11, 15)           3/2
    (3, 1, 1, 11, 16)           2/5
    (3, 1, 3, 11, 0)            2/5
    (3, 1, 3, 11, 1)            1/2
    (3, 1, 3, 11, 2)            1/3
    (3, 1, 3, 11, 3)            1/4
    (3, 1, 3, 11, 4)            3/4
    (3, 1, 3, 11, 5)            1/3
    (3, 1, 3, 11, 6)            1/2
    (3, 1, 3, 11, 7)            1
    (3, 1, 3, 11, 8)            1/3
    (3, 1, 3, 11, 9)            2
    (3, 1, 3, 11, 10)           4/3
    (3, 1, 3, 11, 11)           4/5
    (3, 1, 3, 11, 12)           1/3
    (3, 1, 3, 11, 13)           2
    (3, 1, 3, 11, 14)           1/6
    (3, 1, 3, 11, 15)           1/4
    (3, 1, 3, 11, 16)           1
    (3, 1, 7, 3, 0)             1/2
    (3, 1, 7, 3, 1)             1
    (3, 1, 7, 3, 2)             1/2
    (3, 1, 7, 3, 3)             1
    (3, 1, 7, 3, 4)             3/2
    (3, 1, 7, 3, 5)             1/2
    (3, 1, 7, 3, 6)             1/2
    (3, 1, 7, 3, 7)             1
    (3, 1, 7, 3, 8)             1/2
    (3, 1, 7, 3, 9)             1/3
    (3, 1, 7, 3, 10)            1
    (3, 1, 7, 3, 11)            1/2
    (3, 1, 7, 3, 12)            1
    (3, 1, 7, 3, 13)            2/5
    (3, 1, 7, 3, 14)            3/5
    (3, 1, 7, 3, 15)            9/4
    (3, 1, 7, 3, 16)            3/4
    (3, 1, 10, 11, 0)           1
    (3, 1, 10, 11, 1)           3/4
    (3, 1, 10, 11, 2)           2
    (3, 1, 10, 11, 3)           1
    (3, 1, 10, 11, 4)           3/2
    (3, 1, 10, 11, 5)           3/2
    (3, 1, 10, 11, 6)           2/3
    (3, 1, 10, 11, 7)           3/4
    (3, 1, 10, 11, 8)           1/2
    (3, 1, 10, 11, 9)           1/3
    (3, 1, 10, 11, 10)          1/3
    (3, 1, 10, 11, 11)          1/3
    (3, 1, 10, 11, 12)          1/3
    (3, 1, 10, 11, 13)          1
    (3, 1, 10, 11, 14)          3/5
    (3, 1, 10, 11, 15)          1/2
    (3, 1, 10, 11, 16)          2
    (3, 3, 0, 11, 0)            5/3
    (3, 3, 0, 11, 1)            2/3
    (3, 3, 0, 11, 2)            2/3
    (3, 3, 0, 11, 3)            1/4
    (3, 3, 0, 11, 4)            3/4
    (3, 3, 0, 11, 5)            2
    (3, 3, 0, 11, 6)            1
    (3, 3, 0, 11, 7)            2/5
    (3, 3, 0, 11, 8)            1
    (3, 3, 0, 11, 9)            2
    (3, 3, 0, 11, 10)           1/3
    (3, 3, 0, 11, 11)           5/4
    (3, 3, 0, 11, 12)           1
    (3, 3, 0, 11, 13)           1/3
    (3, 3, 0, 11, 14)           1/2
    (3, 3, 0, 11, 15)           1/6
    (3, 3, 0, 11, 16)           3/2
    (3, 3, 2, 11, 0)            1/2
    (3, 3, 2, 11, 1)            4/3
    (3, 3, 2, 11, 2)            2/3
    (3, 3, 2, 11, 3)            2
    (3, 3, 2, 11, 4)            1/4
    (3, 3, 2, 11, 5)            3/4
    (3, 3, 2, 11, 6)            1/3
    (3, 3, 2, 11, 7)            3/2
    (3, 3, 2, 11, 8)            1/4
    (3, 3, 2, 11, 9)            1
    (3, 3, 2, 11, 10)           1/2
    (3, 3, 2, 11, 11)           3/5
    (3, 3, 2, 11, 12)           1/5
    (3, 3, 2, 11, 13)           1/4
    (3, 3, 2, 11, 14)           2
    (3, 3, 2, 11, 15)           1
    (3, 3, 2, 11, 16)           1
    (3, 3, 5, 2, 0)             1/3
    (3, 3, 5, 2, 1)             1/2
    (3, 3, 5, 2, 2)             1/3
    (3, 3, 5, 2, 3)             3/4
    (3, 3, 5, 2, 4)             2/3
    (3, 3, 5, 2, 5)             3/2
    (3, 3, 5, 2, 6)             1/10
    (3, 3, 5, 2, 7)             2/3
    (3, 3, 5, 2, 8)             1/3
    (3, 3, 5, 2, 9)             1/2
    (3, 3, 5, 2, 10)            1/3
    (3, 3, 5, 2, 11)            2
    (3, 3, 5, 2, 12)            2/3
    (3, 3, 5, 2, 13)            1
    (3, 3, 5, 2, 14)            1/2
    (3, 3, 5, 2, 15)            1/2
    (3, 3, 5, 2, 16)            3/4
    (3, 3, 7, 6, 0)             2
    (3, 3, 7, 6, 1)             1/3
    (3, 3, 7, 6, 2)             1/2
    (3, 3, 7, 6, 3)             1/4
    (3, 3, 7, 6, 4)             1
    (3, 3, 7, 6, 5)             1
    (3, 3, 7, 6, 6)             1/3
    (3, 3, 7, 6, 7)             1/2
    (3, 3, 7, 6, 8)             1/2
    (3, 3, 7, 6, 9)             1
    (3, 3, 7, 6, 10)            1/2
    (3, 3, 7, 6, 11)            1
    (3, 3, 7, 6, 12)            5/2
    (3, 3, 7, 6, 13)            1/2
    (3, 3, 7, 6, 14)            3/5
    (3, 3, 7, 6, 15)            2
    (3, 3, 7, 6, 16)            3/2
    (3, 3, 9, 1, 0)             1
    (3, 3, 9, 1, 1)             1/4
    (3, 3, 9, 1, 2)             1/2
    (3, 3, 9, 1, 3)             2/3
    (3, 3, 9, 1, 4)             3/2
    (3, 3, 9, 1, 5)             1/2
    (3, 3, 9, 1, 6)             1
    (3, 3, 9, 1, 7)             4/5
    (3, 3, 9, 1, 8)             2/3
    (3, 3, 9, 1, 9)             1/2
    (3, 3, 9, 1, 10)            1
    (3, 3, 9, 1, 11)            1/4
    (3, 3, 9, 1, 12)            1
    (3, 3, 9, 1, 13)            2/11
    (3, 3, 9, 1, 14)            4/5
    (3, 3, 9, 1, 15)            1
    (3, 3, 9, 1, 16)            2
    (3, 3, 9, 2, 0)             1
    (3, 3, 9, 2, 1)             1
    (3, 3, 9, 2, 2)             1
    (3, 3, 9, 2, 3)             1/2
    (3, 3, 9, 2, 4)             2/3
    (3, 3, 9, 2, 5)             1
    (3, 3, 9, 2, 6)             1
    (3, 3, 9, 2, 7)             1/2
    (3, 3, 9, 2, 8)             3/2
    (3, 3, 9, 2, 9)             3/2
    (3, 3, 9, 2, 10)            1/2
    (3, 3, 9, 2, 11)            1/2
    (3, 3, 9, 2, 12)            7/6
    (3, 3, 9, 2, 13)            3/2
    (3, 3, 9, 2, 14)            2/3
    (3, 3, 9, 2, 15)            1/3
    (3, 3, 9, 2, 16)            1/2
    (3, 3, 9, 5, 0)             2/3
    (3, 3, 9, 5, 1)             2
    (3, 3, 9, 5, 2)             1/3
    (3, 3, 9, 5, 3)             2/5
    (3, 3, 9, 5, 4)             2
    (3, 3, 9, 5, 5)             1
    (3, 3, 9, 5, 6)             5/2
    (3, 3, 9, 5, 7)             2
    (3, 3, 9, 5, 8)             3/2
    (3, 3, 9, 5, 9)             1/2
    (3, 3, 9, 5, 10)            3
    (3, 3, 9, 5, 11)            2/3
    (3, 3, 9, 5, 12)            1/2
    (3, 3, 9, 5, 13)            1/4
    (3, 3, 9, 5, 14)            1
    (3, 3, 9, 5, 15)            2/3
    (3, 3, 9, 5, 16)            2
    (3, 3, 9, 6, 0)             1
    (3, 3, 9, 6, 1)             1/2
    (3, 3, 9, 6, 2)             1/2
    (3, 3, 9, 6, 3)             1/3
    (3, 3, 9, 6, 4)             3/2
    (3, 3, 9, 6, 5)             2
    (3, 3, 9, 6, 6)             2/3
    (3, 3, 9, 6, 7)             4/5
    (3, 3, 9, 6, 8)             1
    (3, 3, 9, 6, 9)             3/4
    (3, 3, 9, 6, 10)            1/2
    (3, 3, 9, 6, 11)            1/2
    (3, 3, 9, 6, 12)            1/4
    (3, 3, 9, 6, 13)            1/2
    (3, 3, 9, 6, 14)            2/5
    (3, 3, 9, 6, 15)            1/2
    (3, 3, 9, 6, 16)            4/5
    (3, 3, 9, 7, 0)             1
    (3, 3, 9, 7, 1)             1/4
    (3, 3, 9, 7, 2)             1/3
    (3, 3, 9, 7, 3)             2/3
    (3, 3, 9, 7, 4)             1/2
    (3, 3, 9, 7, 5)             1/4
    (3, 3, 9, 7, 6)             1
    (3, 3, 9, 7, 7)             1
    (3, 3, 9, 7, 8)             1/3
    (3, 3, 9, 7, 9)             2/3
    (3, 3, 9, 7, 10)            3/2
    (3, 3, 9, 7, 11)            3/2
    (3, 3, 9, 7, 12)            1/2
    (3, 3, 9, 7, 13)            3/2
    (3, 3, 9, 7, 14)            1
    (3, 3, 9, 7, 15)            1/2
    (3, 3, 9, 7, 16)            1/3
    (3, 3, 9, 8, 0)             2
    (3, 3, 9, 8, 1)             1
    (3, 3, 9, 8, 2)             1
    (3, 3, 9, 8, 3)             1/3
    (3, 3, 9, 8, 4)             4/3
    (3, 3, 9, 8, 5)             1/8
    (3, 3, 9, 8, 6)             2
    (3, 3, 9, 8, 7)             1
    (3, 3, 9, 8, 8)             2
    (3, 3, 9, 8, 9)             1/2
    (3, 3, 9, 8, 10)            2
    (3, 3, 9, 8, 11)            1
    (3, 3, 9, 8, 12)            1
    (3, 3, 9, 8, 13)            1
    (3, 3, 9, 8, 14)            2
    (3, 3, 9, 8, 15)            1/2
    (3, 3, 9, 8, 16)            1
    (3, 3, 9, 11, 0)            2
    (3, 3, 9, 11, 1)            1
    (3, 3, 9, 11, 2)            2
    (3, 3, 9, 11, 3)            1/4
    (3, 3, 9, 11, 4)            3/2
    (3, 3, 9, 11, 5)            1/4
    (3, 3, 9, 11, 6)            1
    (3, 3, 9, 11, 7)            1
    (3, 3, 9, 11, 8)            1
    (3, 3, 9, 11, 9)            1
    (3, 3, 9, 11, 10)           3/2
    (3, 3, 9, 11, 11)           2/5
    (3, 3, 9, 11, 12)           1/4
    (3, 3, 9, 11, 13)           1
    (3, 3, 9, 11, 14)           1/3
    (3, 3, 9, 11, 15)           1/2
    (3, 3, 9, 11, 16)           1/2
    (3, 3, 9, 12, 0)            2/3
    (3, 3, 9, 12, 1)            1
    (3, 3, 9, 12, 2)            2
    (3, 3, 9, 12, 3)            1
    (3, 3, 9, 12, 4)            1/2
    (3, 3, 9, 12, 5)            1/2
    (3, 3, 9, 12, 6)            1
    (3, 3, 9, 12, 7)            1/2
    (3, 3, 9, 12, 8)            2
    (3, 3, 9, 12, 9)            1
    (3, 3, 9, 12, 10)           1
    (3, 3, 9, 12, 11)           1/2
    (3, 3, 9, 12, 12)           3/2
    (3, 3, 9, 12, 13)           1
    (3, 3, 9, 12, 14)           3/2
    (3, 3, 9, 12, 15)           2/3
    (3, 3, 9, 12, 16)           1/3
    (3, 4, 0, 1, 0)             1/2
    (3, 4, 0, 1, 1)             4/3
    (3, 4, 0, 1, 2)             1/6
    (3, 4, 0, 1, 3)             1
    (3, 4, 0, 1, 4)             2
    (3, 4, 0, 1, 5)             3
    (3, 4, 0, 1, 6)             1/2
    (3, 4, 0, 1, 7)             3
    (3, 4, 0, 1, 8)             3/2
    (3, 4, 0, 1, 9)             1
    (3, 4, 0, 1, 10)            2
    (3, 4, 0, 1, 11)            3
    (3, 4, 0, 1, 12)            1
    (3, 4, 0, 1, 13)            1
    (3, 4, 0, 1, 14)            1/2
    (3, 4, 0, 1, 15)            1
    (3, 4, 0, 1, 16)            1
    (3, 4, 2, 7, 0)             1
    (3, 4, 2, 7, 1)             6/5
    (3, 4, 2, 7, 2)             1
    (3, 4, 2, 7, 3)             1
    (3, 4, 2, 7, 4)             1
    (3, 4, 2, 7, 5)             1/2
    (3, 4, 2, 7, 6)             1
    (3, 4, 2, 7, 7)             1/2
    (3, 4, 2, 7, 8)             1
    (3, 4, 2, 7, 9)             1/2
    (3, 4, 2, 7, 10)            3/2
    (3, 4, 2, 7, 11)            1/6
    (3, 4, 2, 7, 12)            3/4
    (3, 4, 2, 7, 13)            1/3
    (3, 4, 2, 7, 14)            1
    (3, 4, 2, 7, 15)            3/4
    (3, 4, 2, 7, 16)            1/3
    (3, 5, 0, 10, 0)            2/5
    (3, 5, 0, 10, 1)            3/5
    (3, 5, 0, 10, 2)            3/4
    (3, 5, 0, 10, 3)            4/3
    (3, 5, 0, 10, 4)            1/2
    (3, 5, 0, 10, 5)            1/3
    (3, 5, 0, 10, 6)            3/2
    (3, 5, 0, 10, 7)            1/2
    (3, 5, 0, 10, 8)            1
    (3, 5, 0, 10, 9)            2/3
    (3, 5, 0, 10, 10)           3/4
    (3, 5, 0, 10, 11)           1/2
    (3, 5, 0, 10, 12)           1
    (3, 5, 0, 10, 13)           3/2
    (3, 5, 0, 10, 14)           1/2
    (3, 5, 0, 10, 15)           3/2
    (3, 5, 0, 10, 16)           3/4
    (3, 5, 0, 11, 0)            1
    (3, 5, 0, 11, 1)            4/3
    (3, 5, 0, 11, 2)            1/4
    (3, 5, 0, 11, 3)            2
    (3, 5, 0, 11, 4)            1/5
    (3, 5, 0, 11, 5)            1
    (3, 5, 0, 11, 6)            1
    (3, 5, 0, 11, 7)            1
    (3, 5, 0, 11, 8)            1/7
    (3, 5, 0, 11, 9)            1/2
    (3, 5, 0, 11, 10)           1
    (3, 5, 0, 11, 11)           1/3
    (3, 5, 0, 11, 12)           1
    (3, 5, 0, 11, 13)           2/3
    (3, 5, 0, 11, 14)           3/5
    (3, 5, 0, 11, 15)           2/3
    (3, 5, 0, 11, 16)           2
    (3, 5, 4, 1, 0)             2
    (3, 5, 4, 1, 1)             1/3
    (3, 5, 4, 1, 2)             1
    (3, 5, 4, 1, 3)             1/2
    (3, 5, 4, 1, 4)             1/3
    (3, 5, 4, 1, 5)             1
    (3, 5, 4, 1, 6)             2
    (3, 5, 4, 1, 7)             1/3
    (3, 5, 4, 1, 8)             1
    (3, 5, 4, 1, 9)             3/4
    (3, 5, 4, 1, 10)            1
    (3, 5, 4, 1, 11)            1
    (3, 5, 4, 1, 12)            3/2
    (3, 5, 4, 1, 13)            1
    (3, 5, 4, 1, 14)            1/3
    (3, 5, 4, 1, 15)            2/3
    (3, 5, 4, 1, 16)            3/4
    (3, 5, 4, 2, 0)             1/4
    (3, 5, 4, 2, 1)             1/2
    (3, 5, 4, 2, 2)             1/3
    (3, 5, 4, 2, 3)             1
    (3, 5, 4, 2, 4)             1/2
    (3, 5, 4, 2, 5)             2
    (3, 5, 4, 2, 6)             1
    (3, 5, 4, 2, 7)             1/6
    (3, 5, 4, 2, 8)             2
    (3, 5, 4, 2, 9)             5/3
    (3, 5, 4, 2, 10)            2/3
    (3, 5, 4, 2, 11)            1/2
    (3, 5, 4, 2, 12)            1/2
    (3, 5, 4, 2, 13)            1
    (3, 5, 4, 2, 14)            1/3
    (3, 5, 4, 2, 15)            1/2
    (3, 5, 4, 2, 16)            1/3
    (3, 5, 4, 7, 0)             2/9
    (3, 5, 4, 7, 1)             1/4
    (3, 5, 4, 7, 2)             4/3
    (3, 5, 4, 7, 3)             5/2
    (3, 5, 4, 7, 4)             5/3
    (3, 5, 4, 7, 5)             7/4
    (3, 5, 4, 7, 6)             3/2
    (3, 5, 4, 7, 7)             1/2
    (3, 5, 4, 7, 8)             1
    (3, 5, 4, 7, 9)             2/3
    (3, 5, 4, 7, 10)            1/3
    (3, 5, 4, 7, 11)            3/4
    (3, 5, 4, 7, 12)            5/4
    (3, 5, 4, 7, 13)            2/3
    (3, 5, 4, 7, 14)            1
    (3, 5, 4, 7, 15)            2/3
    (3, 5, 4, 7, 16)            1/3
    (3, 5, 4, 10, 0)            2
    (3, 5, 4, 10, 1)            1
    (3, 5, 4, 10, 2)            2/3
    (3, 5, 4, 10, 3)            2
    (3, 5, 4, 10, 4)            1
    (3, 5, 4, 10, 5)            1
    (3, 5, 4, 10, 6)            1/2
    (3, 5, 4, 10, 7)            1
    (3, 5, 4, 10, 8)            2
    (3, 5, 4, 10, 9)            1/3
    (3, 5, 4, 10, 10)           7/3
    (3, 5, 4, 10, 11)           1
    (3, 5, 4, 10, 12)           2
    (3, 5, 4, 10, 13)           1/2
    (3, 5, 4, 10, 14)           1
    (3, 5, 4, 10, 15)           1/2
    (3, 5, 4, 10, 16)           6/5
    (3, 5, 6, 2, 0)             1
    (3, 5, 6, 2, 1)             5/3
    (3, 5, 6, 2, 2)             1/2
    (3, 5, 6, 2, 3)             1
    (3, 5, 6, 2, 4)             2
    (3, 5, 6, 2, 5)             2
    (3, 5, 6, 2, 6)             1
    (3, 5, 6, 2, 7)             1/3
    (3, 5, 6, 2, 8)             1
    (3, 5, 6, 2, 9)             1
    (3, 5, 6, 2, 10)            4/5
    (3, 5, 6, 2, 11)            1
    (3, 5, 6, 2, 12)            1/2
    (3, 5, 6, 2, 13)            2/3
    (3, 5, 6, 2, 14)            7/3
    (3, 5, 6, 2, 15)            2
    (3, 5, 6, 2, 16)            1/3
    (3, 5, 8, 2, 0)             1/2
    (3, 5, 8, 2, 1)             1/4
    (3, 5, 8, 2, 2)             1
    (3, 5, 8, 2, 3)             1
    (3, 5, 8, 2, 4)             1/3
    (3, 5, 8, 2, 5)             1
    (3, 5, 8, 2, 6)             2/3
    (3, 5, 8, 2, 7)             1/2
    (3, 5, 8, 2, 8)             4/3
    (3, 5, 8, 2, 9)             3/4
    (3, 5, 8, 2, 10)            1/2
    (3, 5, 8, 2, 11)            2/3
    (3, 5, 8, 2, 12)            2/5
    (3, 5, 8, 2, 13)            1
    (3, 5, 8, 2, 14)            1/3
    (3, 5, 8, 2, 15)            1/2
    (3, 5, 8, 2, 16)            2
    (3, 5, 8, 6, 0)             1/2
    (3, 5, 8, 6, 1)             4/3
    (3, 5, 8, 6, 2)             2
    (3, 5, 8, 6, 3)             1/2
    (3, 5, 8, 6, 4)             1/2
    (3, 5, 8, 6, 5)             1/2
    (3, 5, 8, 6, 6)             1
    (3, 5, 8, 6, 7)             2/7
    (3, 5, 8, 6, 8)             2
    (3, 5, 8, 6, 9)             2/3
    (3, 5, 8, 6, 10)            1
    (3, 5, 8, 6, 11)            1/2
    (3, 5, 8, 6, 12)            2
    (3, 5, 8, 6, 13)            3/2
    (3, 5, 8, 6, 14)            1
    (3, 5, 8, 6, 15)            5/2
    (3, 5, 8, 6, 16)            1
    (3, 6, 4, 3, 0)             1/3
    (3, 6, 4, 3, 1)             3/2
    (3, 6, 4, 3, 2)             1/5
    (3, 6, 4, 3, 3)             1/3
    (3, 6, 4, 3, 4)             2
    (3, 6, 4, 3, 5)             3/5
    (3, 6, 4, 3, 6)             4/3
    (3, 6, 4, 3, 7)             1
    (3, 6, 4, 3, 8)             1/2
    (3, 6, 4, 3, 9)             1
    (3, 6, 4, 3, 10)            3/4
    (3, 6, 4, 3, 11)            1/4
    (3, 6, 4, 3, 12)            1/2
    (3, 6, 4, 3, 13)            1/2
    (3, 6, 4, 3, 14)            1
    (3, 6, 4, 3, 15)            1
    (3, 6, 4, 3, 16)            1/2
    (3, 6, 6, 0, 0)             2
    (3, 6, 6, 0, 1)             5/6
    (3, 6, 6, 0, 2)             1
    (3, 6, 6, 0, 3)             1/4
    (3, 6, 6, 0, 4)             2
    (3, 6, 6, 0, 5)             1
    (3, 6, 6, 0, 6)             1/3
    (3, 6, 6, 0, 7)             8/5
    (3, 6, 6, 0, 8)             5/3
    (3, 6, 6, 0, 9)             3/4
    (3, 6, 6, 0, 10)            1
    (3, 6, 6, 0, 11)            2
    (3, 6, 6, 0, 12)            5/6
    (3, 6, 6, 0, 13)            1
    (3, 6, 6, 0, 14)            1/4
    (3, 6, 6, 0, 15)            1/2
    (3, 6, 6, 0, 16)            2
    (3, 6, 6, 9, 0)             3
    (3, 6, 6, 9, 1)             1
    (3, 6, 6, 9, 2)             2
    (3, 6, 6, 9, 3)             2
    (3, 6, 6, 9, 4)             2
    (3, 6, 6, 9, 5)             1
    (3, 6, 6, 9, 6)             2
    (3, 6, 6, 9, 7)             2/3
    (3, 6, 6, 9, 8)             4/3
    (3, 6, 6, 9, 9)             1/2
    (3, 6, 6, 9, 10)            4/3
    (3, 6, 6, 9, 11)            3/2
    (3, 6, 6, 9, 12)            1/2
    (3, 6, 6, 9, 13)            1/5
    (3, 6, 6, 9, 14)            1/5
    (3, 6, 6, 9, 15)            3/2
    (3, 6, 6, 9, 16)            2
    (3, 6, 8, 2, 0)             1
    (3, 6, 8, 2, 1)             2
    (3, 6, 8, 2, 2)             1/2
    (3, 6, 8, 2, 3)             3
    (3, 6, 8, 2, 4)             5/2
    (3, 6, 8, 2, 5)             3/4
    (3, 6, 8, 2, 6)             1/7
    (3, 6, 8, 2, 7)             1
    (3, 6, 8, 2, 8)             3/5
    (3, 6, 8, 2, 9)             2
    (3, 6, 8, 2, 10)            2
    (3, 6, 8, 2, 11)            1/2
    (3, 6, 8, 2, 12)            2/3
    (3, 6, 8, 2, 13)            1/3
    (3, 6, 8, 2, 14)            2
    (3, 6, 8, 2, 15)            3
    (3, 6, 8, 2, 16)            1
    (3, 6, 8, 11, 0)            1/3
    (3, 6, 8, 11, 1)            1
    (3, 6, 8, 11, 2)            2/3
    (3, 6, 8, 11, 3)            2
    (3, 6, 8, 11, 4)            2
    (3, 6, 8, 11, 5)            1/4
    (3, 6, 8, 11, 6)            4/5
    (3, 6, 8, 11, 7)            4/3
    (3, 6, 8, 11, 8)            1/3
    (3, 6, 8, 11, 9)            1
    (3, 6, 8, 11, 10)           5/3
    (3, 6, 8, 11, 11)           1
    (3, 6, 8, 11, 12)           7/4
    (3, 6, 8, 11, 13)           2/5
    (3, 6, 8, 11, 14)           2
    (3, 6, 8, 11, 15)           7/4
    (3, 6, 8, 11, 16)           1
    (3, 6, 10, 8, 0)            1/3
    (3, 6, 10, 8, 1)            3/2
    (3, 6, 10, 8, 2)            1/2
    (3, 6, 10, 8, 3)            1/3
    (3, 6, 10, 8, 4)            1
    (3, 6, 10, 8, 5)            2
    (3, 6, 10, 8, 6)            2
    (3, 6, 10, 8, 7)            1/3
    (3, 6, 10, 8, 8)            3/4
    (3, 6, 10, 8, 9)            1
    (3, 6, 10, 8, 10)           1
    (3, 6, 10, 8, 11)           4/3
    (3, 6, 10, 8, 12)           2
    (3, 6, 10, 8, 13)           2
    (3, 6, 10, 8, 14)           1
    (3, 6, 10, 8, 15)           1/2
    (3, 6, 10, 8, 16)           1
    (4, 0, 0, 9, 0)             1
    (4, 0, 0, 9, 1)             2/3
    (4, 0, 0, 9, 2)             1
    (4, 0, 0, 9, 3)             2
    (4, 0, 0, 9, 4)             1
    (4, 0, 0, 9, 5)             1/2
    (4, 0, 0, 9, 6)             2
    (4, 0, 0, 9, 7)             2
    (4, 0, 0, 9, 8)             1
    (4, 0, 0, 9, 9)             3/4
    (4, 0, 0, 9, 10)            1/4
    (4, 0, 0, 9, 11)            1
    (4, 0, 0, 9, 12)            1
    (4, 0, 0, 9, 13)            3/2
    (4, 0, 0, 9, 14)            2
    (4, 0, 0, 9, 15)            1/2
    (4, 0, 0, 9, 16)            3/4
    (4, 0, 5, 4, 0)             1/2
    (4, 0, 5, 4, 1)             1/3
    (4, 0, 5, 4, 2)             1
    (4, 0, 5, 4, 3)             1/5
    (4, 0, 5, 4, 4)             2/3
    (4, 0, 5, 4, 5)             2
    (4, 0, 5, 4, 6)             1
    (4, 0, 5, 4, 7)             4/3
    (4, 0, 5, 4, 8)             2
    (4, 0, 5, 4, 9)             2
    (4, 0, 5, 4, 10)            1
    (4, 0, 5, 4, 11)            1
    (4, 0, 5, 4, 12)            1/4
    (4, 0, 5, 4, 13)            4/3
    (4, 0, 5, 4, 14)            1
    (4, 0, 5, 4, 15)            1/2
    (4, 0, 5, 4, 16)            1
    (4, 0, 7, 1, 0)             2
    (4, 0, 7, 1, 1)             2
    (4, 0, 7, 1, 2)             2/3
    (4, 0, 7, 1, 3)             1
    (4, 0, 7, 1, 4)             1/2
    (4, 0, 7, 1, 5)             2
    (4, 0, 7, 1, 6)             1
    (4, 0, 7, 1, 7)             1
    (4, 0, 7, 1, 8)             1/2
    (4, 0, 7, 1, 9)             1
    (4, 0, 7, 1, 10)            3/4
    (4, 0, 7, 1, 11)            1
    (4, 0, 7, 1, 12)            2
    (4, 0, 7, 1, 13)            1/4
    (4, 0, 7, 1, 14)            3/2
    (4, 0, 7, 1, 15)            1/4
    (4, 0, 7, 1, 16)            1
    (4, 0, 7, 10, 0)            1
    (4, 0, 7, 10, 1)            2
    (4, 0, 7, 10, 2)            4/3
    (4, 0, 7, 10, 3)            2
    (4, 0, 7, 10, 4)            3/2
    (4, 0, 7, 10, 5)            2
    (4, 0, 7, 10, 6)            7/3
    (4, 0, 7, 10, 7)            2
    (4, 0, 7, 10, 8)            1/5
    (4, 0, 7, 10, 9)            2/3
    (4, 0, 7, 10, 10)           3/2
    (4, 0, 7, 10, 11)           1/2
    (4, 0, 7, 10, 12)           1
    (4, 0, 7, 10, 13)           1
    (4, 0, 7, 10, 14)           4/5
    (4, 0, 7, 10, 15)           1/5
    (4, 0, 7, 10, 16)           3/2
    (4, 0, 9, 3, 0)             1
    (4, 0, 9, 3, 1)             1
    (4, 0, 9, 3, 2)             2
    (4, 0, 9, 3, 3)             2/5
    (4, 0, 9, 3, 4)             3
    (4, 0, 9, 3, 5)             1
    (4, 0, 9, 3, 6)             1
    (4, 0, 9, 3, 7)             1/5
    (4, 0, 9, 3, 8)             1/4
    (4, 0, 9, 3, 9)             3/4
    (4, 0, 9, 3, 10)            2
    (4, 0, 9, 3, 11)            2
    (4, 0, 9, 3, 12)            1
    (4, 0, 9, 3, 13)            1/3
    (4, 0, 9, 3, 14)            1/2
    (4, 0, 9, 3, 15)            2
    (4, 0, 9, 3, 16)            3
    (4, 0, 9, 12, 0)            1
    (4, 0, 9, 12, 1)            1/6
    (4, 0, 9, 12, 2)            5/3
    (4, 0, 9, 12, 3)            1
    (4, 0, 9, 12, 4)            2
    (4, 0, 9, 12, 5)            2
    (4, 0, 9, 12, 6)            1/2
    (4, 0, 9, 12, 7)            4/5
    (4, 0, 9, 12, 8)            4/3
    (4, 0, 9, 12, 9)            1/2
    (4, 0, 9, 12, 10)           1
    (4, 0, 9, 12, 11)           4/3
    (4, 0, 9, 12, 12)           1/3
    (4, 0, 9, 12, 13)           3/2
    (4, 0, 9, 12, 14)           1/2
    (4, 0, 9, 12, 15)           5/3
    (4, 0, 9, 12, 16)           3/2
    (4, 1, 4, 11, 0)            1/3
    (4, 1, 4, 11, 1)            1
    (4, 1, 4, 11, 2)            1/4
    (4, 1, 4, 11, 3)            3/4
    (4, 1, 4, 11, 4)            3/2
    (4, 1, 4, 11, 5)            1/3
    (4, 1, 4, 11, 6)            1
    (4, 1, 4, 11, 7)            6/5
    (4, 1, 4, 11, 8)            1/2
    (4, 1, 4, 11, 9)            5/4
    (4, 1, 4, 11, 10)           2
    (4, 1, 4, 11, 11)           1
    (4, 1, 4, 11, 12)           2
    (4, 1, 4, 11, 13)           1/2
    (4, 1, 4, 11, 14)           2/5
    (4, 1, 4, 11, 15)           2
    (4, 1, 4, 11, 16)           3/2
    (4, 1, 9, 6, 0)             3/2
    (4, 1, 9, 6, 1)             1
    (4, 1, 9, 6, 2)             1
    (4, 1, 9, 6, 3)             1
    (4, 1, 9, 6, 4)             1/4
    (4, 1, 9, 6, 5)             1/4
    (4, 1, 9, 6, 6)             1
    (4, 1, 9, 6, 7)             3/2
    (4, 1, 9, 6, 8)             1/4
    (4, 1, 9, 6, 9)             5/4
    (4, 1, 9, 6, 10)            1/5
    (4, 1, 9, 6, 11)            1/2
    (4, 1, 9, 6, 12)            1/2
    (4, 1, 9, 6, 13)            1/2
    (4, 1, 9, 6, 14)            1/3
    (4, 1, 9, 6, 15)            1
    (4, 1, 9, 6, 16)            1/2
    (4, 2, 0, 12, 0)            2
    (4, 2, 0, 12, 1)            1/2
    (4, 2, 0, 12, 2)            3/4
    (4, 2, 0, 12, 3)            2
    (4, 2, 0, 12, 4)            1/2
    (4, 2, 0, 12, 5)            3/2
    (4, 2, 0, 12, 6)            1
    (4, 2, 0, 12, 7)            1/3
    (4, 2, 0, 12, 8)            1
    (4, 2, 0, 12, 9)            1/2
    (4, 2, 0, 12, 10)           2/3
    (4, 2, 0, 12, 11)           1
    (4, 2, 0, 12, 12)           2/3
    (4, 2, 0, 12, 13)           1/2
    (4, 2, 0, 12, 14)           1
    (4, 2, 0, 12, 15)           1/2
    (4, 2, 0, 12, 16)           1
    (4, 2, 2, 12, 0)            1/2
    (4, 2, 2, 12, 1)            1
    (4, 2, 2, 12, 2)            5/4
    (4, 2, 2, 12, 3)            1/3
    (4, 2, 2, 12, 4)            2
    (4, 2, 2, 12, 5)            2
    (4, 2, 2, 12, 6)            3/2
    (4, 2, 2, 12, 7)            5/3
    (4, 2, 2, 12, 8)            1/2
    (4, 2, 2, 12, 9)            1/3
    (4, 2, 2, 12, 10)           1
    (4, 2, 2, 12, 11)           1
    (4, 2, 2, 12, 12)           1
    (4, 2, 2, 12, 13)           2/3
    (4, 2, 2, 12, 14)           1/2
    (4, 2, 2, 12, 15)           1
    (4, 2, 2, 12, 16)           1
    (4, 2, 4, 12, 0)            1
    (4, 2, 4, 12, 1)            1/4
    (4, 2, 4, 12, 2)            1/4
    (4, 2, 4, 12, 3)            1
    (4, 2, 4, 12, 4)            1/3
    (4, 2, 4, 12, 5)            1/2
    (4, 2, 4, 12, 6)            1/2
    (4, 2, 4, 12, 7)            1/3
    (4, 2, 4, 12, 8)            1/3
    (4, 2, 4, 12, 9)            1/3
    (4, 2, 4, 12, 10)           2
    (4, 2, 4, 12, 11)           1/2
    (4, 2, 4, 12, 12)           1/2
    (4, 2, 4, 12, 13)           1
    (4, 2, 4, 12, 14)           2
    (4, 2, 4, 12, 15)           1
    (4, 2, 4, 12, 16)           1/2
    (4, 2, 8, 4, 0)             1/2
    (4, 2, 8, 4, 1)             1/2
    (4, 2, 8, 4, 2)             1/2
    (4, 2, 8, 4, 3)             1/4
    (4, 2, 8, 4, 4)             3/2
    (4, 2, 8, 4, 5)             3/2
    (4, 2, 8, 4, 6)             5/4
    (4, 2, 8, 4, 7)             1
    (4, 2, 8, 4, 8)             1
    (4, 2, 8, 4, 9)             1/2
    (4, 2, 8, 4, 10)            1/2
    (4, 2, 8, 4, 11)            1
    (4, 2, 8, 4, 12)            2/3
    (4, 2, 8, 4, 13)            1
    (4, 2, 8, 4, 14)            3/5
    (4, 2, 8, 4, 15)            1/5
    (4, 2, 8, 4, 16)            1/3
    (4, 3, 4, 1, 0)             1/2
    (4, 3, 4, 1, 1)             2
    (4, 3, 4, 1, 2)             1
    (4, 3, 4, 1, 3)             4/3
    (4, 3, 4, 1, 4)             1
    (4, 3, 4, 1, 5)             1
    (4, 3, 4, 1, 6)             3/4
    (4, 3, 4, 1, 7)             7/4
    (4, 3, 4, 1, 8)             2
    (4, 3, 4, 1, 9)             2/3
    (4, 3, 4, 1, 10)            3/4
    (4, 3, 4, 1, 11)            3/4
    (4, 3, 4, 1, 12)            3/2
    (4, 3, 4, 1, 13)            1
    (4, 3, 4, 1, 14)            1/3
    (4, 3, 4, 1, 15)            2
    (4, 3, 4, 1, 16)            1/2
    (4, 3, 8, 0, 0)             1/5
    (4, 3, 8, 0, 1)             4/5
    (4, 3, 8, 0, 2)             1/2
    (4, 3, 8, 0, 3)             1
    (4, 3, 8, 0, 4)             1/2
    (4, 3, 8, 0, 5)             3/2
    (4, 3, 8, 0, 6)             1/3
    (4, 3, 8, 0, 7)             2/5
    (4, 3, 8, 0, 8)             2
    (4, 3, 8, 0, 9)             1/2
    (4, 3, 8, 0, 10)            2
    (4, 3, 8, 0, 11)            3/2
    (4, 3, 8, 0, 12)            2
    (4, 3, 8, 0, 13)            4/3
    (4, 3, 8, 0, 14)            3
    (4, 3, 8, 0, 15)            2
    (4, 3, 8, 0, 16)            3/2
    (4, 3, 8, 9, 0)             1/4
    (4, 3, 8, 9, 1)             1/2
    (4, 3, 8, 9, 2)             1/4
    (4, 3, 8, 9, 3)             2
    (4, 3, 8, 9, 4)             1
    (4, 3, 8, 9, 5)             3/4
    (4, 3, 8, 9, 6)             4/3
    (4, 3, 8, 9, 7)             1/2
    (4, 3, 8, 9, 8)             1/3
    (4, 3, 8, 9, 9)             1
    (4, 3, 8, 9, 10)            2
    (4, 3, 8, 9, 11)            1/2
    (4, 3, 8, 9, 12)            1
    (4, 3, 8, 9, 13)            2/3
    (4, 3, 8, 9, 14)            2
    (4, 3, 8, 9, 15)            2
    (4, 3, 8, 9, 16)            1/2
    (4, 4, 1, 8, 0)             1/3
    (4, 4, 1, 8, 1)             1
    (4, 4, 1, 8, 2)             1/2
    (4, 4, 1, 8, 3)             1/4
    (4, 4, 1, 8, 4)             1
    (4, 4, 1, 8, 5)             1/2
    (4, 4, 1, 8, 6)             1
    (4, 4, 1, 8, 7)             2
    (4, 4, 1, 8, 8)             2
    (4, 4, 1, 8, 9)             3/4
    (4, 4, 1, 8, 10)            3/2
    (4, 4, 1, 8, 11)            2/3
    (4, 4, 1, 8, 12)            1
    (4, 4, 1, 8, 13)            1
    (4, 4, 1, 8, 14)            1
    (4, 4, 1, 8, 15)            5/2
    (4, 4, 1, 8, 16)            5/6
    (4, 4, 1, 12, 0)            3/2
    (4, 4, 1, 12, 1)            1/2
    (4, 4, 1, 12, 2)            1
    (4, 4, 1, 12, 3)            1/3
    (4, 4, 1, 12, 4)            1/3
    (4, 4, 1, 12, 5)            1/3
    (4, 4, 1, 12, 6)            2
    (4, 4, 1, 12, 7)            3/2
    (4, 4, 1, 12, 8)            1/3
    (4, 4, 1, 12, 9)            4/3
    (4, 4, 1, 12, 10)           4/3
    (4, 4, 1, 12, 11)           1/3
    (4, 4, 1, 12, 12)           1/3
    (4, 4, 1, 12, 13)           1
    (4, 4, 1, 12, 14)           1/2
    (4, 4, 1, 12, 15)           1/2
    (4, 4, 1, 12, 16)           1/4
    (4, 4, 3, 12, 0)            4/3
    (4, 4, 3, 12, 1)            1
    (4, 4, 3, 12, 2)            1/3
    (4, 4, 3, 12, 3)            1/3
    (4, 4, 3, 12, 4)            3/2
    (4, 4, 3, 12, 5)            1
    (4, 4, 3, 12, 6)            1/2
    (4, 4, 3, 12, 7)            1/3
    (4, 4, 3, 12, 8)            1
    (4, 4, 3, 12, 9)            1/4
    (4, 4, 3, 12, 10)           1
    (4, 4, 3, 12, 11)           1/3
    (4, 4, 3, 12, 12)           1/5
    (4, 4, 3, 12, 13)           2/5
    (4, 4, 3, 12, 14)           1/4
    (4, 4, 3, 12, 15)           5/3
    (4, 4, 3, 12, 16)           1
    (4, 4, 6, 3, 0)             1
    (4, 4, 6, 3, 1)             1/2
    (4, 4, 6, 3, 2)             2
    (4, 4, 6, 3, 3)             1
    (4, 4, 6, 3, 4)             2/3
    (4, 4, 6, 3, 5)             1
    (4, 4, 6, 3, 6)             3/2
    (4, 4, 6, 3, 7)             1/10
    (4, 4, 6, 3, 8)             1/4
    (4, 4, 6, 3, 9)             1/3
    (4, 4, 6, 3, 10)            1/4
    (4, 4, 6, 3, 11)            1
    (4, 4, 6, 3, 12)            8/5
    (4, 4, 6, 3, 13)            1
    (4, 4, 6, 3, 14)            3/2
    (4, 4, 6, 3, 15)            1/2
    (4, 4, 6, 3, 16)            3/5
    (4, 4, 6, 7, 0)             1/3
    (4, 4, 6, 7, 1)             1/2
    (4, 4, 6, 7, 2)             1
    (4, 4, 6, 7, 3)             1
    (4, 4, 6, 7, 4)             3/4
    (4, 4, 6, 7, 5)             1/3
    (4, 4, 6, 7, 6)             2
    (4, 4, 6, 7, 7)             2/5
    (4, 4, 6, 7, 8)             1
    (4, 4, 6, 7, 9)             2/3
    (4, 4, 6, 7, 10)            1/3
    (4, 4, 6, 7, 11)            1/2
    (4, 4, 6, 7, 12)            1/3
    (4, 4, 6, 7, 13)            1/4
    (4, 4, 6, 7, 14)            2/5
    (4, 4, 6, 7, 15)            1
    (4, 4, 6, 7, 16)            1
    (4, 4, 8, 7, 0)             1/2
    (4, 4, 8, 7, 1)             1/2
    (4, 4, 8, 7, 2)             1
    (4, 4, 8, 7, 3)             1/2
    (4, 4, 8, 7, 4)             1/2
    (4, 4, 8, 7, 5)             1
    (4, 4, 8, 7, 6)             1
    (4, 4, 8, 7, 7)             1
    (4, 4, 8, 7, 8)             1
    (4, 4, 8, 7, 9)             2/3
    (4, 4, 8, 7, 10)            2
    (4, 4, 8, 7, 11)            1
    (4, 4, 8, 7, 12)            2/3
    (4, 4, 8, 7, 13)            5/3
    (4, 4, 8, 7, 14)            1/2
    (4, 4, 8, 7, 15)            3/5
    (4, 4, 8, 7, 16)            2
    (4, 4, 10, 0, 0)            1/3
    (4, 4, 10, 0, 1)            1
    (4, 4, 10, 0, 2)            1
    (4, 4, 10, 0, 3)            2
    (4, 4, 10, 0, 4)            1
    (4, 4, 10, 0, 5)            1/5
    (4, 4, 10, 0, 6)            1/2
    (4, 4, 10, 0, 7)            1
    (4, 4, 10, 0, 8)            1/3
    (4, 4, 10, 0, 9)            2
    (4, 4, 10, 0, 10)           1
    (4, 4, 10, 0, 11)           1
    (4, 4, 10, 0, 12)           1
    (4, 4, 10, 0, 13)           3/2
    (4, 4, 10, 0, 14)           6/5
    (4, 4, 10, 0, 15)           3/2
    (4, 4, 10, 0, 16)           1
    (4, 4, 10, 2, 0)            2
    (4, 4, 10, 2, 1)            1
    (4, 4, 10, 2, 2)            1/4
    (4, 4, 10, 2, 3)            1
    (4, 4, 10, 2, 4)            2/3
    (4, 4, 10, 2, 5)            3/2
    (4, 4, 10, 2, 6)            1/2
    (4, 4, 10, 2, 7)            1/2
    (4, 4, 10, 2, 8)            3/5
    (4, 4, 10, 2, 9)            1/3
    (4, 4, 10, 2, 10)           2/3
    (4, 4, 10, 2, 11)           1
    (4, 4, 10, 2, 12)           3/5
    (4, 4, 10, 2, 13)           1/2
    (4, 4, 10, 2, 14)           3/11
    (4, 4, 10, 2, 15)           4/5
    (4, 4, 10, 2, 16)           4/5
    (4, 4, 10, 3, 0)            1
    (4, 4, 10, 3, 1)            1
    (4, 4, 10, 3, 2)            1
    (4, 4, 10, 3, 3)            1/2
    (4, 4, 10, 3, 4)            1/3
    (4, 4, 10, 3, 5)            2/3
    (4, 4, 10, 3, 6)            1
    (4, 4, 10, 3, 7)            1
    (4, 4, 10, 3, 8)            1/2
    (4, 4, 10, 3, 9)            3/2
    (4, 4, 10, 3, 10)           3/2
    (4, 4, 10, 3, 11)           1/2
    (4, 4, 10, 3, 12)           5/3
    (4, 4, 10, 3, 13)           1/5
    (4, 4, 10, 3, 14)           1/2
    (4, 4, 10, 3, 15)           1/4
    (4, 4, 10, 3, 16)           1/3
    (4, 4, 10, 6, 0)            2
    (4, 4, 10, 6, 1)            1
    (4, 4, 10, 6, 2)            2
    (4, 4, 10, 6, 3)            1/3
    (4, 4, 10, 6, 4)            2/5
    (4, 4, 10, 6, 5)            2
    (4, 4, 10, 6, 6)            1
    (4, 4, 10, 6, 7)            3/2
    (4, 4, 10, 6, 8)            2
    (4, 4, 10, 6, 9)            3/2
    (4, 4, 10, 6, 10)           1/2
    (4, 4, 10, 6, 11)           3
    (4, 4, 10, 6, 12)           1/3
    (4, 4, 10, 6, 13)           1
    (4, 4, 10, 6, 14)           1/6
    (4, 4, 10, 6, 15)           1/2
    (4, 4, 10, 6, 16)           2/3
    (4, 4, 10, 7, 0)            3/5
    (4, 4, 10, 7, 1)            1
    (4, 4, 10, 7, 2)            1/4
    (4, 4, 10, 7, 3)            5/4
    (4, 4, 10, 7, 4)            1
    (4, 4, 10, 7, 5)            3/2
    (4, 4, 10, 7, 6)            2
    (4, 4, 10, 7, 7)            1
    (4, 4, 10, 7, 8)            1/3
    (4, 4, 10, 7, 9)            1
    (4, 4, 10, 7, 10)           1/3
    (4, 4, 10, 7, 11)           3/4
    (4, 4, 10, 7, 12)           1/2
    (4, 4, 10, 7, 13)           1/4
    (4, 4, 10, 7, 14)           1/2
    (4, 4, 10, 7, 15)           1/5
    (4, 4, 10, 7, 16)           1/4
    (4, 4, 10, 8, 0)            1/3
    (4, 4, 10, 8, 1)            1
    (4, 4, 10, 8, 2)            1
    (4, 4, 10, 8, 3)            1/4
    (4, 4, 10, 8, 4)            2/3
    (4, 4, 10, 8, 5)            1/2
    (4, 4, 10, 8, 6)            1/4
    (4, 4, 10, 8, 7)            1/5
    (4, 4, 10, 8, 8)            1/2
    (4, 4, 10, 8, 9)            1/2
    (4, 4, 10, 8, 10)           1
    (4, 4, 10, 8, 11)           3/2
    (4, 4, 10, 8, 12)           1
    (4, 4, 10, 8, 13)           1/4
    (4, 4, 10, 8, 14)           3/2
    (4, 4, 10, 8, 15)           1
    (4, 4, 10, 8, 16)           1/2
    (4, 4, 10, 9, 0)            1/3
    (4, 4, 10, 9, 1)            2
    (4, 4, 10, 9, 2)            1
    (4, 4, 10, 9, 3)            1
    (4, 4, 10, 9, 4)            1/3
    (4, 4, 10, 9, 5)            4/3
    (4, 4, 10, 9, 6)            1/8
    (4, 4, 10, 9, 7)            2
    (4, 4, 10, 9, 8)            1
    (4, 4, 10, 9, 9)            2
    (4, 4, 10, 9, 10)           1/4
    (4, 4, 10, 9, 11)           3/2
    (4, 4, 10, 9, 12)           1
    (4, 4, 10, 9, 13)           1/2
    (4, 4, 10, 9, 14)           3/2
    (4, 4, 10, 9, 15)           2
    (4, 4, 10, 9, 16)           1/4
    (4, 4, 10, 12, 0)           1/2
    (4, 4, 10, 12, 1)           2
    (4, 4, 10, 12, 2)           1
    (4, 4, 10, 12, 3)           2
    (4, 4, 10, 12, 4)           1
    (4, 4, 10, 12, 5)           3/2
    (4, 4, 10, 12, 6)           2/3
    (4, 4, 10, 12, 7)           1
    (4, 4, 10, 12, 8)           1
    (4, 4, 10, 12, 9)           3/2
    (4, 4, 10, 12, 10)          1
    (4, 4, 10, 12, 11)          3/2
    (4, 4, 10, 12, 12)          1/5
    (4, 4, 10, 12, 13)          1/4
    (4, 4, 10, 12, 14)          1/2
    (4, 4, 10, 12, 15)          1/3
    (4, 4, 10, 12, 16)          1/2
    (4, 5, 1, 2, 0)             3/2
    (4, 5, 1, 2, 1)             2
    (4, 5, 1, 2, 2)             1/4
    (4, 5, 1, 2, 3)             1/2
    (4, 5, 1, 2, 4)             3/2
    (4, 5, 1, 2, 5)             1/2
    (4, 5, 1, 2, 6)             1
    (4, 5, 1, 2, 7)             1/2
    (4, 5, 1, 2, 8)             2/3
    (4, 5, 1, 2, 9)             1
    (4, 5, 1, 2, 10)            1
    (4, 5, 1, 2, 11)            1/2
    (4, 5, 1, 2, 12)            2
    (4, 5, 1, 2, 13)            1
    (4, 5, 1, 2, 14)            1
    (4, 5, 1, 2, 15)            1/3
    (4, 5, 1, 2, 16)            1/2
    (4, 5, 3, 8, 0)             2/3
    (4, 5, 3, 8, 1)             1
    (4, 5, 3, 8, 2)             4/5
    (4, 5, 3, 8, 3)             2
    (4, 5, 3, 8, 4)             1
    (4, 5, 3, 8, 5)             1
    (4, 5, 3, 8, 6)             1
    (4, 5, 3, 8, 7)             1
    (4, 5, 3, 8, 8)             4/5
    (4, 5, 3, 8, 9)             1
    (4, 5, 3, 8, 10)            1
    (4, 5, 3, 8, 11)            1
    (4, 5, 3, 8, 12)            3/8
    (4, 5, 3, 8, 13)            1/4
    (4, 5, 3, 8, 14)            2/3
    (4, 5, 3, 8, 15)            1
    (4, 5, 3, 8, 16)            1/2
    (4, 6, 1, 11, 0)            2/3
    (4, 6, 1, 11, 1)            1/3
    (4, 6, 1, 11, 2)            3/4
    (4, 6, 1, 11, 3)            1/2
    (4, 6, 1, 11, 4)            1/3
    (4, 6, 1, 11, 5)            1/3
    (4, 6, 1, 11, 6)            1/2
    (4, 6, 1, 11, 7)            1/3
    (4, 6, 1, 11, 8)            1
    (4, 6, 1, 11, 9)            1/2
    (4, 6, 1, 11, 10)           2
    (4, 6, 1, 11, 11)           6/5
    (4, 6, 1, 11, 12)           6/5
    (4, 6, 1, 11, 13)           1
    (4, 6, 1, 11, 14)           1/2
    (4, 6, 1, 11, 15)           1/2
    (4, 6, 1, 11, 16)           1
    (4, 6, 1, 12, 0)            2
    (4, 6, 1, 12, 1)            1
    (4, 6, 1, 12, 2)            4/3
    (4, 6, 1, 12, 3)            6/5
    (4, 6, 1, 12, 4)            3/2
    (4, 6, 1, 12, 5)            1/5
    (4, 6, 1, 12, 6)            1/2
    (4, 6, 1, 12, 7)            1
    (4, 6, 1, 12, 8)            1/2
    (4, 6, 1, 12, 9)            1/7
    (4, 6, 1, 12, 10)           2
    (4, 6, 1, 12, 11)           1
    (4, 6, 1, 12, 12)           1/3
    (4, 6, 1, 12, 13)           2/3
    (4, 6, 1, 12, 14)           1/2
    (4, 6, 1, 12, 15)           1/2
    (4, 6, 1, 12, 16)           1/3
    (4, 6, 5, 1, 0)             2
    (4, 6, 5, 1, 1)             1
    (4, 6, 5, 1, 2)             1
    (4, 6, 5, 1, 3)             3/2
    (4, 6, 5, 1, 4)             5/2
    (4, 6, 5, 1, 5)             2/3
    (4, 6, 5, 1, 6)             1
    (4, 6, 5, 1, 7)             1
    (4, 6, 5, 1, 8)             1
    (4, 6, 5, 1, 9)             1/5
    (4, 6, 5, 1, 10)            3/4
    (4, 6, 5, 1, 11)            3/2
    (4, 6, 5, 1, 12)            2
    (4, 6, 5, 1, 13)            1
    (4, 6, 5, 1, 14)            1/3
    (4, 6, 5, 1, 15)            1/3
    (4, 6, 5, 1, 16)            1/2
    (4, 6, 5, 2, 0)             2/3
    (4, 6, 5, 2, 1)             2
    (4, 6, 5, 2, 2)             2/3
    (4, 6, 5, 2, 3)             3/4
    (4, 6, 5, 2, 4)             1
    (4, 6, 5, 2, 5)             1
    (4, 6, 5, 2, 6)             1/3
    (4, 6, 5, 2, 7)             2
    (4, 6, 5, 2, 8)             1/4
    (4, 6, 5, 2, 9)             1
    (4, 6, 5, 2, 10)            2/3
    (4, 6, 5, 2, 11)            1/3
    (4, 6, 5, 2, 12)            1/4
    (4, 6, 5, 2, 13)            1
    (4, 6, 5, 2, 14)            1
    (4, 6, 5, 2, 15)            1/3
    (4, 6, 5, 2, 16)            1/2
    (4, 6, 5, 3, 0)             3/4
    (4, 6, 5, 3, 1)             1/3
    (4, 6, 5, 3, 2)             1/3
    (4, 6, 5, 3, 3)             1/3
    (4, 6, 5, 3, 4)             1/5
    (4, 6, 5, 3, 5)             1/2
    (4, 6, 5, 3, 6)             2
    (4, 6, 5, 3, 7)             1
    (4, 6, 5, 3, 8)             1/3
    (4, 6, 5, 3, 9)             2
    (4, 6, 5, 3, 10)            5/3
    (4, 6, 5, 3, 11)            2/3
    (4, 6, 5, 3, 12)            1/2
    (4, 6, 5, 3, 13)            1/4
    (4, 6, 5, 3, 14)            1/2
    (4, 6, 5, 3, 15)            1/2
    (4, 6, 5, 3, 16)            1/3
    (4, 6, 5, 4, 0)             2/3
    (4, 6, 5, 4, 1)             1/2
    (4, 6, 5, 4, 2)             1
    (4, 6, 5, 4, 3)             1/2
    (4, 6, 5, 4, 4)             2
    (4, 6, 5, 4, 5)             1/3
    (4, 6, 5, 4, 6)             1/2
    (4, 6, 5, 4, 7)             1/2
    (4, 6, 5, 4, 8)             1
    (4, 6, 5, 4, 9)             1/3
    (4, 6, 5, 4, 10)            5/3
    (4, 6, 5, 4, 11)            1
    (4, 6, 5, 4, 12)            1
    (4, 6, 5, 4, 13)            2
    (4, 6, 5, 4, 14)            1/3
    (4, 6, 5, 4, 15)            5/2
    (4, 6, 5, 4, 16)            3/4
    (4, 6, 5, 7, 0)             1/4
    (4, 6, 5, 7, 1)             1/4
    (4, 6, 5, 7, 2)             1
    (4, 6, 5, 7, 3)             1/3
    (4, 6, 5, 7, 4)             5/4
    (4, 6, 5, 7, 5)             1/2
    (4, 6, 5, 7, 6)             1
    (4, 6, 5, 7, 7)             1
    (4, 6, 5, 7, 8)             1/4
    (4, 6, 5, 7, 9)             1/2
    (4, 6, 5, 7, 10)            2/3
    (4, 6, 5, 7, 11)            2/3
    (4, 6, 5, 7, 12)            1/2
    (4, 6, 5, 7, 13)            1
    (4, 6, 5, 7, 14)            1
    (4, 6, 5, 7, 15)            2
    (4, 6, 5, 7, 16)            4/5
    (4, 6, 5, 8, 0)             1/2
    (4, 6, 5, 8, 1)             2/3
    (4, 6, 5, 8, 2)             1
    (4, 6, 5, 8, 3)             1/2
    (4, 6, 5, 8, 4)             5/2
    (4, 6, 5, 8, 5)             1/2
    (4, 6, 5, 8, 6)             1/2
    (4, 6, 5, 8, 7)             2/3
    (4, 6, 5, 8, 8)             1/2
    (4, 6, 5, 8, 9)             1
    (4, 6, 5, 8, 10)            1/5
    (4, 6, 5, 8, 11)            3/2
    (4, 6, 5, 8, 12)            1/4
    (4, 6, 5, 8, 13)            1/4
    (4, 6, 5, 8, 14)            3/2
    (4, 6, 5, 8, 15)            1
    (4, 6, 5, 8, 16)            1/4
    (4, 6, 5, 10, 0)            2/5
    (4, 6, 5, 10, 1)            1
    (4, 6, 5, 10, 2)            3/2
    (4, 6, 5, 10, 3)            1/2
    (4, 6, 5, 10, 4)            3/4
    (4, 6, 5, 10, 5)            1
    (4, 6, 5, 10, 6)            2
    (4, 6, 5, 10, 7)            1
    (4, 6, 5, 10, 8)            1
    (4, 6, 5, 10, 9)            4/3
    (4, 6, 5, 10, 10)           1/5
    (4, 6, 5, 10, 11)           1
    (4, 6, 5, 10, 12)           2
    (4, 6, 5, 10, 13)           1
    (4, 6, 5, 10, 14)           1/3
    (4, 6, 5, 10, 15)           2
    (4, 6, 5, 10, 16)           1/2
    (4, 6, 5, 11, 0)            1/4
    (4, 6, 5, 11, 1)            2
    (4, 6, 5, 11, 2)            1/7
    (4, 6, 5, 11, 3)            1
    (4, 6, 5, 11, 4)            2
    (4, 6, 5, 11, 5)            1
    (4, 6, 5, 11, 6)            1
    (4, 6, 5, 11, 7)            1/2
    (4, 6, 5, 11, 8)            3/5
    (4, 6, 5, 11, 9)            1
    (4, 6, 5, 11, 10)           1/2
    (4, 6, 5, 11, 11)           1
    (4, 6, 5, 11, 12)           1
    (4, 6, 5, 11, 13)           1
    (4, 6, 5, 11, 14)           4/5
    (4, 6, 5, 11, 15)           1
    (4, 6, 5, 11, 16)           1/2
    (4, 6, 7, 3, 0)             1/2
    (4, 6, 7, 3, 1)             1
    (4, 6, 7, 3, 2)             5/3
    (4, 6, 7, 3, 3)             1
    (4, 6, 7, 3, 4)             3/2
    (4, 6, 7, 3, 5)             2
    (4, 6, 7, 3, 6)             2
    (4, 6, 7, 3, 7)             2/3
    (4, 6, 7, 3, 8)             1/3
    (4, 6, 7, 3, 9)             4/3
    (4, 6, 7, 3, 10)            1
    (4, 6, 7, 3, 11)            3/5
    (4, 6, 7, 3, 12)            1
    (4, 6, 7, 3, 13)            1
    (4, 6, 7, 3, 14)            1/3
    (4, 6, 7, 3, 15)            1
    (4, 6, 7, 3, 16)            2
    (4, 6, 9, 3, 0)             1/2
    (4, 6, 9, 3, 1)             2/5
    (4, 6, 9, 3, 2)             3/4
    (4, 6, 9, 3, 3)             1
    (4, 6, 9, 3, 4)             1
    (4, 6, 9, 3, 5)             3/4
    (4, 6, 9, 3, 6)             1
    (4, 6, 9, 3, 7)             1/2
    (4, 6, 9, 3, 8)             1/2
    (4, 6, 9, 3, 9)             4/3
    (4, 6, 9, 3, 10)            5/4
    (4, 6, 9, 3, 11)            1
    (4, 6, 9, 3, 12)            1
    (4, 6, 9, 3, 13)            4/5
    (4, 6, 9, 3, 14)            1
    (4, 6, 9, 3, 15)            1/3
    (4, 6, 9, 3, 16)            1/2
    (4, 6, 9, 6, 0)             7/4
    (4, 6, 9, 6, 1)             1/2
    (4, 6, 9, 6, 2)             2
    (4, 6, 9, 6, 3)             2
    (4, 6, 9, 6, 4)             1/3
    (4, 6, 9, 6, 5)             9/5
    (4, 6, 9, 6, 6)             1
    (4, 6, 9, 6, 7)             3
    (4, 6, 9, 6, 8)             3/4
    (4, 6, 9, 6, 9)             1/3
    (4, 6, 9, 6, 10)            5/6
    (4, 6, 9, 6, 11)            1
    (4, 6, 9, 6, 12)            1/4
    (4, 6, 9, 6, 13)            1
    (4, 6, 9, 6, 14)            2/3
    (4, 6, 9, 6, 15)            1
    (4, 6, 9, 6, 16)            4/3
    (4, 6, 9, 7, 0)             5/4
    (4, 6, 9, 7, 1)             2
    (4, 6, 9, 7, 2)             3/4
    (4, 6, 9, 7, 3)             1
    (4, 6, 9, 7, 4)             1/4
    (4, 6, 9, 7, 5)             1
    (4, 6, 9, 7, 6)             2/3
    (4, 6, 9, 7, 7)             1/3
    (4, 6, 9, 7, 8)             1/11
    (4, 6, 9, 7, 9)             1
    (4, 6, 9, 7, 10)            2/3
    (4, 6, 9, 7, 11)            1
    (4, 6, 9, 7, 12)            1/2
    (4, 6, 9, 7, 13)            2
    (4, 6, 9, 7, 14)            3/4
    (4, 6, 9, 7, 15)            1
    (4, 6, 9, 7, 16)            5/4

